Column1.taxCode,Column1.description,Column1.parentTaxCode,Column1.isPhysical,Column1.isActive
PA020100,Agricultural-commercial use-Machinery and Equipment,PA020000,VERDADEIRO,VERDADEIRO
PB100000,Books / Manuals,P0000000,VERDADEIRO,VERDADEIRO
PB100100,educational,PB100000,VERDADEIRO,FALSO
PB100200,Books / Manuals-other,PB100000,VERDADEIRO,VERDADEIRO
PC020000,Child Car Seats & Restraints,P0000000,VERDADEIRO,VERDADEIRO
PC030100,Clothing And Related Products (Business-To-Business)-general,PC030000,VERDADEIRO,VERDADEIRO
PC030101,Clothing And Related Products (Business-To-Business)-Aprons - household ,PC030100,VERDADEIRO,VERDADEIRO
PC030103,Clothing And Related Products (Business-To-Business)-Athletic supporters,PC030100,VERDADEIRO,VERDADEIRO
PC030105,Clothing And Related Products (Business-To-Business)-Bandanas,PC030100,VERDADEIRO,VERDADEIRO
PC030106,Clothing And Related Products (Business-To-Business)-Bathing suits and caps,PC030100,VERDADEIRO,VERDADEIRO
PC030108,Clothing And Related Products (Business-To-Business)-Belts and suspenders,PC030100,VERDADEIRO,VERDADEIRO
PC030109,Clothing And Related Products (Business-To-Business)-Bibs,PC030100,VERDADEIRO,VERDADEIRO
PC030110,Clothing And Related Products (Business-To-Business)-Boots,PC030100,VERDADEIRO,VERDADEIRO
PC030111,Clothing And Related Products (Business-To-Business)-Coats and jackets,PC030110,VERDADEIRO,VERDADEIRO
PC030113,Clothing And Related Products (Business-To-Business)-Coveralls,PC030110,VERDADEIRO,VERDADEIRO
PC030115,Clothing And Related Products (Business-To-Business)-Dress shields,PC030110,VERDADEIRO,VERDADEIRO
PC030116,Clothing And Related Products (Business-To-Business)-Ear muffs,PC030110,VERDADEIRO,VERDADEIRO
PC030117,Clothing And Related Products (Business-To-Business)-Foot lets,PC030110,VERDADEIRO,VERDADEIRO
PC030118,Clothing And Related Products (Business-To-Business)-Formal wear (not rented),PC030110,VERDADEIRO,VERDADEIRO
PC030119,Clothing And Related Products (Business-To-Business)-Galoshes,PC030110,VERDADEIRO,VERDADEIRO
PC030120,Clothing And Related Products (Business-To-Business)-Garters and garter belts,PC030100,VERDADEIRO,VERDADEIRO
PC030121,Clothing And Related Products (Business-To-Business)-Girdles,PC030120,VERDADEIRO,VERDADEIRO
PC030122,Clothing And Related Products (Business-To-Business)-Gloves for general use - cloth,PC030120,VERDADEIRO,VERDADEIRO
PC030123,Clothing And Related Products (Business-To-Business)-Gloves for general use - leather,PC030120,VERDADEIRO,VERDADEIRO
PC030124,Clothing And Related Products (Business-To-Business)-Gloves for general use - kid,PC030120,VERDADEIRO,VERDADEIRO
PC030125,Clothing And Related Products (Business-To-Business)-Gloves for general use - sheepskin,PC030120,VERDADEIRO,VERDADEIRO
PC030126,Clothing And Related Products (Business-To-Business)-Gloves for general use - fur,PC030120,VERDADEIRO,VERDADEIRO
PC030127,Clothing And Related Products (Business-To-Business)-Gloves for general use - rubber,PC030120,VERDADEIRO,VERDADEIRO
PC030128,Clothing And Related Products (Business-To-Business)-Golf clothing,PC030120,VERDADEIRO,VERDADEIRO
PC030129,Clothing And Related Products (Business-To-Business)-Hats and caps,PC030120,VERDADEIRO,VERDADEIRO
PC030130,Clothing And Related Products (Business-To-Business)-Hosiery,PC030100,VERDADEIRO,VERDADEIRO
PC030131,Clothing And Related Products (Business-To-Business)-Insoles for shoes,PC030130,VERDADEIRO,VERDADEIRO
PC030133,Clothing And Related Products (Business-To-Business)-Leather wearing apparel,PC030130,VERDADEIRO,VERDADEIRO
PC030134,Clothing And Related Products (Business-To-Business)-Neckties,PC030130,VERDADEIRO,VERDADEIRO
PC030135,Clothing And Related Products (Business-To-Business)-Nightgowns,PC030130,VERDADEIRO,VERDADEIRO
PC030200,Clothing And Related Products (Business-To-Business)-accessories or equipment,PC030000,VERDADEIRO,VERDADEIRO
PC030201,Clothing And Related Products (Business-To-Business)-Briefcases,PC030200,VERDADEIRO,VERDADEIRO
PC030202,Clothing And Related Products (Business-To-Business)-Cosmetics,PC030200,VERDADEIRO,VERDADEIRO
PC030203,"Hair notions, including, but not limited to barrettes, hair Clothing And Related Products (Business-To-Business)-bows, and hair nets",PC030200,VERDADEIRO,VERDADEIRO
PC030204,Clothing And Related Products (Business-To-Business)-Handbags,PC030200,VERDADEIRO,VERDADEIRO
PC030205,Clothing And Related Products (Business-To-Business)-Handkerchiefs,PC030200,VERDADEIRO,VERDADEIRO
PC030206,Clothing And Related Products (Business-To-Business)-Jewelry,PC030200,VERDADEIRO,VERDADEIRO
PC030207,"Clothing And Related Products (Business-To-Business)-Sunglasses, non-prescription",PC030200,VERDADEIRO,VERDADEIRO
PC030208,Clothing And Related Products (Business-To-Business)-Umbrellas,PC030200,VERDADEIRO,VERDADEIRO
PC030209,Clothing And Related Products (Business-To-Business)-Wallets,PC030200,VERDADEIRO,VERDADEIRO
PC030210,Clothing And Related Products (Business-To-Business)-Watches,PC030200,VERDADEIRO,VERDADEIRO
PC030300,Clothing And Related Products (Business-To-Business)-protective equipment,PC030000,VERDADEIRO,VERDADEIRO
PC030301,Clothing And Related Products (Business-To-Business)-Breathing masks,PC030300,VERDADEIRO,VERDADEIRO
PC030302,Clothing And Related Products (Business-To-Business)-Clean room apparel and equipment,PC030300,VERDADEIRO,VERDADEIRO
PC030303,Clothing And Related Products (Business-To-Business)-Ear and hearing protectors,PC030300,VERDADEIRO,VERDADEIRO
PC030304,Clothing And Related Products (Business-To-Business)-Face shields,PC030300,VERDADEIRO,VERDADEIRO
PC030305,Clothing And Related Products (Business-To-Business)-Hard hats,PC030300,VERDADEIRO,VERDADEIRO
PC030306,Clothing And Related Products (Business-To-Business)-Helmets (athletic),PC030300,VERDADEIRO,VERDADEIRO
PC030307,Clothing And Related Products (Business-To-Business)-Helmets (bicycle),PC030300,VERDADEIRO,VERDADEIRO
PC030308,Clothing And Related Products (Business-To-Business)-Helmets (motorcycle),PC030300,VERDADEIRO,VERDADEIRO
PC030309,Clothing And Related Products (Business-To-Business)Helmets (other),PC030300,VERDADEIRO,VERDADEIRO
PC030310,Clothing And Related Products (Business-To-Business)-Helmets (snowmobile),PC030300,VERDADEIRO,VERDADEIRO
PC030311,Clothing And Related Products (Business-To-Business)-Paint or dust respirators,PC030310,VERDADEIRO,VERDADEIRO
PC030400,Clothing And Related Products (Business-To-Business)-Sports/recreational equipment,PC030000,VERDADEIRO,VERDADEIRO
PC030401,Clothing And Related Products (Business-To-Business)-Ballet and tap shoes,PC030400,VERDADEIRO,VERDADEIRO
PC030402,Clothing And Related Products (Business-To-Business)-Cleated or spiked athletic shoes,PC030400,VERDADEIRO,VERDADEIRO
PC030403,"Clothing And Related Products (Business-To-Business)-Gloves including baseball, bowling, boxing, hockey, golf",PC030400,VERDADEIRO,VERDADEIRO
PC030404,Clothing And Related Products (Business-To-Business)-Goggles,PC030400,VERDADEIRO,VERDADEIRO
PC030405,Clothing And Related Products (Business-To-Business)-Gym suits,PC030400,VERDADEIRO,VERDADEIRO
PC030406,Clothing And Related Products (Business-To-Business)-Hand and elbow guards,PC030400,VERDADEIRO,VERDADEIRO
PC030407,"Clothing And Related Products (Business-To-Business)-Jogging outfits, sweat suits",PC030400,VERDADEIRO,VERDADEIRO
PC030408,Clothing And Related Products (Business-To-Business)-Life preservers and vest,PC030400,VERDADEIRO,VERDADEIRO
PC030409,Clothing And Related Products (Business-To-Business)-Mouth guards,PC030400,VERDADEIRO,VERDADEIRO
PC030410,Clothing And Related Products (Business-To-Business)-Roller and ice skates,PC030400,VERDADEIRO,VERDADEIRO
PC030411,Clothing And Related Products (Business-To-Business)-Shin guards,PC030410,VERDADEIRO,VERDADEIRO
PC030412,Clothing And Related Products (Business-To-Business)-Shoulder pads,PC030410,VERDADEIRO,VERDADEIRO
PC030413,Clothing And Related Products (Business-To-Business)-Ski boots,PC030410,VERDADEIRO,VERDADEIRO
PC030500,Clothing And Related Products (Business-To-Business)-childrens only,PC030000,VERDADEIRO,VERDADEIRO
PF040100,Flags-American,PF040000,VERDADEIRO,VERDADEIRO
PF050000,Food And Food Ingredients (Non-Prepared Foods) - Sold By Qualified Food Retailer,P0000000,VERDADEIRO,FALSO
PF050100,Food And Food Ingredients-beverages (carbonated beverages),PF050000,VERDADEIRO,VERDADEIRO
PF050201,Food And Food Ingredients-beverages (non-carbonated beverages)-100% juice content,PF050200,VERDADEIRO,VERDADEIRO
PF050300,Food And Food Ingredients-candy,PF050000,VERDADEIRO,VERDADEIRO
PF050401,"Food combo pack #1 - Food 51%-74%, Hard goods 26%-49%",PF050400,VERDADEIRO,VERDADEIRO
PF050402,"Food combo pack #2 - Food 75%-89%, Hard goods 11%-25%",PF050400,VERDADEIRO,VERDADEIRO
PF050403,"Food combo pack #3 - Food 90%-99%, Hard goods 1%-10%",PF050400,VERDADEIRO,VERDADEIRO
PF050404,"Food combo pack #4- Food 51%-74%, Candy 26%-49%",PF050400,VERDADEIRO,VERDADEIRO
PF050405,"Food combo pack #5 - Food 75%-89%, Candy 11%-25%",PF050400,VERDADEIRO,VERDADEIRO
PF050406,"Food combo pack #6 - Food 90%-99%, Candy 1%-10%",PF050400,VERDADEIRO,VERDADEIRO
PF050407,"Food combo pack #7 - Food 1%-50%, Candy 50%-99%",PF050400,VERDADEIRO,VERDADEIRO
PF050408,"Food And Food Ingredients-Candy-Food combo pack #8 - Food 0%-50%, Candy 1%-89%, Hard goods 11%-49% ",PF050400,VERDADEIRO,VERDADEIRO
PF050409,"Food And Food Ingredients-Candy-Food combo pack #9 - Food 0%-50%, Candy 1%-99%, Hard goods 1%-10% ",PF050400,VERDADEIRO,VERDADEIRO
PF050410,"Food And Food Ingredients-Candy-Food combo pack #10 - Food 0%-50%, Candy 0%-50%, Hard goods 50%-100% ",PF050400,VERDADEIRO,VERDADEIRO
PF050411,"Food And Food Ingredients-Candy-Food combo pack #11 - Food 51%-74%, Candy 26%-49%, Hard goods 1%-10% ",PF050410,VERDADEIRO,VERDADEIRO
PF050700,Food And Food Ingredients-dietary supplements (supplement facts on label),PF050000,VERDADEIRO,VERDADEIRO
PF050701,Food And Food Ingredients-dietary supplements (supplement facts on label)-Amino acids,PF050700,VERDADEIRO,VERDADEIRO
PF050702,Food And Food Ingredients-dietary supplements (supplement facts on label)-Antioxidants,PF050700,VERDADEIRO,VERDADEIRO
PF050800,"Food And Food Ingredients-health food (specialty, nutritional supplement)",PF050000,VERDADEIRO,FALSO
PF050801,"Food And Food Ingredients-health food (specialty, nutritional supplement)-Acidophilus milk products",PF050800,VERDADEIRO,VERDADEIRO
PH050101,Health Care Products-Drugs for human use without a prescription,PH050100,VERDADEIRO,VERDADEIRO
PH050102,Health Care Products-Drugs for human use with a prescription,PH050100,VERDADEIRO,VERDADEIRO
PH050103,Health Care Products-Drugs for animal use without a prescription,PH050100,VERDADEIRO,VERDADEIRO
PH050104,Health Care Products-Drugs for animal use with a prescription,PH050100,VERDADEIRO,VERDADEIRO
PH050105,Health Care Products-Insulin for human use without a prescription,PH050100,VERDADEIRO,VERDADEIRO
PH050106,Health Care Products-Insulin for human use with a prescription,PH050100,VERDADEIRO,VERDADEIRO
PH050107,Health Care Products-Insulin for animal use without a prescription,PH050100,VERDADEIRO,VERDADEIRO
PH050108,Health Care Products-Insulin for animal use with a prescription,PH050100,VERDADEIRO,VERDADEIRO
PH050109,Health Care ProductsMedical oxygen for human use without a prescription,PH050100,VERDADEIRO,VERDADEIRO
PH050110,Health Care Products-Medical oxygen for human use with a prescription,PH050100,VERDADEIRO,VERDADEIRO
PH050113,Health Care Products-Over-the-counter drugs for human use without a prescription,PH050110,VERDADEIRO,VERDADEIRO
PH050114,Health Care Products-Over-the-counter drugs for human use with a prescription,PH050110,VERDADEIRO,VERDADEIRO
PH050115,Health Care Products-Over-the-counter drugs for animal use without a prescription,PH050110,VERDADEIRO,VERDADEIRO
PH050117,Health Care Products-Grooming and hygiene products for human use,PH050110,VERDADEIRO,VERDADEIRO
PH050118,Health Care Products-Grooming and hygiene products for animal use,PH050110,VERDADEIRO,VERDADEIRO
PH050301,Health Care Products-mobility enhancing equipment-without a prescription,PH050300,VERDADEIRO,VERDADEIRO
PH050302,Health Care Products-mobility enhancing equipment-with a prescription,PH050300,VERDADEIRO,VERDADEIRO
PH050400,Health Care Products-prosthetic devices,PH050000,VERDADEIRO,VERDADEIRO
PH050401,Health Care Products-prosthetic devices-without a prescription,PH050400,VERDADEIRO,VERDADEIRO
PH050402,Health Care Products-prosthetic devices-with a prescription,PH050400,VERDADEIRO,VERDADEIRO
PH050407,Health Care Products-prosthetic devices-Corrective eyeglasses without a prescription,PH050400,VERDADEIRO,VERDADEIRO
PH050408,Health Care Products-prosthetic devices-Corrective eyeglasses with a prescription,PH050400,VERDADEIRO,VERDADEIRO
PH050413,Health Care Products-prosthetic devices-Contact lenses without a prescription,PH050410,VERDADEIRO,VERDADEIRO
PH050414,Health Care Products-prosthetic devices-Contact lenses with a prescription,PH050410,VERDADEIRO,VERDADEIRO
PH050419,Health Care Products-prosthetic devices-Hearing aids without a prescription,PH050410,VERDADEIRO,VERDADEIRO
PH050420,Health Care Products-prosthetic devices-Hearing aids with a prescription,PH050400,VERDADEIRO,VERDADEIRO
PH050425,Health Care Products-prosthetic devices-Dental prosthesis without a prescription,PH050420,VERDADEIRO,VERDADEIRO
PH050426,Health Care Products-prosthetic devices-Dental prosthesis with a prescription,PH050420,VERDADEIRO,VERDADEIRO
PI040600,Infant Supplies-bibs,PI040000,VERDADEIRO,VERDADEIRO
PM030108,Magazines-non-religious content-Subscription - monthly publication,PM030100,VERDADEIRO,VERDADEIRO
PM030110,Magazines-non-religious content-Subscription - semiannual publication,PM030100,VERDADEIRO,VERDADEIRO
PS050100,School Related Products (B2B)-supplies,PS050000,VERDADEIRO,VERDADEIRO
PS050101,School Related Products (B2B)-supplies-Binders,PS050100,VERDADEIRO,VERDADEIRO
PS050102,School Related Products (B2B)-supplies-Blackboard chalk,PS050100,VERDADEIRO,VERDADEIRO
PS050103,School Related Products (B2B)-supplies-Book bags,PS050100,VERDADEIRO,VERDADEIRO
PS050104,School Related Products (B2B)-supplies-Calculators,PS050100,VERDADEIRO,VERDADEIRO
PS050105,School Related Products (B2B)-supplies-Cellophane tape,PS050100,VERDADEIRO,VERDADEIRO
PS050106,School Related Products (B2B)-supplies-Compasses,PS050100,VERDADEIRO,VERDADEIRO
PS050107,School Related Products (B2B)-supplies-Composition books,PS050100,VERDADEIRO,VERDADEIRO
PS050108,School Related Products (B2B)-supplies-Crayons,PS050100,VERDADEIRO,VERDADEIRO
PS050109,School Related Products (B2B)-supplies-Erasers,PS050100,VERDADEIRO,VERDADEIRO
PS050110,"School Related Products (B2B)-supplies-Folders - expandable, pocket, plastic and manila",PS050100,VERDADEIRO,VERDADEIRO
PS050111,"School Related Products (B2B)-supplies-Glue, paste and paste sticks",PS050110,VERDADEIRO,VERDADEIRO
PS050112,School Related Products (B2B)-supplies-Highlighters,PS050110,VERDADEIRO,VERDADEIRO
PS050113,School Related Products (B2B)-supplies-Index cards,PS050110,VERDADEIRO,VERDADEIRO
PS050114,School Related Products (B2B)-supplies-Index card boxes,PS050110,VERDADEIRO,VERDADEIRO
PS050115,School Related Products (B2B)-supplies-Legal pads,PS050110,VERDADEIRO,VERDADEIRO
PS050116,School Related Products (B2B)-supplies-Lunch boxes,PS050110,VERDADEIRO,VERDADEIRO
PS050117,School Related Products (B2B)-supplies-Markers,PS050110,VERDADEIRO,VERDADEIRO
PS050118,School Related Products (B2B)-supplies-Notebooks,PS050110,VERDADEIRO,VERDADEIRO
PS050119,School Related Products (B2B)-supplies-Paper,PS050110,VERDADEIRO,VERDADEIRO
PS050120,School Related Products (B2B)-supplies-Pencil boxes and other school supply boxes,PS050100,VERDADEIRO,VERDADEIRO
PS050121,School Related Products (B2B)-supplies-Pencil sharpeners,PS050120,VERDADEIRO,VERDADEIRO
PS050122,School Related Products (B2B)-supplies-Pencils,PS050120,VERDADEIRO,VERDADEIRO
PS050123,School Related Products (B2B)-supplies-Pens,PS050120,VERDADEIRO,VERDADEIRO
PS050124,School Related Products (B2B)-supplies-Protractors,PS050120,VERDADEIRO,VERDADEIRO
PS050125,School Related Products (B2B)-supplies-Rulers,PS050120,VERDADEIRO,VERDADEIRO
PS050126,School Related Products (B2B)-supplies-Scissors,PS050120,VERDADEIRO,VERDADEIRO
PS050127,School Related Products (B2B)-supplies-Writing tablets,PS050120,VERDADEIRO,VERDADEIRO
PS050300,School Related Products (B2B)-instructional material,PS050000,VERDADEIRO,VERDADEIRO
PS050302,School Related Products (B2B)-instructional material-Reference maps and globes,PS050300,VERDADEIRO,VERDADEIRO
PS050303,School Related Products (B2B)-instructional material-Textbooks,PS050300,VERDADEIRO,VERDADEIRO
PS050401,"School Related Products (B2B)-computer supply-Computer storage media, diskettes, compact disks",PS050400,VERDADEIRO,VERDADEIRO
PS050402,"School Related Products (B2B)-computer supply-Handheld electronic schedulers, except devices that are cellular phones",PS050400,VERDADEIRO,VERDADEIRO
PS050403,"School Related Products (B2B)-computer supply-Personal digital assistants, except devices that are cellular phones",PS050400,VERDADEIRO,VERDADEIRO
PS050404,School Related Products (B2B)-computer supply-Computer printers,PS050400,VERDADEIRO,VERDADEIRO
PS050405,"School Related Products (B2B)-computer supply-Printer supplies for computers - paper, ink etc.",PS050400,VERDADEIRO,VERDADEIRO
PT030000,Telecommunication Machinery & Equipment,P0000000,VERDADEIRO,VERDADEIRO
FR010000,Delivery By Company Vehicle,FR000000,FALSO,VERDADEIRO
FR010100,Delivery by company vehicle before passage of title,FR010000,FALSO,VERDADEIRO
FR010200,Delivery by company vehicle after passage of title,FR010000,FALSO,VERDADEIRO
FR030000,Shipping And Handling Combined,FR000000,FALSO,VERDADEIRO
DA010000,Digital goods: Advertising material (Digital Only -- No Physical Media),D0000000,FALSO,VERDADEIRO
DB010000,Digital goods: Blueprints (Digital Only -- No Physical Media),D0000000,FALSO,VERDADEIRO
DC010000,Computer Software (Business-To-Business),D0000000,VERDADEIRO,VERDADEIRO
DD020000,Digital goods: Designs / plans (Digital Only -- No Physical Media),D0000000,FALSO,VERDADEIRO
DD040000,Digital goods: Documentation (other; Digital Only -- No Physical Media),D0000000,FALSO,VERDADEIRO
DL020000,Digital goods: Legal documentation (Digital Only -- No Physical Media),D0000000,FALSO,VERDADEIRO
SA010100,Accounting-auditing,SA010000,FALSO,VERDADEIRO
SA010200,Accounting-general,SA010000,FALSO,VERDADEIRO
SA010300,Accounting-other,SA010000,FALSO,VERDADEIRO
SA010400,Accounting-tax,SA010000,FALSO,VERDADEIRO
SA090200,diagnostic evaluation,SA090000,FALSO,FALSO
SA090400,Automotive-installation associated with the sale of TPP,SA090000,FALSO,VERDADEIRO
SA090500,Automotive-installation not associated with the sale of TPP,SA090000,FALSO,VERDADEIRO
SC090200,Computer Software Maintenance (custom software)-mandatory (electronically downloaded),SC090000,FALSO,VERDADEIRO
SC120100,Computer software technical services (custom software)-optional (electronically downloaded),SC120000,FALSO,VERDADEIRO
SC120200,Computer software technical services (custom software)-mandatory (electronically downloaded),SC120000,FALSO,VERDADEIRO
SC120300,Computer software technical services (custom software)-optional (load and leave),SC120000,FALSO,VERDADEIRO
SC130200,Computer software technical services (prewritten software)-mandatory (electronically downloaded),SC130000,FALSO,VERDADEIRO
SD110100,Document-preparation,SD110000,FALSO,VERDADEIRO
SE040200,Employment-executive search and placement,SE040000,FALSO,VERDADEIRO
SH020400,Health Care-medical,SH020000,FALSO,VERDADEIRO
SI020100,Installation-associated with the sale of TPP (equipment/parts and labor) - separately stated,SI020000,FALSO,VERDADEIRO
SJ010100,Janitorial-non residential,SJ010000,FALSO,VERDADEIRO
SM050200,Massage-performed by a unlicensed massage therapist,SM050000,FALSO,VERDADEIRO
SM060400,Motorcycle / ATV-installation - associated with the sale of TPP,SM060000,FALSO,VERDADEIRO
SM060700,Motorcycle / ATV-repair,SM060000,FALSO,VERDADEIRO
SR060100,Repair (other)-performed on TPP (equipment/parts and labor) - separately stated,SR060000,FALSO,VERDADEIRO
SR060200,Repair (other)-performed on TPP (labor only),SR060000,FALSO,VERDADEIRO
SS040200,Security-body guard,SS040000,FALSO,VERDADEIRO
SS040300,Security Services-Electronic Monitoring,SS040000,FALSO,VERDADEIRO
SS040500,Security-private investigations,SS040000,FALSO,VERDADEIRO
SA010000,Accounting,S0000000,FALSO,VERDADEIRO
SA070000,Architectural,S0000000,FALSO,VERDADEIRO
SA080000,Athletic/Health Club,S0000000,FALSO,VERDADEIRO
SB010000,Bank and Financial Institution,S0000000,FALSO,VERDADEIRO
SB030000,Barber (Haircutting),S0000000,FALSO,VERDADEIRO
SC010000,Cable,S0000000,FALSO,VERDADEIRO
SD050000,Delivery / Courier (not associated with the sale of TPP),S0000000,FALSO,VERDADEIRO
SD140000,"Dry Cleaning, Pressing, Drying or Laundering",SD100000,FALSO,VERDADEIRO
SE020000,Educational,S0000000,FALSO,VERDADEIRO
SE090000,Extermination,S0000000,FALSO,VERDADEIRO
SG030000,Gift-Wrapping,S0000000,FALSO,VERDADEIRO
SI060000,Internet Access,S0000000,FALSO,VERDADEIRO
SJ010000,Janitorial,S0000000,FALSO,VERDADEIRO
SP010000,Parking,S0000000,FALSO,VERDADEIRO
SS020000,Satellite,S0000000,FALSO,VERDADEIRO
S0000000,Services ,,FALSO,VERDADEIRO
OT010100,Travel costs (reimbursed)-associated with installation of prewritten software,OT010000,FALSO,VERDADEIRO
S0000001,Services (required to complete a sale other than delivery & installation),S0000000,FALSO,VERDADEIRO
PC040100,Clothing And Related Products (Business-To-Customer)-general,PC040000,VERDADEIRO,VERDADEIRO
PC040200,Clothing And Related Products (Business-To-Customer)-accessories or equipment,PC040000,VERDADEIRO,VERDADEIRO
PC040300,Clothing And Related Products (Business-To-Customer)-Protective equipment,PC040000,VERDADEIRO,VERDADEIRO
PC040400,Clothing And Related Products (Business-To-Customer)-Sports/recreational equipment,PC040000,VERDADEIRO,VERDADEIRO
O0000000,Other,,FALSO,VERDADEIRO
PC030156,Clothing And Related Products (Business-To-Business)-Work clothes (other),PC030150,VERDADEIRO,VERDADEIRO
OA020000,Admissions,O0000000,FALSO,VERDADEIRO
OA020100,Admissions-Amusement parks,OA020000,FALSO,VERDADEIRO
OA020200,Admissions-Concerts,OA020000,FALSO,VERDADEIRO
OA020300,Admissions-Other (includes entertainment or amusement),OA020000,FALSO,VERDADEIRO
OA020400,Admissions-Sporting events,OA020000,FALSO,VERDADEIRO
OD010000,Discounts,O0000000,FALSO,VERDADEIRO
OD020200,not-associated with the right to purchase TPP (organization type memberships),OD020000,FALSO,FALSO
OE010207,outboard motors,OE010200,FALSO,FALSO
OH010000,Handling Only Charges (Separately Identified From Shipping),O0000000,FALSO,VERDADEIRO
OR022300,Rental/Lease Related Charges (Tangible Personal Property -- Does not include Motor Vehicles)-Royalty fee,OR022000,FALSO,FALSO
O9999999,Temporary Unmapped Other SKU - taxable default,O0000000,FALSO,VERDADEIRO
SA030200,Advertising-public relations,SA030000,FALSO,VERDADEIRO
SA030300,Advertising-market research and polling,SA030000,FALSO,VERDADEIRO
SC070101,Computer Software Implementation - Associated With the Sale of Software-prewritten software-electronically downloaded,SC070100,FALSO,VERDADEIRO
SC070102,Computer Software Implementation - Associated With the Sale of Software-prewritten software-load and leave,SC070100,FALSO,VERDADEIRO
SC070103,Computer Software Implementation - Associated With the Sale of Software-prewritten software-physical media,SC070100,FALSO,VERDADEIRO
SC070201,Computer Software Implementation - Associated With the Sale of Software-custom software-electronically downloaded,SC070200,FALSO,VERDADEIRO
SC070202,Computer Software Implementation - Associated With the Sale of Software-custom software-load and leave,SC070200,FALSO,VERDADEIRO
SC070203,Computer Software Implementation - Associated With the Sale of Software-custom software-physical media,SC070200,FALSO,VERDADEIRO
SC070302,Computer Software Implementation-Training Only-prewritten software (load and leave),SC070300,FALSO,VERDADEIRO
SC070303,Computer Software Implementation-Training Only-prewritten software (physical media),SC070300,FALSO,VERDADEIRO
SC070304,Computer Software Implementation-Training Only-custom software (electronically downloaded),SC070300,FALSO,VERDADEIRO
SC070305,Computer Software Implementation-Training Only-custom software (load and leave),SC070300,FALSO,VERDADEIRO
SC070306,Computer Software Implementation-Training Only-custom software (physical media),SC070300,FALSO,VERDADEIRO
SC080201,Computer Software Implementation - Not Associated With the Sale of Software-custom software-electronically downloaded,SC080200,FALSO,VERDADEIRO
SC080202,Computer Software Implementation - Not Associated With the Sale of Software-custom software-load and leave,SC080200,FALSO,VERDADEIRO
SC080203,Computer Software Implementation - Not Associated With the Sale of Software-custom software-physical media,SC080200,FALSO,VERDADEIRO
SC080301,Computer Software Implementation - Not Associated With the Sale of Software-Training Only-prewritten software (electronically),SC080300,FALSO,VERDADEIRO
SC080302,Computer Software Implementation - Not Associated With the Sale of Software-Training Only-prewritten software (load and leave),SC080300,FALSO,VERDADEIRO
SC080303,Computer Software Implementation - Not Associated With the Sale of Software-Training Only-prewritten software (physical media),SC080300,FALSO,VERDADEIRO
SC080304,Computer Software Implementation - Not Associated With the Sale of Software-Training Only-custom software (electronically downloaded),SC080300,FALSO,VERDADEIRO
SC080305,Computer Software Implementation - Not Associated With the Sale of Software-Training Only-custom software (load and leave),SC080300,FALSO,VERDADEIRO
SC080306,Computer Software Implementation - Not Associated With the Sale of Software-Training Only-custom software (physical media),SC080300,FALSO,VERDADEIRO
SC090101,Computer Software Maintenance (custom software)-optional (electronically downloaded)-services only (remote support),SC090100,FALSO,VERDADEIRO
SC090102,"Computer Software Maintenance (custom software)-optional (electronically downloaded)-downloaded updates, etc. & services",SC090100,FALSO,VERDADEIRO
SC090201,Computer Software Maintenance (custom software)-mandatory (electronically downloaded)-services only (remote support),SC090200,FALSO,VERDADEIRO
SC090202,"Computer Software Maintenance (custom software)-mandatory (electronically downloaded)-downloaded updates, etc. & services",SC090200,FALSO,VERDADEIRO
SC090301,Computer Software Maintenance (custom software)-optional (load and leave)-services only (remote support),SC090300,FALSO,VERDADEIRO
SC090302,"Computer Software Maintenance (custom software)-optional (load and leave)-load and leave updates, etc. & services",SC090300,FALSO,VERDADEIRO
SC090400,Computer Software Maintenance (custom software)-mandatory (load and leave),SC090000,FALSO,VERDADEIRO
SC090401,Computer Software Maintenance (custom software)-mandatory (load and leave)-services only (remote support),SC090400,FALSO,VERDADEIRO
SC090402,"Computer Software Maintenance (custom software)-mandatory (load and leave)-load and leave updates, etc. & services",SC090400,FALSO,VERDADEIRO
SC090501,Computer Software Maintenance (custom software)-optional (physical media)-services only (remote support),SC090500,FALSO,VERDADEIRO
SC090601,Computer Software Maintenance (custom software)-mandatory (physical media)-services only (remote support),SC090600,FALSO,VERDADEIRO
SC100101,Computer Software Maintenance (prewritten software)-optional (electronically downloaded)-services only (remote support),SC100100,FALSO,VERDADEIRO
SC100102,"Computer Software Maintenance (prewritten software)-optional (electronically downloaded)-downloaded updates, etc. & services",SC100100,FALSO,VERDADEIRO
SC100201,Computer Software Maintenance (prewritten software)-mandatory (electronically downloaded)-services only (remote support),SC100200,FALSO,VERDADEIRO
SC100202,"Computer Software Maintenance (prewritten software)-mandatory (electronically downloaded)-downloaded updates, etc. & services",SC100200,FALSO,VERDADEIRO
SC100301,Computer Software Maintenance (prewritten software)-optional (load and leave)-services only (remote support),SC100300,FALSO,VERDADEIRO
SC100302,"Computer Software Maintenance (prewritten software)-optional (load and leave)-load and leave updates, etc. & services",SC100300,FALSO,VERDADEIRO
SC100400,Computer Software Maintenance (prewritten software)-mandatory (load and leave),SC100000,FALSO,VERDADEIRO
SC100401,Computer Software Maintenance (prewritten software)-mandatory (load and leave)-services only (remote support),SC100400,FALSO,VERDADEIRO
SC100402,"Computer Software Maintenance (prewritten software)-mandatory (load and leave)-load and leave updates, etc. & services",SC100400,FALSO,VERDADEIRO
SC100501,Computer Software Maintenance (prewritten software)-Computer optional (physical media)-services only (remote support),SC100500,FALSO,VERDADEIRO
SC100601,Computer Software Maintenance (prewritten software)-mandatory (physical media)-services only (remote support),SC100600,FALSO,VERDADEIRO
SC120101,Computer software technical services (custom software)-optional (electronically downloaded)-services only (remote support),SC120100,FALSO,VERDADEIRO
SC120102,"Computer software technical services (custom software)-optional (electronically downloaded)-downloaded updates, etc. & services",SC120100,FALSO,VERDADEIRO
SC120201,Computer software technical services (custom software)-mandatory (electronically downloaded)-services only (remote support),SC120200,FALSO,VERDADEIRO
SC120202,"Computer software technical services (custom software)-mandatory (electronically downloaded)-downloaded updates, etc. & services",SC120200,FALSO,VERDADEIRO
SC120301,Computer software technical services (custom software)-optional (load and leave)-services only (remote support),SC120300,FALSO,VERDADEIRO
SC120302,"Computer software technical services (custom software)-optional (load and leave)-load and leave updates, etc. & services",SC120300,FALSO,VERDADEIRO
SC120401,Computer software technical services (custom software)-mandatory (load and leave)-services only (remote support),SC120400,FALSO,VERDADEIRO
SC120402,"Computer software technical services (custom software)-mandatory (load and leave)-load and leave updates, etc. & services",SC120400,FALSO,VERDADEIRO
SC120500,Computer software technical services (custom software)-optional (physical media),SC120000,FALSO,VERDADEIRO
SC120501,Computer software technical services (custom software)-optional (physical media)-services only (remote support),SC120500,FALSO,VERDADEIRO
SC120601,Computer software technical services (custom software)-mandatory (physical media)-services only (remote support),SC120600,FALSO,VERDADEIRO
SC130101,Computer software technical services (prewritten software)-optional (electronically downloaded)-services only (remote support),SC130100,FALSO,VERDADEIRO
SC130102,"Computer software technical services (prewritten software)-optional (electronically downloaded)-downloaded updates, etc. & services",SC130100,FALSO,VERDADEIRO
SC130201,Computer software technical services (prewritten software)-mandatory (electronically downloaded)-services only (remote support),SC130200,FALSO,VERDADEIRO
SC130202,"Computer software technical services (prewritten software)-mandatory (electronically downloaded)-downloaded updates, etc. & services",SC130200,FALSO,VERDADEIRO
SC130301,Computer software technical services (prewritten software)-optional (load and leave)-services only (remote support),SC130300,FALSO,VERDADEIRO
SC130302,"Computer software technical services (prewritten software)-optional (load and leave)-load and leave updates, etc. & services",SC130300,FALSO,VERDADEIRO
SC130401,Computer software technical services (prewritten software)-mandatory (load and leave)-services only (remote support),SC130400,FALSO,VERDADEIRO
SC130402,"Computer software technical services (prewritten software)-mandatory (load and leave)-load and leave updates, etc. & services",SC130400,FALSO,VERDADEIRO
SC130500,Computer software technical services (prewritten software)-optional (physical media),SC130000,FALSO,VERDADEIRO
SC130501,Computer software technical services (prewritten software)-optional (physical media)-services only (remote support),SC130500,FALSO,VERDADEIRO
SC130601,Computer software technical services (prewritten software)-mandatory (physical media)-services only (remote support),SC130600,FALSO,VERDADEIRO
SC150100,Construction services relating to real property (original construction),SC150000,FALSO,VERDADEIRO
SC160500,Consulting-management,SC160000,FALSO,VERDADEIRO
SC161000,Consulting-tax,SC160000,FALSO,VERDADEIRO
SD020900,Data-processing,SD020000,FALSO,VERDADEIRO
PE070000,Energy Efficient Equipment,P0000000,VERDADEIRO,VERDADEIRO
PE070200,Energy Efficient Equipment Non-commercial (residential) use,PE070000,VERDADEIRO,VERDADEIRO
PE070201,Energy Efficient Equipment Non-commercial (residential) use-Air conditioners,PE070200,VERDADEIRO,VERDADEIRO
PE080000,Energy Efficient Supplies,P0000000,VERDADEIRO,VERDADEIRO
PE080100,Energy Efficient Supplies-Commercial use,PE080000,VERDADEIRO,VERDADEIRO
PE080101,Energy Efficient Supplies-Commercial use-Incandescent and fluorescent light bulb,PE080100,VERDADEIRO,VERDADEIRO
PE080200,Energy Efficient Supplies-Non-commercial (residential) use,PE080000,VERDADEIRO,VERDADEIRO
PE080201,Energy Efficient Supplies-Non-commercial (residential) use-Incandescent and fluorescent light bulb,PE080200,VERDADEIRO,VERDADEIRO
PF050208,Food And Food Ingredients-beverages (non-carbonated beverages)-Alcoholic >/=.5%,PF050200,VERDADEIRO,VERDADEIRO
PF050211,Food And Food Ingredients-beverages (non-carbonated beverages)-Coffee (powder and beans),PF050210,VERDADEIRO,VERDADEIRO
PF050216,Food And Food Ingredients-beverages (non-carbonated beverages)-Other non-carbonated beverage (sweetened),PF050210,VERDADEIRO,VERDADEIRO
PF050218,Food And Food Ingredients-beverages (non-carbonated beverages)-Soft drinks,PF050210,VERDADEIRO,VERDADEIRO
PF050220,"Food And Food Ingredients-beverages (non-carbonated beverages)-Tea (liquid, unsweetened)",PF050200,VERDADEIRO,VERDADEIRO
PF050222,"Food And Food Ingredients-beverages (non-carbonated beverages)-Water (flavored bottled, unsweetened)",PF050200,VERDADEIRO,VERDADEIRO
PF050224,Food And Food Ingredients-beverages (non-carbonated beverages)-Water (plain bottled),PF050200,VERDADEIRO,VERDADEIRO
PF050309,Food And Food Ingredients-candy-Candy item containing flour ingredients,PF050300,VERDADEIRO,VERDADEIRO
PF050313,"Food And Food Ingredients-candy-Candy item used for cooking/baking purposes (i.e. chocolate bars, chips etc.)",PF050310,VERDADEIRO,VERDADEIRO
PF050314,"Food And Food Ingredients-candy-Gum, chewing  (non-medicated)",PF050310,VERDADEIRO,VERDADEIRO
PF050412,"Food combo pack #12 - Food 75%-89%, Candy 1%-24%, Hard goods 1%-10%",PF050410,VERDADEIRO,VERDADEIRO
PF050413,"Food combo pack #13 - Food 51%-74%, Candy 1%-24%, Hard goods 25%-48%",PF050410,VERDADEIRO,VERDADEIRO
PF050414,"Food combo pack #14 - Food 75%-88%, Candy 1%-14%, Hard goods 11%-24%",PF050410,VERDADEIRO,VERDADEIRO
PF050415,"Food combo pack #15 - Food 90%-98%, Candy 1%-9%, Hard goods 1%-9%",PF050410,VERDADEIRO,VERDADEIRO
PF050502,Food And Food Ingredients-cooking/baking supplies-Baking soda,PF050500,VERDADEIRO,VERDADEIRO
PF050503,"Food And Food Ingredients-cooking/baking supplies-Cooking sprays, oils etc.",PF050500,VERDADEIRO,VERDADEIRO
PF050507,Food And Food Ingredients-cooking/baking supplies-Spices,PF050500,VERDADEIRO,VERDADEIRO
PF050707,Food And Food Ingredients-dietary supplements (supplement facts on label)-Cod liver oil,PF050700,VERDADEIRO,VERDADEIRO
PF050709,Food And Food Ingredients-dietary supplements (supplement facts on label)-Enzymes,PF050700,VERDADEIRO,VERDADEIRO
PF050711,Food And Food Ingredients-dietary supplements (supplement facts on label)-Garlic,PF050710,VERDADEIRO,VERDADEIRO
PF050712,Food And Food Ingredients-dietary supplements (supplement facts on label)-Ginseng,PF050710,VERDADEIRO,VERDADEIRO
PF050713,Food And Food Ingredients-dietary supplements (supplement facts on label)-Halibut liver oil,PF050710,VERDADEIRO,VERDADEIRO
PF050714,Food And Food Ingredients-dietary supplements (supplement facts on label)-Herbal supplements,PF050710,VERDADEIRO,VERDADEIRO
PF050715,Food And Food Ingredients-dietary supplements (supplement facts on label)-Immune supports,PF050710,VERDADEIRO,VERDADEIRO
PF050716,Food And Food Ingredients-dietary supplements (supplement facts on label)-Lecithin,PF050710,VERDADEIRO,VERDADEIRO
PF050717,Food And Food Ingredients-dietary supplements (supplement facts on label)-Metabolic supplements,PF050710,VERDADEIRO,VERDADEIRO
PF050718,Food And Food Ingredients-dietary supplements (supplement facts on label)-Minerals,PF050710,VERDADEIRO,VERDADEIRO
PF050720,Food And Food Ingredients-dietary supplements (supplement facts on label)-Other dietary supplements,PF050700,VERDADEIRO,VERDADEIRO
PF050721,Food And Food Ingredients-dietary supplements (supplement facts on label)-Vitamins,PF050720,VERDADEIRO,VERDADEIRO
PF050722,Food And Food Ingredients-dietary supplements (supplement facts on label)-Zinc,PF050720,VERDADEIRO,VERDADEIRO
PF050806,"Food And Food Ingredients-health food (specialty, nutritional supplement)-Sunflower seeds or other edible seeds (non-sweetened)",PF050800,VERDADEIRO,VERDADEIRO
PF050807,"Food And Food Ingredients-health food (specialty, nutritional supplement)-Soy milk",PF050800,VERDADEIRO,VERDADEIRO
PF050900,"Food And Food Ingredients-snacks (non-candy, no eating utensils)",PF050000,VERDADEIRO,VERDADEIRO
PF050901,"Food And Food Ingredients-snacks (non-candy, no eating utensils) Ice cream < than a pint",PF050900,VERDADEIRO,VERDADEIRO
PF050902,"Food And Food Ingredients-snacks (non-candy, no eating utensils) Ice cream =/> than a pint",PF050900,VERDADEIRO,VERDADEIRO
PH050500,Health Care Products-grooming /other,PH050000,VERDADEIRO,VERDADEIRO
PH050501,Health Care Products-grooming /other-Acne cleaners and pads,PH050500,VERDADEIRO,VERDADEIRO
PH050507,Health Care Products-grooming /other-Creams and lotions (non-medicated),PH050500,VERDADEIRO,VERDADEIRO
PH050508,"Health Care Products-grooming /other-Dental hygiene products (toothpaste, toothbrushes, floss etc)",PH050500,VERDADEIRO,VERDADEIRO
PH050514,Health Care Products-grooming /other-Ear plugs,PH050510,VERDADEIRO,VERDADEIRO
PH050600,"Health Care Products-over the counter-medicinal group 1 (drug facts and /or ingredients are included when deem to be a medicine, for home use)",PH050000,VERDADEIRO,VERDADEIRO
PH050601,"Health Care Products-over the counter-medicinal group 1-Acne treatment, lotions, creams",PH050600,VERDADEIRO,VERDADEIRO
PH050623,Health Care Products-over the counter-medicinal group 1-Aspirin,PH050620,VERDADEIRO,VERDADEIRO
PH050639,Health Care Products-over the counter-medicinal group 1-Blood pressure testing apparatus,PH050630,VERDADEIRO,VERDADEIRO
PH050676,Health Care Products-over the counter-medicinal group 1-First aid kits,PH050670,VERDADEIRO,VERDADEIRO
PH050700,"Health Care Products-over the counter-medicinal group 2- (drug facts and /or ingredients are included when deem to be a medicine, for home use)",PH050000,VERDADEIRO,VERDADEIRO
PH050709,Health Care Products-over the counter-medicinal group 2-Pain relievers,PH050700,VERDADEIRO,VERDADEIRO
PH050720,Health Care Products-over the counter-medicinal group 2-Syringes - disposable (not diabetic),PH050700,VERDADEIRO,VERDADEIRO
PM020400,Mach & Equip (Commercial Use)-Farming Industry,PM020000,VERDADEIRO,VERDADEIRO
PM020404,Mach & Equip (Commercial Use)-Farming Industry-Repair and replacement parts ,PM020400,VERDADEIRO,VERDADEIRO
PO100000,Office Supplies,P0000000,VERDADEIRO,VERDADEIRO
PP030000,Paper Products For Household Use,P0000000,VERDADEIRO,VERDADEIRO
PP030100,Paper Products-Disposable products,PP030000,VERDADEIRO,VERDADEIRO
PP030106,Paper Products-Napkins,PP030100,VERDADEIRO,VERDADEIRO
PP030107,Paper Products-Paper bags,PP030100,VERDADEIRO,VERDADEIRO
PP030108,Paper Products-Paper cups,PP030100,VERDADEIRO,VERDADEIRO
PP030109,Paper Products-Paper freezer wrap,PP030100,VERDADEIRO,VERDADEIRO
PP030110,Paper Products-Paper plates,PP030100,VERDADEIRO,VERDADEIRO
PP030113,Paper Products-Wax paper,PP030110,VERDADEIRO,VERDADEIRO
PS060100,School Related Products (B2C)-supplies,PS060000,VERDADEIRO,VERDADEIRO
PS060101,School Related Products (B2C)-supplies-Binders,PS060100,VERDADEIRO,VERDADEIRO
PS060102,School Related Products (B2C)-supplies-Blackboard chalk,PS060100,VERDADEIRO,VERDADEIRO
PS060103,School Related Products (B2C)-supplies-Book bags,PS060100,VERDADEIRO,VERDADEIRO
PS060104,School Related Products (B2C)-supplies-Calculators,PS060100,VERDADEIRO,VERDADEIRO
PS060105,School Related Products (B2C)-supplies-Cellophane tape,PS060100,VERDADEIRO,VERDADEIRO
PS060106,School Related Products (B2C)-supplies-Compasses,PS060100,VERDADEIRO,VERDADEIRO
PS060107,School Related Products (B2C)-supplies-Composition books,PS060100,VERDADEIRO,VERDADEIRO
PS060108,School Related Products (B2C)-supplies-Crayons,PS060100,VERDADEIRO,VERDADEIRO
PS060109,School Related Products (B2C)-supplies-Erasers,PS060100,VERDADEIRO,VERDADEIRO
PS060110,"School Related Products (B2C)-supplies-Folders - expandable, pocket, plastic and manila",PS060100,VERDADEIRO,VERDADEIRO
PS060111,"School Related Products (B2C)-supplies-Glue, paste and paste sticks",PS060110,VERDADEIRO,VERDADEIRO
PS060112,School Related Products (B2C)-supplies-Highlighters,PS060110,VERDADEIRO,VERDADEIRO
PS060113,School Related Products (B2C)-supplies-Index cards,PS060110,VERDADEIRO,VERDADEIRO
PS060114,School Related Products (B2C)-supplies-Index card boxes,PS060110,VERDADEIRO,VERDADEIRO
PS060115,School Related Products (B2C)-supplies-Legal pads,PS060110,VERDADEIRO,VERDADEIRO
PS060116,School Related Products (B2C)-supplies-Lunch boxes,PS060110,VERDADEIRO,VERDADEIRO
PS060117,School Related Products (B2C)-supplies-Markers,PS060110,VERDADEIRO,VERDADEIRO
PS060118,School Related Products (B2C)-supplies-Notebooks,PS060110,VERDADEIRO,VERDADEIRO
PS060119,School Related Products (B2C)-supplies-Paper,PS060110,VERDADEIRO,VERDADEIRO
PS060120,School Related Products (B2C)-supplies-Pencil boxes and other school supply boxes,PS060100,VERDADEIRO,VERDADEIRO
PS060121,School Related Products (B2C)-supplies-Pencil sharpeners,PS060120,VERDADEIRO,VERDADEIRO
PS060122,School Related Products (B2C)-supplies-Pencils,PS060120,VERDADEIRO,VERDADEIRO
PS060123,School Related Products (B2C)-supplies-Pens,PS060120,VERDADEIRO,VERDADEIRO
PS060124,School Related Products (B2C)-supplies-Protractors,PS060120,VERDADEIRO,VERDADEIRO
PS060125,School Related Products (B2C)-suppliesRulers,PS060120,VERDADEIRO,VERDADEIRO
PS060126,School Related Products (B2C)-suppliesScissors,PS060120,VERDADEIRO,VERDADEIRO
PS060127,School Related Products (B2C)-supplies-Writing tablets,PS060120,VERDADEIRO,VERDADEIRO
PS060300,School Related Products (B2C)-instructional material,PS060000,VERDADEIRO,VERDADEIRO
PS060302,School Related Products (B2C)-instructional material-Reference maps and globes,PS060300,VERDADEIRO,VERDADEIRO
PS060303,School Related Products (B2C)-instructional material-Textbooks,PS060300,VERDADEIRO,VERDADEIRO
PS060401,"School Related Products (B2C)-computer supply-Computer storage media, diskettes, compact disks",PS060400,VERDADEIRO,VERDADEIRO
PS060404,School Related Products (B2C)-computer supply-Computer printers,PS060400,VERDADEIRO,VERDADEIRO
PS060405,"School Related Products (B2C)-computer supply-Printer supplies for computers - paper, ink etc.",PS060400,VERDADEIRO,VERDADEIRO
P9999999,Temporary Unmapped TPP SKU - taxable default,P0000000,VERDADEIRO,VERDADEIRO
SS140000,Surveying,SS100000,FALSO,FALSO
S9999999,Temporary Unmapped Service SKU - taxable default,S0000000,FALSO,VERDADEIRO
DC020000,Computer Software (Business-To-Customer),D0000000,VERDADEIRO,VERDADEIRO
FR020800,Shipping charges that exceed the actual cost of delivery,FR020000,FALSO,VERDADEIRO
FR020900,Shipping charges that exceed reasonable and prevailing rates,FR020000,FALSO,VERDADEIRO
FR040000,Electronically Delivered,FR000000,FALSO,VERDADEIRO
FR999999,Temporary Unmapped Freight SKU - taxable default,FR000000,FALSO,VERDADEIRO
PA100000,"Audio Products (tapes, cds etc.)",P0000000,VERDADEIRO,VERDADEIRO
PB100300,Books / Manuals-religious,PB100000,VERDADEIRO,VERDADEIRO
PC010000,Cleaning Products,P0000000,VERDADEIRO,VERDADEIRO
PC030137,Clothing And Related Products (Business-To-Business)-Pantyhose,PC030130,VERDADEIRO,VERDADEIRO
PC030138,Clothing And Related Products (Business-To-Business)-Ponchos,PC030130,VERDADEIRO,VERDADEIRO
PC030139,Clothing And Related Products (Business-To-Business)-Prom dresses (not rented),PC030130,VERDADEIRO,VERDADEIRO
PC030140,Clothing And Related Products (Business-To-Business)-Rainwear,PC030100,VERDADEIRO,VERDADEIRO
PC030142,Clothing And Related Products (Business-To-Business)-Sandals,PC030140,VERDADEIRO,VERDADEIRO
PC030143,Clothing And Related Products (Business-To-Business)-Scarves,PC030140,VERDADEIRO,VERDADEIRO
PC030144,Clothing And Related Products (Business-To-Business)-Shoes and shoe laces,PC030140,VERDADEIRO,VERDADEIRO
PC030145,Clothing And Related Products (Business-To-Business)-Shoe inserts,PC030140,VERDADEIRO,VERDADEIRO
PC030146,Clothing And Related Products (Business-To-Business)-Slippers,PC030140,VERDADEIRO,VERDADEIRO
PC030147,Clothing And Related Products (Business-To-Business)-Sneakers,PC030140,VERDADEIRO,VERDADEIRO
PC030148,Clothing And Related Products (Business-To-Business)-Socks and stockings,PC030140,VERDADEIRO,VERDADEIRO
PC030150,Clothing And Related Products (Business-To-Business)-Suspenders,PC030100,VERDADEIRO,VERDADEIRO
PC030151,Clothing And Related Products (Business-To-Business)-Tuxedos (not rentals),PC030150,VERDADEIRO,VERDADEIRO
PC030152,Clothing And Related Products (Business-To-Business)-Underwear,PC030150,VERDADEIRO,VERDADEIRO
PC030153,"Clothing And Related Products (Business-To-Business)-Uniform, non-athletic",PC030150,VERDADEIRO,VERDADEIRO
PC030155,Clothing And Related Products (Business-To-Business)-Wedding apparel (not rented),PC030150,VERDADEIRO,VERDADEIRO
PC030313,Clothing And Related Products (Business-To-Business)-Safety glasses and goggles,PC030310,VERDADEIRO,VERDADEIRO
PC030314,Clothing And Related Products (Business-To-Business)-Safety belts,PC030310,VERDADEIRO,VERDADEIRO
PC030315,Clothing And Related Products (Business-To-Business)-Tool belts,PC030310,VERDADEIRO,VERDADEIRO
PC030316,Clothing And Related Products (Business-To-Business)Welders gloves and masks,PC030310,VERDADEIRO,VERDADEIRO
PC030414,"Clothing And Related Products (Business-To-Business)-Uniform, athletic",PC030410,VERDADEIRO,VERDADEIRO
PC030415,Clothing And Related Products (Business-To-Business)-Waders,PC030410,VERDADEIRO,VERDADEIRO
PC030600,Clothing And Related Products (Business-To-Business)-other,PC030000,VERDADEIRO,VERDADEIRO
PC030601,Clothing And Related Products (Business-To-Business)-Fur,PC030600,VERDADEIRO,VERDADEIRO
PC030602,Clothing And Related Products (Business-To-Business)-Gloves for non-general use,PC030600,VERDADEIRO,VERDADEIRO
PC040101,Clothing And Related Products (Business-To-Customer)-Aprons - household ,PC040100,VERDADEIRO,VERDADEIRO
PC040103,Clothing And Related Products (Business-To-Customer)-Athletic supporters,PC040100,VERDADEIRO,VERDADEIRO
PC040105,Clothing And Related Products (Business-To-Customer)-Bandanas,PC040100,VERDADEIRO,VERDADEIRO
PC040106,Clothing And Related Products (Business-To-Customer)-Bathing suits and caps,PC040100,VERDADEIRO,VERDADEIRO
PC040108,Clothing And Related Products (Business-To-Customer)-Belts and suspenders,PC040100,VERDADEIRO,VERDADEIRO
PC040109,Clothing And Related Products (Business-To-Customer)-Bibs,PC040100,VERDADEIRO,VERDADEIRO
PC040110,Clothing And Related Products (Business-To-Customer)-Boots,PC040100,VERDADEIRO,VERDADEIRO
PC040111,Clothing And Related Products (Business-To-Customer)-Coats and jackets,PC040110,VERDADEIRO,VERDADEIRO
PC040113,Clothing And Related Products (Business-To-Customer)-Coveralls,PC040110,VERDADEIRO,VERDADEIRO
PC040115,Clothing And Related Products (Business-To-Customer)-Dress shields,PC040110,VERDADEIRO,VERDADEIRO
PC040116,Clothing And Related Products (Business-To-Customer)-Ear muffs,PC040110,VERDADEIRO,VERDADEIRO
PC040117,Clothing And Related Products (Business-To-Customer)-Foot lets,PC040110,VERDADEIRO,VERDADEIRO
PC040118,Clothing And Related Products (Business-To-Customer)-Formal wear,PC040110,VERDADEIRO,VERDADEIRO
PC040119,Clothing And Related Products (Business-To-Customer)-Galoshes,PC040110,VERDADEIRO,VERDADEIRO
PC040120,Clothing And Related Products (Business-To-Customer)-Garters and garter belts,PC040100,VERDADEIRO,VERDADEIRO
PC040121,Clothing And Related Products (Business-To-Customer)-Girdles,PC040120,VERDADEIRO,VERDADEIRO
PC040122,Clothing And Related Products (Business-To-Customer)-Gloves for general use - cloth,PC040120,VERDADEIRO,VERDADEIRO
PC040123,Clothing And Related Products (Business-To-Customer)-Gloves for general use - leather,PC040120,VERDADEIRO,VERDADEIRO
PC040124,Clothing And Related Products (Business-To-Customer)-Gloves for general use - kid,PC040120,VERDADEIRO,VERDADEIRO
PC040125,Clothing And Related Products (Business-To-Customer)-Gloves for general use - sheepskin,PC040120,VERDADEIRO,VERDADEIRO
PC040126,Clothing And Related Products (Business-To-Customer)-Gloves for general use - fur,PC040120,VERDADEIRO,VERDADEIRO
PC040127,Clothing And Related Products (Business-To-Customer)-Gloves for general use - rubber,PC040120,VERDADEIRO,VERDADEIRO
PC040128,Clothing And Related Products (Business-To-Customer)-Golf clothing,PC040120,VERDADEIRO,VERDADEIRO
PC040129,Clothing And Related Products (Business-To-Customer)-Hats and caps,PC040120,VERDADEIRO,VERDADEIRO
PC040130,Clothing And Related Products (Business-To-Customer)-Hosiery,PC040100,VERDADEIRO,VERDADEIRO
PC040131,Clothing And Related Products (Business-To-Customer)-Insoles for shoes,PC040130,VERDADEIRO,VERDADEIRO
PC040133,Clothing And Related Products (Business-To-Customer)-Leather wearing apparel,PC040130,VERDADEIRO,VERDADEIRO
PC040134,Clothing And Related Products (Business-To-Customer)-Neckties,PC040130,VERDADEIRO,VERDADEIRO
PC040135,Clothing And Related Products (Business-To-Customer)-Nightgowns,PC040130,VERDADEIRO,VERDADEIRO
PC040137,Clothing And Related Products (Business-To-Customer)-Pantyhose,PC040130,VERDADEIRO,VERDADEIRO
PC040138,Clothing And Related Products (Business-To-Customer)-Ponchos,PC040130,VERDADEIRO,VERDADEIRO
PC040139,Clothing And Related Products (Business-To-Customer)-Prom dresses (not rented),PC040130,VERDADEIRO,VERDADEIRO
PC040140,Clothing And Related Products (Business-To-Customer)-Rainwear,PC040100,VERDADEIRO,VERDADEIRO
PC040142,Clothing And Related Products (Business-To-Customer)-Sandals,PC040140,VERDADEIRO,VERDADEIRO
PC040143,Clothing And Related Products (Business-To-Customer)-Scarves,PC040140,VERDADEIRO,VERDADEIRO
PC040144,Clothing And Related Products (Business-To-Customer)-Shoes and shoe laces,PC040140,VERDADEIRO,VERDADEIRO
PC040145,Clothing And Related Products (Business-To-Customer)-Shoes inserts,PC040140,VERDADEIRO,VERDADEIRO
PC040146,Clothing And Related Products (Business-To-Customer)-Slippers,PC040140,VERDADEIRO,VERDADEIRO
PC040147,Clothing And Related Products (Business-To-Customer)-Sneakers,PC040140,VERDADEIRO,VERDADEIRO
PC040148,Clothing And Related Products (Business-To-Customer)-Socks and stockings,PC040140,VERDADEIRO,VERDADEIRO
PC040150,Clothing And Related Products (Business-To-Customer)-Suspenders,PC040100,VERDADEIRO,VERDADEIRO
PC040151,Clothing And Related Products (Business-To-Customer)-Tuxedos (not rentals),PC040150,VERDADEIRO,VERDADEIRO
PC040152,Clothing And Related Products (Business-To-Customer)-Underwear,PC040150,VERDADEIRO,VERDADEIRO
PC040153,"Clothing And Related Products (Business-To-Customer)-Uniform, non-athletic",PC040150,VERDADEIRO,VERDADEIRO
PC040155,Clothing And Related Products (Business-To-Customer)-Wedding apparel (not rented),PC040150,VERDADEIRO,VERDADEIRO
PC040156,Clothing And Related Products (Business-To-Customer)-Work clothes (other),PC040150,VERDADEIRO,VERDADEIRO
PC040201,Clothing And Related Products (Business-To-Customer)-Briefcases,PC040200,VERDADEIRO,VERDADEIRO
PC040202,Clothing And Related Products (Business-To-Customer)-Cosmetics,PC040200,VERDADEIRO,VERDADEIRO
PC040203,"Hair notions, including, but not limited to barrettes, hair bows, and Clothing And Related Products (Business-To-Customer)-hair nets",PC040200,VERDADEIRO,VERDADEIRO
PC040204,Clothing And Related Products (Business-To-Customer)-Handbags,PC040200,VERDADEIRO,VERDADEIRO
PC040205,Clothing And Related Products (Business-To-Customer)-Handkerchiefs,PC040200,VERDADEIRO,VERDADEIRO
PC040206,Clothing And Related Products (Business-To-Customer)-Jewelry,PC040200,VERDADEIRO,VERDADEIRO
PC040207,"Clothing And Related Products (Business-To-Customer)-Sunglasses, non-prescription",PC040200,VERDADEIRO,VERDADEIRO
PC040208,Clothing And Related Products (Business-To-Customer)-Umbrellas,PC040200,VERDADEIRO,VERDADEIRO
PC040209,Clothing And Related Products (Business-To-Customer)-Wallets,PC040200,VERDADEIRO,VERDADEIRO
PC040210,Clothing And Related Products (Business-To-Customer)-Watches,PC040200,VERDADEIRO,VERDADEIRO
PC040301,Clothing And Related Products (Business-To-Customer)-Breathing masks,PC040300,VERDADEIRO,VERDADEIRO
PC040302,Clothing And Related Products (Business-To-Customer)-Clean room apparel and equipment,PC040300,VERDADEIRO,VERDADEIRO
PC040303,Clothing And Related Products (Business-To-Customer)-Ear and hearing protectors,PC040300,VERDADEIRO,VERDADEIRO
PC040304,Clothing And Related Products (Business-To-Customer)-Face shields,PC040300,VERDADEIRO,VERDADEIRO
PC040305,Clothing And Related Products (Business-To-Customer)-Hard hats,PC040300,VERDADEIRO,VERDADEIRO
PC040306,Clothing And Related Products (Business-To-Customer)-Helmets (athletic),PC040300,VERDADEIRO,VERDADEIRO
PC040307,Clothing And Related Products (Business-To-Customer)-Helmets (bicycle),PC040300,VERDADEIRO,VERDADEIRO
PC040308,Clothing And Related Products (Business-To-Customer)-Helmets (motorcycle),PC040300,VERDADEIRO,VERDADEIRO
PC040309,Clothing And Related Products (Business-To-Customer)-Helmets (other),PC040300,VERDADEIRO,VERDADEIRO
PC040310,Clothing And Related Products (Business-To-Customer)-Helmets (snowmobile),PC040300,VERDADEIRO,VERDADEIRO
PC040311,Clothing And Related Products (Business-To-Customer)-Paint or dust respirators,PC040310,VERDADEIRO,VERDADEIRO
PC040313,Clothing And Related Products (Business-To-Customer)-Safety glasses and goggles,PC040310,VERDADEIRO,VERDADEIRO
PC040314,Clothing And Related Products (Business-To-Customer)-Safety belts,PC040310,VERDADEIRO,VERDADEIRO
PC040315,Clothing And Related Products (Business-To-Customer)-Tool belts,PC040310,VERDADEIRO,VERDADEIRO
PC040316,Clothing And Related Products (Business-To-Customer)-Welders gloves and masks,PC040310,VERDADEIRO,VERDADEIRO
PC040401,Clothing And Related Products (Business-To-Customer)-Ballet and tap shoes,PC040400,VERDADEIRO,VERDADEIRO
PC040402,Clothing And Related Products (Business-To-Customer)-Cleated or spiked athletic shoes,PC040400,VERDADEIRO,VERDADEIRO
PC040403,"Clothing And Related Products (Business-To-Customer)-Gloves including baseball, bowling, boxing, hockey, golf",PC040400,VERDADEIRO,VERDADEIRO
PC040404,Clothing And Related Products (Business-To-Customer)-Goggles,PC040400,VERDADEIRO,VERDADEIRO
PC040405,Clothing And Related Products (Business-To-Customer)-Gym suits,PC040400,VERDADEIRO,VERDADEIRO
PC040406,Clothing And Related Products (Business-To-Customer)-Hand and elbow guards,PC040400,VERDADEIRO,VERDADEIRO
PC040407,"Clothing And Related Products (Business-To-Customer)-Jogging outfits, sweat suits",PC040400,VERDADEIRO,VERDADEIRO
PC040408,Clothing And Related Products (Business-To-Customer)-Life preservers and vest,PC040400,VERDADEIRO,VERDADEIRO
PC040409,Clothing And Related Products (Business-To-Customer)-Mouth guards,PC040400,VERDADEIRO,VERDADEIRO
PC040410,Clothing And Related Products (Business-To-Customer)-Roller and ice skates,PC040400,VERDADEIRO,VERDADEIRO
PC040411,Clothing And Related Products (Business-To-Customer)-Shin guards,PC040410,VERDADEIRO,VERDADEIRO
PC040412,Clothing And Related Products (Business-To-Customer)-Shoulder pads,PC040410,VERDADEIRO,VERDADEIRO
PC040413,Clothing And Related Products (Business-To-Customer)-Ski boots,PC040410,VERDADEIRO,VERDADEIRO
PC040414,"Clothing And Related Products (Business-To-Customer)-Uniform, athletic",PC040410,VERDADEIRO,VERDADEIRO
PC040415,Clothing And Related Products (Business-To-Customer)-Waders,PC040410,VERDADEIRO,VERDADEIRO
PC040500,Clothing And Related Products (Business-To-Customer)-childrens only,PC040000,VERDADEIRO,VERDADEIRO
PC040600,Clothing And Related Products (Business-To-Customer)-other,PC040000,VERDADEIRO,VERDADEIRO
PC040601,Clothing And Related Products (Business-To-Customer)-Fur,PC040600,VERDADEIRO,VERDADEIRO
PC040602,Clothing And Related Products (Business-To-Customer)-Gloves for non-general use,PC040600,VERDADEIRO,VERDADEIRO
PC060000,Computer Cleaning Equipment,P0000000,VERDADEIRO,VERDADEIRO
PC070000,Computer Hardware (Business-to-Business),P0000000,VERDADEIRO,VERDADEIRO
PC070100,"Computer Packages (CPU, Monitor, Mouse, Keyboard and Speakers)",PC070000,VERDADEIRO,VERDADEIRO
PC070200,Computer Hardware (Business-to-Business) CPU ,PC070000,VERDADEIRO,VERDADEIRO
PC070300,Computer Hardware (Business-to-Business) Monitor,PC070000,VERDADEIRO,VERDADEIRO
PC070400,Computer Hardware (Business-to-Business) Peripheral,PC070000,VERDADEIRO,VERDADEIRO
PC070500,Computer Hardware (Business-to-Business) Other accessories,PC070000,VERDADEIRO,VERDADEIRO
PC070600,Computer Hardware (Business-to-Business) Printer,PC070000,VERDADEIRO,VERDADEIRO
PC070601,Computer Hardware (Business-to-Business) supplies,PC070600,VERDADEIRO,VERDADEIRO
PC080000,Computer Hardware (Business-to-Customer),P0000000,VERDADEIRO,VERDADEIRO
PC080100,"Computer hardware packages (CPU, Monitor, Mouse, Keyboard and Speakers)",PC080000,VERDADEIRO,VERDADEIRO
PC080200,"Computer hardware packages (CPU, Monitor, Mouse, Keyboard and Speakers): CPU ",PC080000,VERDADEIRO,VERDADEIRO
PC080300,"Computer hardware packages (CPU, Monitor, Mouse, Keyboard and Speakers):Monitor",PC080000,VERDADEIRO,VERDADEIRO
PC080400,"Computer hardware packages (CPU, Monitor, Mouse, Keyboard and Speakers): Other accessories",PC080000,VERDADEIRO,VERDADEIRO
PC080500,"Computer hardware packages (CPU, Monitor, Mouse, Keyboard and Speakers): Peripheral",PC080000,VERDADEIRO,VERDADEIRO
PC080600,"Computer hardware packages (CPU, Monitor, Mouse, Keyboard and Speakers): Printer",PC080000,VERDADEIRO,VERDADEIRO
PC080601,"Computer hardware packages (CPU, Monitor, Mouse, Keyboard and Speakers): supplies",PC080600,VERDADEIRO,VERDADEIRO
DG010100,Digital goods: Games-Physical Media,DG010000,VERDADEIRO,VERDADEIRO
DG010200,Digital goods: Games-Streaming / electronic download,DG010000,FALSO,VERDADEIRO
DI010100,Digital Images-Physical Media,DI010000,VERDADEIRO,VERDADEIRO
DI010200,Digital Images-Streaming / electronic download,DI010000,FALSO,VERDADEIRO
DM020200,Digital goods: Mailing Lists-Streaming / electronic download,DM020000,FALSO,VERDADEIRO
DM030100,Digital goods: Movies-Physical Media,DM030000,VERDADEIRO,VERDADEIRO
DM040100,Digital goods: Music-Physical Media,DM040000,VERDADEIRO,VERDADEIRO
DP010100,Digital goods: Photographs-Physical Media,DP010000,VERDADEIRO,VERDADEIRO
DP010200,Digital goods: Photographs-Streaming / electronic download,DP010000,FALSO,VERDADEIRO
DV010100,Digital goods: Videos-Physical Media,DV010000,VERDADEIRO,VERDADEIRO
OD020400,Dues/Membership that guarantees transfer of TPP (magazine subscription comes with membership),OD020000,FALSO,VERDADEIRO
PB100400,"Books / Manuals-bibles, hymnals, prayer books, and text books to church or religious organization",PB100000,VERDADEIRO,VERDADEIRO
DC011000,Computer Software system software,DC010000,VERDADEIRO,VERDADEIRO
SB040100,"Beauty-haircutting, coloring, and styling",SB040000,FALSO,VERDADEIRO
SC080307,"Computer Software Implementation - Not Associated With the Sale of Software-Training Only-custom system software (electronically downloaded, for an operator or programmer defined as an IT person)",SC080300,FALSO,VERDADEIRO
SC080308,"Computer Software Implementation - Not Associated With the Sale of Software-Training Only-custom system software (load and leave, for an operator or programmer defined as an IT person)",SC080300,FALSO,VERDADEIRO
SC080309,"Computer Software Implementation - Not Associated With the Sale of Software-Training Only-custom system software (physical media, for an operator or programmer defined as an IT person)",SC080300,FALSO,VERDADEIRO
PF051100,Food And Food Ingredients-supplements (supplements facts included on label),PF050000,VERDADEIRO,VERDADEIRO
PF051101,Food And Food Ingredients-supplements (supplements facts included on label) Brewer's yeast,PF051100,VERDADEIRO,VERDADEIRO
PF051102,Food And Food Ingredients-supplements (supplements facts included on label) Other supplement,PF051100,VERDADEIRO,VERDADEIRO
PF051103,Food And Food Ingredients-supplements (supplements facts included on label) Seaweed,PF051100,VERDADEIRO,VERDADEIRO
PF051104,Food And Food Ingredients-supplements (supplements facts included on label) Wheat germ,PF051100,VERDADEIRO,VERDADEIRO
PF051105,Food And Food Ingredients-supplements (supplements facts included on label) Rose hip powder,PF051100,VERDADEIRO,VERDADEIRO
FR,Shipping Only common carrier - FOB destination (Backward Compatibility),FR020000,FALSO,VERDADEIRO
PF050226,"Food And Food Ingredients-beverages (non-carbonated beverages)-Water (flavored bottled, sweetened)",PF050200,VERDADEIRO,VERDADEIRO
DC012000,License to use software application via the internet,DC010000,FALSO,FALSO
SD020902,Data processing - electronic output,SD020900,FALSO,VERDADEIRO
PF050001,Food And Food Ingredients (per SSUTA),PF050000,VERDADEIRO,VERDADEIRO
PH050730,Testing kits for UTI,PH050700,VERDADEIRO,VERDADEIRO
SM020201,parts & labor,SM020200,FALSO,FALSO
SP110000,Printing / Publishing (not associated with the sale of TPP - service only),S0000000,FALSO,FALSO
PH050732,Drug Testing Kits,PH050700,VERDADEIRO,VERDADEIRO
PH100000,Hurricane Preparedness Supplies,P0000000,VERDADEIRO,FALSO
PE070210,Energy Efficient Equipment - Freezers,PE070200,VERDADEIRO,FALSO
PE070211,Energy Efficient Equipment - Room Air Cleaners,PE070200,VERDADEIRO,FALSO
PE070213,Energy Efficient Equipment - Water Coolers,PE070200,VERDADEIRO,FALSO
PE070214,Energy Efficient Equipment - Battery Chargers,PE070200,VERDADEIRO,FALSO
PT030400,Telecom - Installation,PT030000,FALSO,VERDADEIRO
PT030500,Telecom - Warranty Contracts (mandatory),PT030000,FALSO,VERDADEIRO
PT030501,Telecom - Warranty Contracts (optional),PT030000,FALSO,VERDADEIRO
PT030600,Telecom - Machinery and Equipment (Replacement Parts),PT030000,VERDADEIRO,VERDADEIRO
PF05020H,Non carbonated beverages purchased with Hostess Credits,PF050200,VERDADEIRO,VERDADEIRO
PIF,Public Improvement Fee,8974,FALSO,FALSO
RSF,Retail Sales Fee,8974,FALSO,FALSO
31010,Specified Digital Products (with rights of permanent use) ,,VERDADEIRO,FALSO
31020,Specified Digital Products (with rights of less than permanent use) ,,VERDADEIRO,FALSO
31030,Specified Digital Products (with rights conditioned on continued payments) ,,VERDADEIRO,FALSO
52490,Repair and replacement parts which are for single patient use,,VERDADEIRO,FALSO
SE100100,Embroidery Services with the sale of clothing,S0000000,FALSO,VERDADEIRO
11022,Inactive SST SKUs: Postage for Direct Mail,,FALSO,FALSO
0500,"Food - Supplements, Nutrients, & Supplies",PH050000,VERDADEIRO,FALSO
0320,Dental Supplies and Equipment,PH050000,VERDADEIRO,FALSO
1220,Surgical Equipment & Supplies,PH050000,VERDADEIRO,FALSO
SF090000,Food Services,S0000000,FALSO,FALSO
0820,Medical Supplies - Needles & Syringes,PH050000,VERDADEIRO,FALSO
PA200000,Accessories,P0000000,VERDADEIRO,FALSO
0130,"Blood, Tissue & Blood Supplies",PH050000,VERDADEIRO,FALSO
1000,Prosthetics & Orthotics - Non Implanted,PH050000,VERDADEIRO,FALSO
0790,Medical Supplies - Diabetic,PH050000,VERDADEIRO,FALSO
PH060000,Home Items,P0000000,VERDADEIRO,FALSO
PC160000,Cable Head-End Equipment,P0000000,VERDADEIRO,FALSO
SF810000,Fur Services,S0000000,FALSO,FALSO
0390,Drugs & Medicines,PH050000,VERDADEIRO,FALSO
0750,Medical Equipment - Diagnostic,PH050000,VERDADEIRO,FALSO
0040,Apparel & Linens,PH050000,VERDADEIRO,FALSO
PR080000,Capital Lease,P0000000,VERDADEIRO,FALSO
1150,Skin & Wound Care,PH050000,VERDADEIRO,FALSO
0800,Medical Supplies - Dialysis,PH050000,VERDADEIRO,FALSO
0830,Medical Supplies - Respiratory,PH050000,VERDADEIRO,FALSO
1140,Skin & Hygiene,PH050000,VERDADEIRO,FALSO
0400,Drugs & Medicines - Solutions & Chemicals,PH050000,VERDADEIRO,FALSO
0840,Medical Supplies - Wound Closure,PH050000,VERDADEIRO,FALSO
0670,"Kits, Packs & Trays",PH050000,VERDADEIRO,FALSO
0760,Medical Equipment - General,PH050000,VERDADEIRO,FALSO
0780,Medical Supplies - Catheters,PH050000,VERDADEIRO,FALSO
0110,"Beds, Furniture & Accessories",PH050000,VERDADEIRO,FALSO
SC223000,Childcare Services,S0000000,FALSO,FALSO
1210,Supplies - Non-Medical,PH050000,VERDADEIRO,FALSO
0990,Prosthetics & Orthotics - Implanted,PH050000,VERDADEIRO,FALSO
0810,Medical Supplies - General,PH050000,VERDADEIRO,FALSO
PH050000,Health Care Products,P0000000,VERDADEIRO,VERDADEIRO
40,Medical Supplies - General,PH050000,VERDADEIRO,FALSO
0900,Oral Care,PH050000,VERDADEIRO,FALSO
0210,Casting Supplies,PH050000,VERDADEIRO,FALSO
PA300000,Automotive Products and Supplies,P0000000,VERDADEIRO,FALSO
PB200000,Boats and Boat Accessories,P0000000,VERDADEIRO,FALSO
SG040000,Guide Services,S0000000,FALSO,FALSO
PF220000,Fireworks,P0000000,VERDADEIRO,FALSO
PS160000,Smoking Products,P0000000,VERDADEIRO,FALSO
PH050125,Health Care Products - Free samples of prescription drugs for human use,PH050120,VERDADEIRO,VERDADEIRO
PH050208,Health Care Products-durable medical equipment-home use with a prescription,PH050200,VERDADEIRO,VERDADEIRO
PH050142,"Health Care Products - Oxygen delivery equipment, not for home use with a prescription paid for by Medicare",PH050100,VERDADEIRO,VERDADEIRO
PH050147,Health Care Products - Oxygen delivery equipment for home use with a prescription,PH050100,VERDADEIRO,VERDADEIRO
PH050217,Health Care Products - Durable medical equipment for home use with a  prescription paid for by Medicare,PH050200,VERDADEIRO,VERDADEIRO
PH050223,"Health Care Products - Kidney dialysis equipment, not for home use, with a prescription paid for by Medicare",PH050200,VERDADEIRO,VERDADEIRO
PH050228,"Health Care Products - Kidney dialysis equipment, for home use, with a prescription",PH050200,VERDADEIRO,VERDADEIRO
PH050233,"Health Care Products - Enteral feeding system, not for home use, without a prescription",PH050200,VERDADEIRO,VERDADEIRO
PH050238,"Health Care Products - Enteral feeding systems, not for home use, with a prescription reimbursed by Medicaid",PH050200,VERDADEIRO,VERDADEIRO
PH050244,Health Care Products - Enteral feeding systems for home use with a prescription reimbursed by Medicaid,PH050200,VERDADEIRO,VERDADEIRO
PH050311,Health Care Products - Mobility enhancing equipment with a prescription reimbursed by Medicare,PH050300,VERDADEIRO,VERDADEIRO
PH050442,Health Care Products - Prosthetic devices with a prescription paid for by Medicaid,PH050400,VERDADEIRO,VERDADEIRO
PH050447,Health Care Products - Corrective eyeglasses with a prescription reimbursed by Medicaid,PH050400,VERDADEIRO,VERDADEIRO
PH050452,Health Care Products - Hearing aids with a prescription paid for by Medicare,PH050400,VERDADEIRO,VERDADEIRO
PH050457,Health Care Products - Dental prosthesis with a prescription reimbursed by Medicare,PH050400,VERDADEIRO,VERDADEIRO
PH050116,Health Care Products-Over-the-counter drugs for animal use with a prescription,PH050120,VERDADEIRO,VERDADEIRO
PH050122,Health Care Products - Prescription drugs for animal use to hospitals and other animal medical facilities,PH050120,VERDADEIRO,VERDADEIRO
PH050126,Health Care Products - Free samples of drugs for animal use,PH050120,VERDADEIRO,VERDADEIRO
PH050127,Health Care Products - Free samples of prescription drugs for animal use,PH050100,VERDADEIRO,VERDADEIRO
PF050115,Food And Food Ingredients-beverages (carbonated beverages)-Water (plain bottled),PF090120,VERDADEIRO,VERDADEIRO
PF090123,"Food - Vending Machine Located At Other Locations-Food, candy and beverages -Food (cold)",PF120100,VERDADEIRO,VERDADEIRO
PH050140,"Health Care Products - Oxygen delivery equipment not for home use, without a prescription",PH050100,VERDADEIRO,VERDADEIRO
PH050143,"Health Care Products - Oxygen delivery equipment, not for home use with a prescription reimbursed by Medicare",PH050100,VERDADEIRO,VERDADEIRO
PH050144,"Health Care Products - Oxygen delivery equipment, not for home use with a prescription paid for by Medicaid",PH050100,VERDADEIRO,VERDADEIRO
PH050145,"Health Care Products - Oxygen delivery equipment, not for home use with a prescription reimbursed by Medicaid",PH050100,VERDADEIRO,VERDADEIRO
PH050148,Health Care Products - Oxygen delivery equipment for home use with a prescription paid for by Medicare,PH050100,VERDADEIRO,VERDADEIRO
PH050149,Health Care Products - Oxygen delivery equipment for home use with a prescription reimbursed by Medicare,PH050100,VERDADEIRO,VERDADEIRO
PH050150,Health Care Products - Oxygen delivery equipment for home use with a prescription paid for by Medicaid,PH050100,VERDADEIRO,VERDADEIRO
PH050154,Health Care Products - Prescription drugs for human use to hospitals,PH050100,VERDADEIRO,VERDADEIRO
PH050155,Health Care Products - Prescription drugs for human use to other medical facilities,PH050200,VERDADEIRO,VERDADEIRO
PH050246,"Durable medical equipment, not for home use, without a prescription",PH050200,VERDADEIRO,VERDADEIRO
PH050247,"Health Care Products - Durable medical equipment, not for home use, with a prescription",PH050300,VERDADEIRO,VERDADEIRO
PH050213,"Health Care Products - Durable medical equipment, not for home use, with a prescription paid for by Medicare",PH050200,VERDADEIRO,VERDADEIRO
PH050214,"Health Care Products - Durable medical equipment, not for home use, with a prescription reimbursed by Medicare",PH050200,VERDADEIRO,VERDADEIRO
PH050215,"Health Care Products - Durable medical equipment, not for home use, with a prescription paid for by Medicaid",PH050200,VERDADEIRO,VERDADEIRO
PH050218,Health Care Products - Durable medical equipment for home use with a prescription reimbursed by Medicare,PH050200,VERDADEIRO,VERDADEIRO
PH050219,Health Care Products - Durable medical equipment for home use with a  prescription paid for by Medicaid,PH050200,VERDADEIRO,VERDADEIRO
PH050220,Health Care Products - Durable medical equipment for home use with a prescription reimbursed by Medicaid,PH050200,VERDADEIRO,VERDADEIRO
PH050224,"Health Care Products - Kidney dialysis equipment, not for home use, with a prescription reimbursed by Medicare",PH050200,VERDADEIRO,VERDADEIRO
PH050225,"Health Care Products - Kidney dialysis equipment, not for home use, with a prescription paid for by Medicaid",PH050200,VERDADEIRO,VERDADEIRO
PH050226,"Health Care Products - Kidney dialysis equipment, not for home use, with a prescription reimbursed by Medicaid",PH050200,VERDADEIRO,VERDADEIRO
PH050229,"Health Care Products - Kidney dialysis equipment, for home use, with a prescription paid for by Medicare",PH050200,VERDADEIRO,VERDADEIRO
PH050230,"Health Care Products - Kidney dialysis equipment, for home use, with a prescription reimbursed by Medicare",PH050200,VERDADEIRO,VERDADEIRO
PH050231,"Health Care Products - Kidney dialysis equipment, for home use, with a prescription paid for by Medicaid",PH050200,VERDADEIRO,VERDADEIRO
PH050234,"Health Care Products - Enteral feeding system, not for home use, with a prescription",PH050200,VERDADEIRO,VERDADEIRO
PH050235,"Health Care Products - Enteral feeding systems, not for home use, with a prescription paid for by Medicare",PH050200,VERDADEIRO,VERDADEIRO
PH050236,"Health Care Products - Enteral feeding systems, not for home use, with a prescription reimbursed by Medicare",PH050200,VERDADEIRO,VERDADEIRO
PH050239,"Health Care Products - Enteral feeding system, for home use, without a prescription",PH050200,VERDADEIRO,VERDADEIRO
PH050240,"Health Care Products - Enteral feeding system, for home use, with a prescription",PH050200,VERDADEIRO,VERDADEIRO
PH050241,"Health Care Products - Enteral feeding systems, for home use, with a prescription paid for by Medicare",PH050200,VERDADEIRO,VERDADEIRO
PH050245,Health Care Products - Repair and replacement parts for durable medical equipment which are for single patient use,PH050200,VERDADEIRO,VERDADEIRO
PH050312,Health Care Products - Mobility enhancing equipment with a prescription paid for by Medicaid,PH050300,VERDADEIRO,VERDADEIRO
PH050313,Health Care Products - Mobility enhancing equipment with a prescription reimbursed by Medicaid,PH050400,VERDADEIRO,VERDADEIRO
PH050440,Health Care Products - Prosthetic devices with a prescription paid for by Medicare,PH050400,VERDADEIRO,VERDADEIRO
PH050443,Health Care Products - Prosthetic devices with a prescription reimbursed by Medicaid,PH050400,VERDADEIRO,VERDADEIRO
PH050444,Health Care Products - Corrective eyeglasses with a prescription paid for by Medicare,PH050400,VERDADEIRO,VERDADEIRO
PH050445,Health Care Products - Corrective eyeglasses with a prescription reimbursed by Medicare,PH050400,VERDADEIRO,VERDADEIRO
PH050448,Health Care Products - Contact lenses with a prescription paid for by Medicare,PH050400,VERDADEIRO,VERDADEIRO
PH050449,Health Care Products - Contact lenses with a prescription reimbursed by Medicare,PH050400,VERDADEIRO,VERDADEIRO
PH050450,Health Care Products - Contact lenses with a prescription paid for by Medicaid,PH050400,VERDADEIRO,VERDADEIRO
PH050453,Health Care Products - Hearing aids with a prescription reimbursed by Medicare,PH050400,VERDADEIRO,VERDADEIRO
PH050454,Health Care Products - Hearing aids with a prescription paid for by Medicaid,PH050400,VERDADEIRO,VERDADEIRO
PH050455,Health Care Products  - Hearing aids with a prescription reimbursed by Medicaid,PH050400,VERDADEIRO,VERDADEIRO
PH050458,Health Care Products - Dental prosthesis with a prescription paid for by Medicaid,PH050400,VERDADEIRO,VERDADEIRO
PH050459,Health Care Products - Dental prosthesis with a prescription reimbursed by Medicaid,PH050400,VERDADEIRO,VERDADEIRO
PH050124,Health Care Products - Free samples of drugs for human use,PH050120,VERDADEIRO,VERDADEIRO
PH050207,Health Care Products-durable medical equipment-home use without a prescription,PH050200,VERDADEIRO,VERDADEIRO
PH050141,"Health Care Products - Oxygen delivery equipment not for home use, with a prescription",PH050100,VERDADEIRO,VERDADEIRO
PH050146,Health Care Products - Oxygen delivery equipment for home use without a prescription,PH050100,VERDADEIRO,VERDADEIRO
PH050151,Health Care Products - Oxygen delivery equipment for home use with a prescription reimbursed by Medicaid,PH050100,VERDADEIRO,VERDADEIRO
PH050216,"Health Care Products - Durable medical equipment, not for home use, with a prescription reimbursed by Medicaid",PH050200,VERDADEIRO,VERDADEIRO
PH050221,"Health Care Products - Kidney dialysis equipment, not for home use, without a prescription",PH050200,VERDADEIRO,VERDADEIRO
PH050227,"Health Care Products - Kidney dialysis equipment, for home use, without a prescription",PH050200,VERDADEIRO,VERDADEIRO
PH050232,"Health Care Products - Kidney dialysis equipment, for home use, with a prescription reimbursed by Medicaid",PH050200,VERDADEIRO,VERDADEIRO
PH050237,"Health Care Products - Enteral feeding systems, not for home use, with a prescription paid by Medicaid",PH050200,VERDADEIRO,VERDADEIRO
PH050242,"Health Care Products - Enteral feeding systems, for home use, with a prescription reimbursed by Medicare",PH050200,VERDADEIRO,VERDADEIRO
PH050310,Health Care Products - Mobility enhancing equipment with a prescription paid for by Medicare,PH050300,VERDADEIRO,VERDADEIRO
PH050441,Health Care Products - Prosthetic devices with a prescription reimbursed by Medicare,PH050400,VERDADEIRO,VERDADEIRO
PH050446,Health Care Products - Corrective eyeglasses with a prescription paid for by Medicaid,PH050400,VERDADEIRO,VERDADEIRO
PH050451,Health Care Products - Contact lenses with a prescription reimbursed by Medicaid,PH050400,VERDADEIRO,VERDADEIRO
PH050456,Health Care Products - Dental prosthesis with a prescription paid for by Medicare,PH050400,VERDADEIRO,VERDADEIRO
FR030700,Shipping and Handling-Direct Mail-printed material for mass audience delivery,FR030000,FALSO,VERDADEIRO
SD040100,Collection Services,SD040000,FALSO,VERDADEIRO
DV029398,Digital audio visual works sold to users other than the end user,DV020000,FALSO,VERDADEIRO
DA051013,Digital audio works sold to users other than the end user,DA050000,FALSO,VERDADEIRO
DB031016,Digital books sold to users other than the end user,DB030000,FALSO,VERDADEIRO
PH050243,Enteral feeding systems for home use with a prescription paid for by Medicaid,PH050200,VERDADEIRO,VERDADEIRO
DV020000,Digital Audio Visual Works,D0000000,FALSO,FALSO
DA050000,Digital Audio Works,D0000000,FALSO,FALSO
DB030000,Digital Books,D0000000,FALSO,FALSO
PG080000,Gift Baskets,P0000000,VERDADEIRO,FALSO
PH050222,"Kidney dialysis equipment, not for home use, with a prescription",PH050200,VERDADEIRO,VERDADEIRO
DV021009,Digital Audio Visual Works (with rights conditioned on continued payments),DV020000,FALSO,VERDADEIRO
DA051012,Digital Audio Works (with rights conditioned on continued payments),DA050000,FALSO,VERDADEIRO
DB031015,Digital Books (with rights conditioned on continued payments),DB030000,FALSO,VERDADEIRO
PD070000,Distribution Equipment,P0000000,VERDADEIRO,FALSO
DV021008,Digital Audio Visual Works (with rights of less than permanent use),DV020000,FALSO,VERDADEIRO
DA059399,Digital Audio Works (with rights of less than permanent use),DA050000,FALSO,VERDADEIRO
DB031014,Digital Books (with rights of less than permanent use),DB030000,FALSO,VERDADEIRO
PM030100,Magazines-non-religious content,PM030000,VERDADEIRO,VERDADEIRO
FR020000,Shipping Only (Not paid directly to common carrier),FR000000,FALSO,VERDADEIRO
SJ010300,Janitorial-residential,SJ010000,FALSO,VERDADEIRO
PM030000,Magazines (not second class mail matter / not controlled circulation publication),P0000000,VERDADEIRO,VERDADEIRO
PS080101,Buttons,PS080100,VERDADEIRO,VERDADEIRO
SC160000,Consulting,SC100000,FALSO,VERDADEIRO
SS040000,Security,S0000000,FALSO,VERDADEIRO
PI040400,Expired Tax Code - Do Not Use,PI040000,VERDADEIRO,FALSO
PI040700,Expired Tax Code - Do Not Use,PI040000,VERDADEIRO,FALSO
PS080000,Expired Tax Code - Do Not Use,P0000000,VERDADEIRO,FALSO
PS080102,Expired Tax Code - Do Not Use,PS080100,VERDADEIRO,FALSO
PS080104,Expired Tax Code - Do Not Use,PS080100,VERDADEIRO,FALSO
SC110000,Expired Tax Code - Do Not Use,SC100000,FALSO,FALSO
PH050704,Expired Tax Code - Do Not Use,PH050700,VERDADEIRO,FALSO
PI041300,Expired Tax Code - Do Not Use,PI041000,VERDADEIRO,FALSO
PS080107,Expired Tax Code - Do Not Use,PS080100,VERDADEIRO,FALSO
PS080109,Expired Tax Code - Do Not Use,PS080100,VERDADEIRO,FALSO
PS080111,Expired Tax Code - Do Not Use,PS080110,VERDADEIRO,FALSO
PI040500,Expired Tax Code - Do Not Use,PI040000,VERDADEIRO,FALSO
PS080100,Expired Tax Code - Do Not Use,PS080000,VERDADEIRO,FALSO
PS080103,Expired Tax Code - Do Not Use,PS080100,VERDADEIRO,FALSO
SB040000,Expired Tax Code - Do Not Use,S0000000,FALSO,FALSO
PH050705,Expired Tax Code - Do Not Use,PH050700,VERDADEIRO,FALSO
PI041100,Expired Tax Code - Do Not Use,PI041000,VERDADEIRO,FALSO
PR060102,Expired Tax Code - Do Not Use,PR060100,VERDADEIRO,FALSO
PS080106,Expired Tax Code - Do Not Use,PS080100,VERDADEIRO,FALSO
PS080108,Expired Tax Code - Do Not Use,PS080100,VERDADEIRO,FALSO
PS080110,Expired Tax Code - Do Not Use,PS080100,VERDADEIRO,FALSO
PC030104,Expired Tax Code - Do Not Use,PC030100,VERDADEIRO,FALSO
PH050210,Expired Tax Code - Do Not Use,PH050200,VERDADEIRO,FALSO
PH050427,Expired Tax Code - Do Not Use,PH050420,VERDADEIRO,FALSO
PI040000,Expired Tax Code - Do Not Use,PI0100000,VERDADEIRO,FALSO
PP040108,Expired Tax Code - Do Not Use,PP040100,VERDADEIRO,FALSO
SM010000,Expired Tax Code - Do Not Use,S0000000,FALSO,FALSO
OE010202,Expired Tax Code - Do Not Use,OE010200,FALSO,FALSO
PH050615,Expired Tax Code - Do Not Use,PH050610,VERDADEIRO,FALSO
PH050642,Expired Tax Code - Do Not Use,PH050640,VERDADEIRO,FALSO
PH050663,Expired Tax Code - Do Not Use,PH050660,VERDADEIRO,FALSO
PH050685,Expired Tax Code - Do Not Use,PH050680,VERDADEIRO,FALSO
PH050708,Expired Tax Code - Do Not Use,PH050700,VERDADEIRO,FALSO
OT010501,Expired Tax Code - Do Not Use,OT010500,FALSO,FALSO
SC080400,Expired Tax Code - Do Not Use,SC080000,FALSO,FALSO
SC080401,Expired Tax Code - Do Not Use,SC080400,FALSO,FALSO
PC030112,Expired Tax Code - Do Not Use,PC030110,VERDADEIRO,FALSO
PH050303,Expired Tax Code - Do Not Use,PH050300,VERDADEIRO,FALSO
PH050428,Expired Tax Code - Do Not Use,PH050420,VERDADEIRO,FALSO
PI040100,Expired Tax Code - Do Not Use,PI040000,VERDADEIRO,FALSO
PP040109,Expired Tax Code - Do Not Use,PP040100,VERDADEIRO,FALSO
SP030000,Expired Tax Code - Do Not Use,S0000000,FALSO,FALSO
OT020000,Expired Tax Code - Do Not Use,O0000000,FALSO,FALSO
OE010203,Expired Tax Code - Do Not Use,OE010200,FALSO,FALSO
PH050616,Expired Tax Code - Do Not Use,PH050610,VERDADEIRO,FALSO
PH050643,Expired Tax Code - Do Not Use,PH050640,VERDADEIRO,FALSO
PH050664,Expired Tax Code - Do Not Use,PH050660,VERDADEIRO,FALSO
PH050686,Expired Tax Code - Do Not Use,PH050680,VERDADEIRO,FALSO
PH050710,Expired Tax Code - Do Not Use,PH050700,VERDADEIRO,FALSO
SC080402,Expired Tax Code - Do Not Use,SC080400,FALSO,FALSO
PA030107,Expired Tax Code - Do Not Use,PA030100,VERDADEIRO,FALSO
PH050304,Expired Tax Code - Do Not Use,PH050300,VERDADEIRO,FALSO
PH050429,Expired Tax Code - Do Not Use,PH050420,VERDADEIRO,FALSO
PI040200,Expired Tax Code - Do Not Use,PI040000,VERDADEIRO,FALSO
PP040110,Expired Tax Code - Do Not Use,PP040100,VERDADEIRO,FALSO
SP070000,Expired Tax Code - Do Not Use,S0000000,FALSO,FALSO
OE010204,Expired Tax Code - Do Not Use,OE010200,FALSO,FALSO
OT020500,Expired Tax Code - Do Not Use,OT020000,FALSO,FALSO
PH050617,Expired Tax Code - Do Not Use,PH050610,VERDADEIRO,FALSO
PH050645,Expired Tax Code - Do Not Use,PH050640,VERDADEIRO,FALSO
PH050665,Expired Tax Code - Do Not Use,PH050660,VERDADEIRO,FALSO
PH050687,Expired Tax Code - Do Not Use,PH050680,VERDADEIRO,FALSO
PH050711,Expired Tax Code - Do Not Use,PH050710,VERDADEIRO,FALSO
PD060400,Expired Tax Code - Do Not Use,PD060000,VERDADEIRO,FALSO
SC080403,Expired Tax Code - Do Not Use,SC080400,FALSO,FALSO
PC030416,Expired Tax Code - Do Not Use,PC030400,VERDADEIRO,FALSO
PH050305,Expired Tax Code - Do Not Use,PH050300,VERDADEIRO,FALSO
PH050430,Expired Tax Code - Do Not Use,PH050400,VERDADEIRO,FALSO
PI040300,Expired Tax Code - Do Not Use,PI040000,VERDADEIRO,FALSO
PP040111,Expired Tax Code - Do Not Use,PP040110,VERDADEIRO,FALSO
SR080200,Expired Tax Code - Do Not Use,SR080000,FALSO,FALSO
OE010205,Expired Tax Code - Do Not Use,OE010200,FALSO,FALSO
PH040200,Expired Tax Code - Do Not Use,PH040000,VERDADEIRO,FALSO
PH050618,Expired Tax Code - Do Not Use,PH050610,VERDADEIRO,FALSO
PH050646,Expired Tax Code - Do Not Use,PH050640,VERDADEIRO,FALSO
PH050666,Expired Tax Code - Do Not Use,PH050660,VERDADEIRO,FALSO
PH050688,Expired Tax Code - Do Not Use,PH050680,VERDADEIRO,FALSO
PH050712,Expired Tax Code - Do Not Use,PH050710,VERDADEIRO,FALSO
PD060401,Expired Tax Code - Do Not Use,PD060400,VERDADEIRO,FALSO
SC090700,Expired Tax Code - Do Not Use,SC090000,FALSO,FALSO
PC040416,Expired Tax Code - Do Not Use,PC040100,VERDADEIRO,FALSO
PH050306,Expired Tax Code - Do Not Use,PH050300,VERDADEIRO,FALSO
PI040800,Expired Tax Code - Do Not Use,PI040000,VERDADEIRO,FALSO
PP040112,Expired Tax Code - Do Not Use,PP040110,VERDADEIRO,FALSO
SS080000,Expired Tax Code - Do Not Use,S0000000,FALSO,FALSO
OE010206,Expired Tax Code - Do Not Use,OE010200,FALSO,FALSO
SC110201,Expired Tax Code - Do Not Use,SC110200,FALSO,FALSO
SC210100,Expired Tax Code - Do Not Use,SC210000,FALSO,FALSO
PE070207,Expired Tax Code - Do Not Use,PE070200,VERDADEIRO,FALSO
PH050502,Expired Tax Code - Do Not Use,PH050500,VERDADEIRO,FALSO
PH050619,Expired Tax Code - Do Not Use,PH050610,VERDADEIRO,FALSO
PH050647,Expired Tax Code - Do Not Use,PH050640,VERDADEIRO,FALSO
PH050667,Expired Tax Code - Do Not Use,PH050660,VERDADEIRO,FALSO
PH050689,Expired Tax Code - Do Not Use,PH050680,VERDADEIRO,FALSO
PH050713,Expired Tax Code - Do Not Use,PH050710,VERDADEIRO,FALSO
PM020106,Expired Tax Code - Do Not Use,PM020100,VERDADEIRO,FALSO
SC075000,Expired Tax Code - Do Not Use,S0000000,FALSO,FALSO
PH050403,Expired Tax Code - Do Not Use,PH050400,VERDADEIRO,FALSO
PI041000,Expired Tax Code - Do Not Use,PI040000,VERDADEIRO,FALSO
PP040207,Expired Tax Code - Do Not Use,PP040200,VERDADEIRO,FALSO
SS120000,Expired Tax Code - Do Not Use,SS100000,FALSO,FALSO
OE010209,Expired Tax Code - Do Not Use,OE010200,FALSO,FALSO
SC110202,Expired Tax Code - Do Not Use,SC110200,FALSO,FALSO
SC210200,Expired Tax Code - Do Not Use,SC210000,FALSO,FALSO
PE070208,Expired Tax Code - Do Not Use,PE070200,VERDADEIRO,FALSO
PH050515,Expired Tax Code - Do Not Use,PH050510,VERDADEIRO,FALSO
PH050620,Expired Tax Code - Do Not Use,PH050600,VERDADEIRO,FALSO
PH050648,Expired Tax Code - Do Not Use,PH050640,VERDADEIRO,FALSO
PH050668,Expired Tax Code - Do Not Use,PH050660,VERDADEIRO,FALSO
PH050690,Expired Tax Code - Do Not Use,PH050600,VERDADEIRO,FALSO
PH050714,Expired Tax Code - Do Not Use,PH050710,VERDADEIRO,FALSO
PR062003,Expired Tax Code - Do Not Use,PR062000,VERDADEIRO,FALSO
SC075100,Expired Tax Code - Do Not Use,SC070000,FALSO,FALSO
PH050404,Expired Tax Code - Do Not Use,PH050400,VERDADEIRO,FALSO
PP040208,Expired Tax Code - Do Not Use,PP040200,VERDADEIRO,FALSO
SL020300,Expired Tax Code - Do Not Use,SL020000,FALSO,FALSO
SD030000,Expired Tax Code - Do Not Use,S0000000,FALSO,FALSO
OE010210,Expired Tax Code - Do Not Use,OE010200,FALSO,FALSO
PF030300,Expired Tax Code - Do Not Use,PF030000,VERDADEIRO,FALSO
PH050520,Expired Tax Code - Do Not Use,PH050500,VERDADEIRO,FALSO
PH050621,Expired Tax Code - Do Not Use,PH050620,VERDADEIRO,FALSO
PH050649,Expired Tax Code - Do Not Use,PH050600,VERDADEIRO,FALSO
PH050669,Expired Tax Code - Do Not Use,PH050660,VERDADEIRO,FALSO
PH050691,Expired Tax Code - Do Not Use,PH050690,VERDADEIRO,FALSO
PH050715,Expired Tax Code - Do Not Use,PH050710,VERDADEIRO,FALSO
PI041200,Expired Tax Code - Do Not Use,PI041000,VERDADEIRO,FALSO
DC020700,Expired Tax Code - Do Not Use,DC020000,VERDADEIRO,FALSO
SC110300,Expired Tax Code - Do Not Use,SC110000,FALSO,FALSO
SC075101,Expired Tax Code - Do Not Use,SC070100,FALSO,FALSO
PF050308,Expired Tax Code - Do Not Use,PF050300,VERDADEIRO,FALSO
PH050405,Expired Tax Code - Do Not Use,PH050400,VERDADEIRO,FALSO
PM010101,Expired Tax Code - Do Not Use,PM010100,VERDADEIRO,FALSO
PP040209,Expired Tax Code - Do Not Use,PP040200,VERDADEIRO,FALSO
SD040200,Expired Tax Code - Do Not Use,SD040000,FALSO,FALSO
SD010000,Expired Tax Code - Do Not Use,S0000000,FALSO,FALSO
OE010101,Expired Tax Code - Do Not Use,OE010100,FALSO,FALSO
OR030100,Expired Tax Code - Do Not Use,OR030000,FALSO,FALSO
PH050602,Expired Tax Code - Do Not Use,PH050600,VERDADEIRO,FALSO
PH050622,Expired Tax Code - Do Not Use,PH050620,VERDADEIRO,FALSO
PH050650,Expired Tax Code - Do Not Use,PH050600,VERDADEIRO,FALSO
PH050670,Expired Tax Code - Do Not Use,PH050600,VERDADEIRO,FALSO
PH050692,Expired Tax Code - Do Not Use,PH050690,VERDADEIRO,FALSO
PH050716,Expired Tax Code - Do Not Use,PH050710,VERDADEIRO,FALSO
PP050101,Expired Tax Code - Do Not Use,PP050100,VERDADEIRO,FALSO
SC075102,Expired Tax Code - Do Not Use,SC070100,FALSO,FALSO
PH050406,Expired Tax Code - Do Not Use,PH050400,VERDADEIRO,FALSO
PM030101,Expired Tax Code - Do Not Use,PM030100,VERDADEIRO,FALSO
PP040210,Expired Tax Code - Do Not Use,PP040200,VERDADEIRO,FALSO
SD070000,Expired Tax Code - Do Not Use,S0000000,FALSO,FALSO
SI050000,Expired Tax Code - Do Not Use,S0000000,FALSO,FALSO
OE010103,Expired Tax Code - Do Not Use,OE010100,FALSO,FALSO
OR030400,Expired Tax Code - Do Not Use,OR030000,FALSO,FALSO
PF050504,Expired Tax Code - Do Not Use,PF050500,VERDADEIRO,FALSO
PH050603,Expired Tax Code - Do Not Use,PH050600,VERDADEIRO,FALSO
PH050624,Expired Tax Code - Do Not Use,PH050620,VERDADEIRO,FALSO
PH050651,Expired Tax Code - Do Not Use,PH050650,VERDADEIRO,FALSO
PH050671,Expired Tax Code - Do Not Use,PH050670,VERDADEIRO,FALSO
PH050693,Expired Tax Code - Do Not Use,PH050690,VERDADEIRO,FALSO
PH050717,Expired Tax Code - Do Not Use,PH050710,VERDADEIRO,FALSO
SS180000,Expired Tax Code - Do Not Use,SS100000,FALSO,FALSO
SC075103,Expired Tax Code - Do Not Use,SC070100,FALSO,FALSO
PH050409,Expired Tax Code - Do Not Use,PH050400,VERDADEIRO,FALSO
PM030102,Expired Tax Code - Do Not Use,PM030100,VERDADEIRO,FALSO
PP040211,Expired Tax Code - Do Not Use,PP040210,VERDADEIRO,FALSO
SM020300,Expired Tax Code - Do Not Use,SM020000,FALSO,FALSO
SD130000,Expired Tax Code - Do Not Use,SD100000,FALSO,FALSO
ST010000,Expired Tax Code - Do Not Use,S0000000,FALSO,FALSO
OE010104,Expired Tax Code - Do Not Use,OE010100,FALSO,FALSO
PF050505,Expired Tax Code - Do Not Use,PF050500,VERDADEIRO,FALSO
PH050604,Expired Tax Code - Do Not Use,PH050600,VERDADEIRO,FALSO
PH050625,Expired Tax Code - Do Not Use,PH050620,VERDADEIRO,FALSO
PH050652,Expired Tax Code - Do Not Use,PH050650,VERDADEIRO,FALSO
PH050672,Expired Tax Code - Do Not Use,PH050670,VERDADEIRO,FALSO
PH050694,Expired Tax Code - Do Not Use,PH050690,VERDADEIRO,FALSO
PH050718,Expired Tax Code - Do Not Use,PH050710,VERDADEIRO,FALSO
OR030401,Expired Tax Code - Do Not Use,OR030400,FALSO,FALSO
SC075200,Expired Tax Code - Do Not Use,SC070000,FALSO,FALSO
PF050603,Expired Tax Code - Do Not Use,PF050600,VERDADEIRO,FALSO
PH050411,Expired Tax Code - Do Not Use,PH050410,VERDADEIRO,FALSO
PM030103,Expired Tax Code - Do Not Use,PM030100,VERDADEIRO,FALSO
PP040212,Expired Tax Code - Do Not Use,PP040210,VERDADEIRO,FALSO
SE060000,Expired Tax Code - Do Not Use,S0000000,FALSO,FALSO
ST020000,Expired Tax Code - Do Not Use,S0000000,FALSO,FALSO
OE010105,Expired Tax Code - Do Not Use,OE010100,FALSO,FALSO
PH050605,Expired Tax Code - Do Not Use,PH050600,VERDADEIRO,FALSO
PH050626,Expired Tax Code - Do Not Use,PH050620,VERDADEIRO,FALSO
PH050653,Expired Tax Code - Do Not Use,PH050650,VERDADEIRO,FALSO
PH050673,Expired Tax Code - Do Not Use,PH050670,VERDADEIRO,FALSO
PH050695,Expired Tax Code - Do Not Use,PH050600,VERDADEIRO,FALSO
PH050719,Expired Tax Code - Do Not Use,PH050710,VERDADEIRO,FALSO
SW050900,Expired Tax Code - Do Not Use,SW050000,FALSO,FALSO
OR030402,Expired Tax Code - Do Not Use,OR030400,FALSO,FALSO
SC075201,Expired Tax Code - Do Not Use,SC070200,FALSO,FALSO
PH050412,Expired Tax Code - Do Not Use,PH050410,VERDADEIRO,FALSO
PM030104,Expired Tax Code - Do Not Use,PM030100,VERDADEIRO,FALSO
SE070000,Expired Tax Code - Do Not Use,S0000000,FALSO,FALSO
OE010106,Expired Tax Code - Do Not Use,OE010100,FALSO,FALSO
OR030500,Expired Tax Code - Do Not Use,OR030000,FALSO,FALSO
PF190201,Expired Tax Code - Do Not Use,PF190200,VERDADEIRO,FALSO
PH050606,Expired Tax Code - Do Not Use,PH050600,VERDADEIRO,FALSO
PH050629,Expired Tax Code - Do Not Use,PH050620,VERDADEIRO,FALSO
PH050654,Expired Tax Code - Do Not Use,PH050650,VERDADEIRO,FALSO
PH050674,Expired Tax Code - Do Not Use,PH050670,VERDADEIRO,FALSO
PH050696,Expired Tax Code - Do Not Use,PH050690,VERDADEIRO,FALSO
PH050721,Expired Tax Code - Do Not Use,PH050720,VERDADEIRO,FALSO
SW051100,Expired Tax Code - Do Not Use,SW050000,FALSO,FALSO
PR072102,Expired Tax Code - Do Not Use,PR072100,VERDADEIRO,FALSO
ST090305,Expired Tax Code - Do Not Use,ST090300,FALSO,FALSO
SC075202,Expired Tax Code - Do Not Use,SC070200,FALSO,FALSO
PH050415,Expired Tax Code - Do Not Use,PH050410,VERDADEIRO,FALSO
PM030105,Expired Tax Code - Do Not Use,PM030100,VERDADEIRO,FALSO
SA090100,Expired Tax Code - Do Not Use,SA090000,FALSO,FALSO
SE080000,Expired Tax Code - Do Not Use,S0000000,FALSO,FALSO
ST110000,Expired Tax Code - Do Not Use,ST100000,FALSO,FALSO
OE010107,Expired Tax Code - Do Not Use,OE010100,FALSO,FALSO
PF190205,Expired Tax Code - Do Not Use,PF190200,VERDADEIRO,FALSO
PH050607,Expired Tax Code - Do Not Use,PH050600,VERDADEIRO,FALSO
PH050632,Expired Tax Code - Do Not Use,PH050630,VERDADEIRO,FALSO
PH050655,Expired Tax Code - Do Not Use,PH050650,VERDADEIRO,FALSO
PH050675,Expired Tax Code - Do Not Use,PH050670,VERDADEIRO,FALSO
PH050697,Expired Tax Code - Do Not Use,PH050690,VERDADEIRO,FALSO
PH050722,Expired Tax Code - Do Not Use,PH050720,VERDADEIRO,FALSO
OR030501,Expired Tax Code - Do Not Use,OR030500,FALSO,FALSO
OT020502,Expired Tax Code - Do Not Use,OT020500,FALSO,FALSO
SC075203,Expired Tax Code - Do Not Use,SC070200,FALSO,FALSO
PH050416,Expired Tax Code - Do Not Use,PH050410,VERDADEIRO,FALSO
PM030106,Expired Tax Code - Do Not Use,PM030100,VERDADEIRO,FALSO
SF070300,Expired Tax Code - Do Not Use,SF070000,FALSO,FALSO
ST110100,Expired Tax Code - Do Not Use,ST110000,FALSO,FALSO
OE010108,Expired Tax Code - Do Not Use,OE010100,FALSO,FALSO
PF190208,Expired Tax Code - Do Not Use,PF190200,VERDADEIRO,FALSO
PH050608,Expired Tax Code - Do Not Use,PH050600,VERDADEIRO,FALSO
PH050633,Expired Tax Code - Do Not Use,PH050630,VERDADEIRO,FALSO
PH050656,Expired Tax Code - Do Not Use,PH050650,VERDADEIRO,FALSO
PH050678,Expired Tax Code - Do Not Use,PH050670,VERDADEIRO,FALSO
PH050698,Expired Tax Code - Do Not Use,PH050690,VERDADEIRO,FALSO
PH050723,Expired Tax Code - Do Not Use,PH050720,VERDADEIRO,FALSO
PC030154,Expired Tax Code - Do Not Use,PC030150,VERDADEIRO,FALSO
SC070307,Expired Tax Code - Do Not Use,SC070300,FALSO,FALSO
OT010106,Expired Tax Code - Do Not Use,OT010100,FALSO,FALSO
SC075300,Expired Tax Code - Do Not Use,SC070000,FALSO,FALSO
PH050119,Expired Tax Code - Do Not Use,PH050110,VERDADEIRO,FALSO
PH050417,Expired Tax Code - Do Not Use,PH050410,VERDADEIRO,FALSO
OE010109,Expired Tax Code - Do Not Use,OE010100,FALSO,FALSO
SP150000,Expired Tax Code - Do Not Use,SP100000,FALSO,FALSO
PH050609,Expired Tax Code - Do Not Use,PH050600,VERDADEIRO,FALSO
PH050634,Expired Tax Code - Do Not Use,PH050630,VERDADEIRO,FALSO
PH050657,Expired Tax Code - Do Not Use,PH050650,VERDADEIRO,FALSO
PH050679,Expired Tax Code - Do Not Use,PH050670,VERDADEIRO,FALSO
PH050699,Expired Tax Code - Do Not Use,PH050690,VERDADEIRO,FALSO
PH050724,Expired Tax Code - Do Not Use,PH050720,VERDADEIRO,FALSO
PN040000,Expired Tax Code - Do Not Use,P0000000,VERDADEIRO,FALSO
DC010800,Expired Tax Code - Do Not Use,DC010000,FALSO,FALSO
SF070400,Expired Tax Code - Do Not Use,SF070000,FALSO,FALSO
OT010401,Expired Tax Code - Do Not Use,OT010400,FALSO,FALSO
SC070308,Expired Tax Code - Do Not Use,SC070300,FALSO,FALSO
SC075301,Expired Tax Code - Do Not Use,SC070300,FALSO,FALSO
PH050203,Expired Tax Code - Do Not Use,PH050200,VERDADEIRO,FALSO
PH050418,Expired Tax Code - Do Not Use,PH050410,VERDADEIRO,FALSO
SF080000,Expired Tax Code - Do Not Use,S0000000,FALSO,FALSO
OE010110,Expired Tax Code - Do Not Use,OE010100,FALSO,FALSO
PH050610,Expired Tax Code - Do Not Use,PH050600,VERDADEIRO,FALSO
PH050635,Expired Tax Code - Do Not Use,PH050630,VERDADEIRO,FALSO
PH050658,Expired Tax Code - Do Not Use,PH050650,VERDADEIRO,FALSO
PH050680,Expired Tax Code - Do Not Use,PH050600,VERDADEIRO,FALSO
PH050701,Expired Tax Code - Do Not Use,PH050700,VERDADEIRO,FALSO
PH050725,Expired Tax Code - Do Not Use,PH050720,VERDADEIRO,FALSO
DC010900,Expired Tax Code - Do Not Use,DC010000,FALSO,FALSO
PN040100,Expired Tax Code - Do Not Use,PN040000,VERDADEIRO,FALSO
OT010402,Expired Tax Code - Do Not Use,OT010400,FALSO,FALSO
SC070309,Expired Tax Code - Do Not Use,SC070300,FALSO,FALSO
SC075302,Expired Tax Code - Do Not Use,SC070300,FALSO,FALSO
PH050204,Expired Tax Code - Do Not Use,PH050200,VERDADEIRO,FALSO
PH050421,Expired Tax Code - Do Not Use,PH050420,VERDADEIRO,FALSO
SG010000,Expired Tax Code - Do Not Use,S0000000,FALSO,FALSO
OT020100,Expired Tax Code - Do Not Use,OT020000,FALSO,FALSO
PH050611,Expired Tax Code - Do Not Use,PH050610,VERDADEIRO,FALSO
PH050636,Expired Tax Code - Do Not Use,PH050630,VERDADEIRO,FALSO
PH050659,Expired Tax Code - Do Not Use,PH050650,VERDADEIRO,FALSO
PH050681,Expired Tax Code - Do Not Use,PH050680,VERDADEIRO,FALSO
PH050702,Expired Tax Code - Do Not Use,PH050700,VERDADEIRO,FALSO
PH050726,Expired Tax Code - Do Not Use,PH050720,VERDADEIRO,FALSO
DC020800,Expired Tax Code - Do Not Use,DC020000,FALSO,FALSO
PN040200,Expired Tax Code - Do Not Use,PN040000,VERDADEIRO,FALSO
OE010111,Expired Tax Code - Do Not Use,OE010100,FALSO,FALSO
SC070400,Expired Tax Code - Do Not Use,SC070000,FALSO,FALSO
SC075303,Expired Tax Code - Do Not Use,SC070300,FALSO,FALSO
PH050205,Expired Tax Code - Do Not Use,PH050200,VERDADEIRO,FALSO
PH050422,Expired Tax Code - Do Not Use,PH050420,VERDADEIRO,FALSO
SI040000,Expired Tax Code - Do Not Use,S0000000,FALSO,FALSO
OT020400,Expired Tax Code - Do Not Use,OT020000,FALSO,FALSO
PH050612,Expired Tax Code - Do Not Use,PH050610,VERDADEIRO,FALSO
PH050638,Expired Tax Code - Do Not Use,PH050630,VERDADEIRO,FALSO
PH050660,Expired Tax Code - Do Not Use,PH050600,VERDADEIRO,FALSO
PH050682,Expired Tax Code - Do Not Use,PH050680,VERDADEIRO,FALSO
PH050703,Expired Tax Code - Do Not Use,PH050700,VERDADEIRO,FALSO
PH050727,Expired Tax Code - Do Not Use,PH050720,VERDADEIRO,FALSO
DC020900,Expired Tax Code - Do Not Use,DC020000,FALSO,FALSO
PN040300,Expired Tax Code - Do Not Use,PN040000,VERDADEIRO,FALSO
OE010112,Expired Tax Code - Do Not Use,OE010100,FALSO,FALSO
SC070401,Expired Tax Code - Do Not Use,SC070400,FALSO,FALSO
SC075304,Expired Tax Code - Do Not Use,SC070300,FALSO,FALSO
PH050206,Expired Tax Code - Do Not Use,PH050200,VERDADEIRO,FALSO
PH050423,Expired Tax Code - Do Not Use,PH050420,VERDADEIRO,FALSO
FR020600,Expired Tax Code - Do Not Use,FR020000,FALSO,FALSO
SL050000,Expired Tax Code - Do Not Use,S0000000,FALSO,FALSO
PH050613,Expired Tax Code - Do Not Use,PH050610,VERDADEIRO,FALSO
PH050640,Expired Tax Code - Do Not Use,PH050600,VERDADEIRO,FALSO
PH050661,Expired Tax Code - Do Not Use,PH050660,VERDADEIRO,FALSO
PH050683,Expired Tax Code - Do Not Use,PH050680,VERDADEIRO,FALSO
PH050706,Expired Tax Code - Do Not Use,PH050700,VERDADEIRO,FALSO
PH050728,Expired Tax Code - Do Not Use,PH050720,VERDADEIRO,FALSO
OT020501,Expired Tax Code - Do Not Use,OT020500,FALSO,FALSO
PN040400,Expired Tax Code - Do Not Use,PN040000,VERDADEIRO,FALSO
OE010113,Expired Tax Code - Do Not Use,OE010100,FALSO,FALSO
SC070402,Expired Tax Code - Do Not Use,SC070400,FALSO,FALSO
SC075305,Expired Tax Code - Do Not Use,SC070300,FALSO,FALSO
PH050209,Expired Tax Code - Do Not Use,PH050200,VERDADEIRO,FALSO
PH050424,Expired Tax Code - Do Not Use,PH050420,VERDADEIRO,FALSO
PP040107,Expired Tax Code - Do Not Use,PP040100,VERDADEIRO,FALSO
SL060000,Expired Tax Code - Do Not Use,S0000000,FALSO,FALSO
OE010201,Expired Tax Code - Do Not Use,OE010200,FALSO,FALSO
OT010500,Expired Tax Code - Do Not Use,OT010000,FALSO,FALSO
PH050614,Expired Tax Code - Do Not Use,PH050610,VERDADEIRO,FALSO
PH050641,Expired Tax Code - Do Not Use,PH050640,VERDADEIRO,FALSO
PH050662,Expired Tax Code - Do Not Use,PH050660,VERDADEIRO,FALSO
PH050684,Expired Tax Code - Do Not Use,PH050680,VERDADEIRO,FALSO
PH050707,Expired Tax Code - Do Not Use,PH050700,VERDADEIRO,FALSO
PH050729,Expired Tax Code - Do Not Use,PH050720,VERDADEIRO,FALSO
SC070403,Expired Tax Code - Do Not Use,SC070400,FALSO,FALSO
OT020600,Expired Tax Code - Do Not Use,OT020000,FALSO,FALSO
SC075306,Expired Tax Code - Do Not Use,SC070300,FALSO,FALSO
PE070202,Energy Efficient Equipment Non-commercial (residential) use-Clothes washers,PE070200,VERDADEIRO,VERDADEIRO
PE070204,Energy Efficient Equipment Non-commercial (residential) use-Dehumidifiers,PE070200,VERDADEIRO,VERDADEIRO
PE070206,Energy Efficient Equipment Non-commercial (residential) use-Programmable thermostats,PE070200,VERDADEIRO,VERDADEIRO
PH101010,Portable self- powered light source,PH100000,VERDADEIRO,VERDADEIRO
PH101030,Two way radio,PH100000,VERDADEIRO,VERDADEIRO
PH101050,Tarpaulin or other flexible waterproof sheeting,PH100000,VERDADEIRO,VERDADEIRO
U0000000,Unknown tax code,,FALSO,FALSO
PE070203,Energy Efficient Equipment Non-commercial (residential) use-Ceiling fans,PE070200,VERDADEIRO,VERDADEIRO
PE070205,Energy Efficient Equipment Non-commercial (residential) use-Dishwashers,PE070200,VERDADEIRO,VERDADEIRO
PE070209,Energy Efficient Equipment Non-commercial (residential) use-Refrigerators,PE070200,VERDADEIRO,VERDADEIRO
PH101020,Portable self-powered radio,PH100000,VERDADEIRO,VERDADEIRO
PH101040,Weather band radio,PH100000,VERDADEIRO,VERDADEIRO
PM010000,Expired Tax Code - Do Not Use,P0000000,VERDADEIRO,FALSO
PN030000,Expired Tax Code - Do Not Use,P0000000,VERDADEIRO,FALSO
SD020600,Expired Tax Code - Do Not Use,SD020000,FALSO,FALSO
SL020000,Expired Tax Code - Do Not Use,S0000000,FALSO,FALSO
ST040000,Expired Tax Code - Do Not Use,S0000000,FALSO,FALSO
OR030300,Expired Tax Code - Do Not Use,OR030000,FALSO,FALSO
OT020300,Expired Tax Code - Do Not Use,OT020000,FALSO,FALSO
PM020103,Expired Tax Code - Do Not Use,PM020100,VERDADEIRO,FALSO
PR064200,Expired Tax Code - Do Not Use,PR060000,VERDADEIRO,FALSO
SW100000,Expired Tax Code - Do Not Use,S0000000,FALSO,FALSO
FR030800,Expired Tax Code - Do Not Use,FR030000,FALSO,FALSO
SA030700,Expired Tax Code - Do Not Use,SA030000,FALSO,FALSO
PM010100,Expired Tax Code - Do Not Use,PM010000,VERDADEIRO,FALSO
SL020100,Expired Tax Code - Do Not Use,SL020000,FALSO,FALSO
ST040300,Expired Tax Code - Do Not Use,ST040000,FALSO,FALSO
SE040000,Expired Tax Code - Do Not Use,S0000000,FALSO,FALSO
OE010208,Expired Tax Code - Do Not Use,OE010200,FALSO,FALSO
PM020104,Expired Tax Code - Do Not Use,PM020100,VERDADEIRO,FALSO
PP050104,Expired Tax Code - Do Not Use,PP050100,VERDADEIRO,FALSO
PC040154,Expired Tax Code - Do Not Use,PC040150,VERDADEIRO,FALSO
PR072308,Expired Tax Code - Do Not Use,PR072300,VERDADEIRO,FALSO
OR030502,Expired Tax Code - Do Not Use,OR030500,FALSO,FALSO
SB040200,Expired Tax Code - Do Not Use,SB040000,FALSO,FALSO
PS080105,Expired Tax Code - Do Not Use,PS080100,VERDADEIRO,FALSO
SM020100,Expired Tax Code - Do Not Use,SM020000,FALSO,FALSO
SI010000,Expired Tax Code - Do Not Use,S0000000,FALSO,FALSO
ST090000,Expired Tax Code - Do Not Use,S0000000,FALSO,FALSO
OT010200,Expired Tax Code - Do Not Use,OT010000,FALSO,FALSO
SC110203,Expired Tax Code - Do Not Use,SC110200,FALSO,FALSO
PF010202,Expired Tax Code - Do Not Use,PF010200,VERDADEIRO,FALSO
PM020000,Expired Tax Code - Do Not Use,P0000000,VERDADEIRO,FALSO
PM020701,Expired Tax Code - Do Not Use,PM020700,VERDADEIRO,FALSO
PP190000,Expired Tax Code - Do Not Use,PP100000,VERDADEIRO,FALSO
DC010700,Expired Tax Code - Do Not Use,DC010000,VERDADEIRO,FALSO
OL010200,Expired Tax Code - Do Not Use,OL010000,FALSO,FALSO
FR020300,Expired Tax Code - Do Not Use,FR020000,FALSO,FALSO
SI020300,Expired Tax Code - Do Not Use,SI020000,FALSO,FALSO
SP101000,Expired Tax Code - Do Not Use,SP100000,FALSO,FALSO
OR021800,Expired Tax Code - Do Not Use,OR021000,FALSO,FALSO
PF050508,Expired Tax Code - Do Not Use,PF050500,VERDADEIRO,FALSO
PM020100,Expired Tax Code - Do Not Use,PM020000,VERDADEIRO,FALSO
PM020705,Expired Tax Code - Do Not Use,PM020700,VERDADEIRO,FALSO
PR050000,Expired Tax Code - Do Not Use,P0000000,VERDADEIRO,FALSO
PV050000,Expired Tax Code - Do Not Use,P0000000,VERDADEIRO,FALSO
SW051200,Expired Tax Code - Do Not Use,SW050000,FALSO,FALSO
OT010502,Expired Tax Code - Do Not Use,OT010500,FALSO,FALSO
SC120700,Expired Tax Code - Do Not Use,SC120000,FALSO,FALSO
PR010000,Expired Tax Code - Do Not Use,P0000000,VERDADEIRO,FALSO
PT040000,Expired Tax Code - Do Not Use,P0000000,VERDADEIRO,FALSO
SD020700,Expired Tax Code - Do Not Use,SD020000,FALSO,FALSO
SP100300,Expired Tax Code - Do Not Use,SP100000,FALSO,FALSO
OR060000,Expired Tax Code - Do Not Use,O0000000,FALSO,FALSO
PF050312,Expired Tax Code - Do Not Use,PF050310,VERDADEIRO,FALSO
PF060306,Expired Tax Code - Do Not Use,PF060300,VERDADEIRO,FALSO
PF060907,Expired Tax Code - Do Not Use,PF060900,VERDADEIRO,FALSO
PF090119,Expired Tax Code - Do Not Use,PF090110,VERDADEIRO,FALSO
PF120803,Expired Tax Code - Do Not Use,PF120800,VERDADEIRO,FALSO
PH050644,Expired Tax Code - Do Not Use,PH050640,VERDADEIRO,FALSO
PM020806,Expired Tax Code - Do Not Use,PM020800,VERDADEIRO,FALSO
PR061002,Expired Tax Code - Do Not Use,PR061000,VERDADEIRO,FALSO
PR063400,Expired Tax Code - Do Not Use,PR063000,VERDADEIRO,FALSO
SW080100,Expired Tax Code - Do Not Use,SW080000,FALSO,FALSO
PC040149,Expired Tax Code - Do Not Use,PC040140,VERDADEIRO,FALSO
PR072213,Expired Tax Code - Do Not Use,PR072200,VERDADEIRO,FALSO
OA010200,Expired Tax Code - Do Not Use,OA010000,FALSO,FALSO
PF210600,Expired Tax Code - Do Not Use,PF210000,VERDADEIRO,FALSO
PM030201,Expired Tax Code - Do Not Use,PM030200,VERDADEIRO,FALSO
PT040100,Expired Tax Code - Do Not Use,PT040000,VERDADEIRO,FALSO
SP100400,Expired Tax Code - Do Not Use,SP100000,FALSO,FALSO
OT020200,Expired Tax Code - Do Not Use,OT020000,FALSO,FALSO
SD020800,Expired Tax Code - Do Not Use,SD020000,FALSO,FALSO
PF050315,Expired Tax Code - Do Not Use,PF050310,VERDADEIRO,FALSO
PF060307,Expired Tax Code - Do Not Use,PF060300,VERDADEIRO,FALSO
PF060908,Expired Tax Code - Do Not Use,PF060900,VERDADEIRO,FALSO
PF090121,Expired Tax Code - Do Not Use,PF090120,VERDADEIRO,FALSO
PF120804,Expired Tax Code - Do Not Use,PF120800,VERDADEIRO,FALSO
PM020706,Expired Tax Code - Do Not Use,PM020700,VERDADEIRO,FALSO
PR010100,Expired Tax Code - Do Not Use,PR010000,VERDADEIRO,FALSO
PR061003,Expired Tax Code - Do Not Use,PR061000,VERDADEIRO,FALSO
PR063500,Expired Tax Code - Do Not Use,PR063000,VERDADEIRO,FALSO
SW080200,Expired Tax Code - Do Not Use,SW080000,FALSO,FALSO
PC040603,Expired Tax Code - Do Not Use,PC040600,VERDADEIRO,FALSO
PR072214,Expired Tax Code - Do Not Use,PR072200,VERDADEIRO,FALSO
OC020100,Expired Tax Code - Do Not Use,OC020000,FALSO,FALSO
PF210700,Expired Tax Code - Do Not Use,PF210000,VERDADEIRO,FALSO
PA020104,Expired Tax Code - Do Not Use,PA020100,VERDADEIRO,FALSO
PM030202,Expired Tax Code - Do Not Use,PM030200,VERDADEIRO,FALSO
PM120000,Expired Tax Code - Do Not Use,PM100000,VERDADEIRO,FALSO
PT040200,Expired Tax Code - Do Not Use,PT040000,VERDADEIRO,FALSO
SP100700,Expired Tax Code - Do Not Use,SP100000,FALSO,FALSO
SD040000,Expired Tax Code - Do Not Use,S0000000,FALSO,FALSO
PF050316,Expired Tax Code - Do Not Use,PF050310,VERDADEIRO,FALSO
PF060308,Expired Tax Code - Do Not Use,PF060300,VERDADEIRO,FALSO
PF060909,Expired Tax Code - Do Not Use,PF060900,VERDADEIRO,FALSO
PF090122,Expired Tax Code - Do Not Use,PF090120,VERDADEIRO,FALSO
PF120805,Expired Tax Code - Do Not Use,PF120800,VERDADEIRO,FALSO
PR010200,Expired Tax Code - Do Not Use,PR010000,VERDADEIRO,FALSO
PR061004,Expired Tax Code - Do Not Use,PR061000,VERDADEIRO,FALSO
PR063600,Expired Tax Code - Do Not Use,PR063000,VERDADEIRO,FALSO
SW080300,Expired Tax Code - Do Not Use,SW080000,FALSO,FALSO
PC150100,Expired Tax Code - Do Not Use,PC150000,VERDADEIRO,FALSO
PR072215,Expired Tax Code - Do Not Use,PR072200,VERDADEIRO,FALSO
OC020200,Expired Tax Code - Do Not Use,OC020000,FALSO,FALSO
PF210800,Expired Tax Code - Do Not Use,PF210000,VERDADEIRO,FALSO
PM030203,Expired Tax Code - Do Not Use,PM030200,VERDADEIRO,FALSO
PT080000,Expired Tax Code - Do Not Use,P0000000,VERDADEIRO,FALSO
SP100800,Expired Tax Code - Do Not Use,SP100000,FALSO,FALSO
SD090000,Expired Tax Code - Do Not Use,S0000000,FALSO,FALSO
PF050317,Expired Tax Code - Do Not Use,PF050310,VERDADEIRO,FALSO
PF060309,Expired Tax Code - Do Not Use,PF060300,VERDADEIRO,FALSO
PF061000,Expired Tax Code - Do Not Use,PF060000,VERDADEIRO,FALSO
PF090124,Expired Tax Code - Do Not Use,PF090120,VERDADEIRO,FALSO
PR030000,Expired Tax Code - Do Not Use,P0000000,VERDADEIRO,FALSO
PR061100,Expired Tax Code - Do Not Use,PR061000,VERDADEIRO,FALSO
PR063700,Expired Tax Code - Do Not Use,PR063000,VERDADEIRO,FALSO
PA020105,Expired Tax Code - Do Not Use,PA020100,VERDADEIRO,FALSO
PC150200,Expired Tax Code - Do Not Use,PC150000,VERDADEIRO,FALSO
PN030104,Expired Tax Code - Do Not Use,PN030100,VERDADEIRO,FALSO
PR072300,Expired Tax Code - Do Not Use,PR070000,VERDADEIRO,FALSO
PF130000,Expired Tax Code - Do Not Use,P0000000,VERDADEIRO,FALSO
OC020300,Expired Tax Code - Do Not Use,OC020000,FALSO,FALSO
PF210900,Expired Tax Code - Do Not Use,PF210000,VERDADEIRO,FALSO
PA030000,Expired Tax Code - Do Not Use,P0000000,VERDADEIRO,FALSO
PF100100,Expired Tax Code - Do Not Use,PF100000,VERDADEIRO,FALSO
PM030204,Expired Tax Code - Do Not Use,PM030200,VERDADEIRO,FALSO
PP020000,Expired Tax Code - Do Not Use,P0000000,VERDADEIRO,FALSO
PT080100,Expired Tax Code - Do Not Use,PT080000,VERDADEIRO,FALSO
SP100900,Expired Tax Code - Do Not Use,SP100000,FALSO,FALSO
SD110000,Expired Tax Code - Do Not Use,SD100000,FALSO,FALSO
PF050318,Expired Tax Code - Do Not Use,PF050310,VERDADEIRO,FALSO
PF060310,Expired Tax Code - Do Not Use,PF060300,VERDADEIRO,FALSO
PF061001,Expired Tax Code - Do Not Use,PF061000,VERDADEIRO,FALSO
PR030100,Expired Tax Code - Do Not Use,PR030000,VERDADEIRO,FALSO
PR063800,Expired Tax Code - Do Not Use,PR063000,VERDADEIRO,FALSO
PA020106,Expired Tax Code - Do Not Use,PA020100,VERDADEIRO,FALSO
PC150300,Expired Tax Code - Do Not Use,PC150000,VERDADEIRO,FALSO
PR072301,Expired Tax Code - Do Not Use,PR072300,VERDADEIRO,FALSO
PF130100,Expired Tax Code - Do Not Use,PF130000,VERDADEIRO,FALSO
OC020400,Expired Tax Code - Do Not Use,OC020000,FALSO,FALSO
PF211000,Expired Tax Code - Do Not Use,PF210000,VERDADEIRO,FALSO
PA030100,Expired Tax Code - Do Not Use,PA030000,VERDADEIRO,FALSO
PF020000,Expired Tax Code - Do Not Use,P0000000,VERDADEIRO,FALSO
PF050400,Expired Tax Code - Do Not Use,PF050000,VERDADEIRO,FALSO
PF100101,Expired Tax Code - Do Not Use,PF100100,VERDADEIRO,FALSO
PF100102,Expired Tax Code - Do Not Use,PF100100,VERDADEIRO,FALSO
PM030205,Expired Tax Code - Do Not Use,PM030200,VERDADEIRO,FALSO
PM030206,Expired Tax Code - Do Not Use,PM030200,VERDADEIRO,FALSO
PT080300,Expired Tax Code - Do Not Use,PT080000,VERDADEIRO,FALSO
PT080400,Expired Tax Code - Do Not Use,PT080000,VERDADEIRO,FALSO
SD110200,Expired Tax Code - Do Not Use,SD110000,FALSO,FALSO
SD110300,Expired Tax Code - Do Not Use,SD110000,FALSO,FALSO
SP101100,Expired Tax Code - Do Not Use,SP100000,FALSO,FALSO
SP101200,Expired Tax Code - Do Not Use,SP100000,FALSO,FALSO
PF050506,Expired Tax Code - Do Not Use,PF050500,VERDADEIRO,FALSO
PF060311,Expired Tax Code - Do Not Use,PF060310,VERDADEIRO,FALSO
PF060312,Expired Tax Code - Do Not Use,PF060310,VERDADEIRO,FALSO
PF061002,Expired Tax Code - Do Not Use,PF061000,VERDADEIRO,FALSO
PF061003,Expired Tax Code - Do Not Use,PF061000,VERDADEIRO,FALSO
PH040100,Expired Tax Code - Do Not Use,PH040000,VERDADEIRO,FALSO
PR030200,Expired Tax Code - Do Not Use,PR030000,VERDADEIRO,FALSO
PR040200,Expired Tax Code - Do Not Use,PR040000,VERDADEIRO,FALSO
PR060101,Expired Tax Code - Do Not Use,PR060100,VERDADEIRO,FALSO
PR060201,Expired Tax Code - Do Not Use,PR060200,VERDADEIRO,FALSO
PR061201,Expired Tax Code - Do Not Use,PR061200,VERDADEIRO,FALSO
PR061202,Expired Tax Code - Do Not Use,PR061200,VERDADEIRO,FALSO
PR063900,Expired Tax Code - Do Not Use,PR063000,VERDADEIRO,FALSO
PR064100,Expired Tax Code - Do Not Use,PR060000,VERDADEIRO,FALSO
PA020108,Expired Tax Code - Do Not Use,PA020100,VERDADEIRO,FALSO
PR072302,Expired Tax Code - Do Not Use,PR072300,VERDADEIRO,FALSO
PR072303,Expired Tax Code - Do Not Use,PR072300,VERDADEIRO,FALSO
OD020102,Expired Tax Code - Do Not Use,OD020100,FALSO,FALSO
PD060402,Expired Tax Code - Do Not Use,PD060400,VERDADEIRO,FALSO
PF130101,Expired Tax Code - Do Not Use,PF130100,VERDADEIRO,FALSO
PF130102,Expired Tax Code - Do Not Use,PF130100,VERDADEIRO,FALSO
PA020119,Expired Tax Code - Do Not Use,PA020100,VERDADEIRO,FALSO
PF211100,Expired Tax Code - Do Not Use,PF210000,VERDADEIRO,FALSO
OC070000,Expired Tax Code - Do Not Use,O0000000,FALSO,FALSO
PA030101,Expired Tax Code - Do Not Use,PA030100,VERDADEIRO,FALSO
PA030102,Expired Tax Code - Do Not Use,PA030100,VERDADEIRO,FALSO
PA020201,Expired Tax Code - Do Not Use,PA020200,VERDADEIRO,FALSO
PA020202,Expired Tax Code - Do Not Use,PA020200,VERDADEIRO,FALSO
PF030000,Expired Tax Code - Do Not Use,P0000000,VERDADEIRO,FALSO
PF030100,Expired Tax Code - Do Not Use,PF030000,VERDADEIRO,FALSO
PF050601,Expired Tax Code - Do Not Use,PF050600,VERDADEIRO,FALSO
PF050604,Expired Tax Code - Do Not Use,PF050600,VERDADEIRO,FALSO
PF100103,Expired Tax Code - Do Not Use,PF100100,VERDADEIRO,FALSO
PF100104,Expired Tax Code - Do Not Use,PF100100,VERDADEIRO,FALSO
PH050123,Expired Tax Code - Do Not Use,PH050120,VERDADEIRO,FALSO
PM030207,Expired Tax Code - Do Not Use,PM030200,VERDADEIRO,FALSO
PM030209,Expired Tax Code - Do Not Use,PM030200,VERDADEIRO,FALSO
PT080500,Expired Tax Code - Do Not Use,PT080000,VERDADEIRO,FALSO
SP101300,Expired Tax Code - Do Not Use,SP100000,FALSO,FALSO
SP101400,Expired Tax Code - Do Not Use,SP100000,FALSO,FALSO
SE010000,Expired Tax Code - Do Not Use,S0000000,FALSO,FALSO
SE030000,Expired Tax Code - Do Not Use,S0000000,FALSO,FALSO
PF060313,Expired Tax Code - Do Not Use,PF060310,VERDADEIRO,FALSO
PF060314,Expired Tax Code - Do Not Use,PF060310,VERDADEIRO,FALSO
PF061004,Expired Tax Code - Do Not Use,PF061000,VERDADEIRO,FALSO
PH040300,Expired Tax Code - Do Not Use,PH040000,VERDADEIRO,FALSO
PR040300,Expired Tax Code - Do Not Use,PR040000,VERDADEIRO,FALSO
PR040400,Expired Tax Code - Do Not Use,PR040000,VERDADEIRO,FALSO
PR060202,Expired Tax Code - Do Not Use,PR060200,VERDADEIRO,FALSO
PR061300,Expired Tax Code - Do Not Use,PR061000,VERDADEIRO,FALSO
PR061400,Expired Tax Code - Do Not Use,PR061000,VERDADEIRO,FALSO
PR062001,Expired Tax Code - Do Not Use,PR062000,VERDADEIRO,FALSO
PR064201,Expired Tax Code - Do Not Use,PR064200,VERDADEIRO,FALSO
PR064202,Expired Tax Code - Do Not Use,PR064200,VERDADEIRO,FALSO
PT090000,Expired Tax Code - Do Not Use,P0000000,VERDADEIRO,FALSO
PR072304,Expired Tax Code - Do Not Use,PR072300,VERDADEIRO,FALSO
PR072305,Expired Tax Code - Do Not Use,PR072300,VERDADEIRO,FALSO
OD020201,Expired Tax Code - Do Not Use,OD020200,FALSO,FALSO
PF130103,Expired Tax Code - Do Not Use,PF130100,VERDADEIRO,FALSO
PF130104,Expired Tax Code - Do Not Use,PF130100,VERDADEIRO,FALSO
OD020103,Expired Tax Code - Do Not Use,OD020100,FALSO,FALSO
PF061005,Expired Tax Code - Do Not Use,PF061000,VERDADEIRO,FALSO
PA030103,Expired Tax Code - Do Not Use,PA030100,VERDADEIRO,FALSO
PA030104,Expired Tax Code - Do Not Use,PA030100,VERDADEIRO,FALSO
PA020203,Expired Tax Code - Do Not Use,PA020200,VERDADEIRO,FALSO
PF040300,Expired Tax Code - Do Not Use,PF040000,VERDADEIRO,FALSO
PF050605,Expired Tax Code - Do Not Use,PF050600,VERDADEIRO,FALSO
PM030210,Expired Tax Code - Do Not Use,PM030200,VERDADEIRO,FALSO
PT080200,Expired Tax Code - Do Not Use,PT080000,VERDADEIRO,FALSO
SP101500,Expired Tax Code - Do Not Use,SP100000,FALSO,FALSO
PF060315,Expired Tax Code - Do Not Use,PF060310,VERDADEIRO,FALSO
PF100105,Expired Tax Code - Do Not Use,PF100100,VERDADEIRO,FALSO
PR040500,Expired Tax Code - Do Not Use,PR040000,VERDADEIRO,FALSO
PR061600,Expired Tax Code - Do Not Use,PR061000,VERDADEIRO,FALSO
PR072306,Expired Tax Code - Do Not Use,PR072300,VERDADEIRO,FALSO
PT090100,Expired Tax Code - Do Not Use,PT090000,VERDADEIRO,FALSO
OD020202,Expired Tax Code - Do Not Use,OD020200,FALSO,FALSO
PH050128,Expired Tax Code - Do Not Use,PH050100,VERDADEIRO,FALSO
PF130105,Expired Tax Code - Do Not Use,PF130100,VERDADEIRO,FALSO
PR064203,Expired Tax Code - Do Not Use,PR064200,VERDADEIRO,FALSO
SE080100,Expired Tax Code - Do Not Use,SE080000,FALSO,FALSO
PF061100,Expired Tax Code - Do Not Use,PF060000,VERDADEIRO,FALSO
PA030105,Expired Tax Code - Do Not Use,PA030100,VERDADEIRO,FALSO
PA020204,Expired Tax Code - Do Not Use,PA020200,VERDADEIRO,FALSO
PF050310,Expired Tax Code - Do Not Use,PF050300,VERDADEIRO,FALSO
PF050606,Expired Tax Code - Do Not Use,PF050600,VERDADEIRO,FALSO
PF050607,Expired Tax Code - Do Not Use,PF050600,VERDADEIRO,FALSO
PM030211,Expired Tax Code - Do Not Use,PM030210,VERDADEIRO,FALSO
PM030212,Expired Tax Code - Do Not Use,PM030210,VERDADEIRO,FALSO
PT080600,Expired Tax Code - Do Not Use,PT080000,VERDADEIRO,FALSO
SP101600,Expired Tax Code - Do Not Use,SP100000,FALSO,FALSO
SP101700,Expired Tax Code - Do Not Use,SP100000,FALSO,FALSO
PF060316,Expired Tax Code - Do Not Use,PF060310,VERDADEIRO,FALSO
PF060317,Expired Tax Code - Do Not Use,PF060310,VERDADEIRO,FALSO
PF100106,Expired Tax Code - Do Not Use,PF100100,VERDADEIRO,FALSO
PF100107,Expired Tax Code - Do Not Use,PF100100,VERDADEIRO,FALSO
PR040600,Expired Tax Code - Do Not Use,PR040000,VERDADEIRO,FALSO
PR040700,Expired Tax Code - Do Not Use,PR040000,VERDADEIRO,FALSO
PR061700,Expired Tax Code - Do Not Use,PR060000,VERDADEIRO,FALSO
PR064300,Expired Tax Code - Do Not Use,PR060000,VERDADEIRO,FALSO
PR064400,Expired Tax Code - Do Not Use,PR060000,VERDADEIRO,FALSO
PA020205,Expired Tax Code - Do Not Use,PA020200,VERDADEIRO,FALSO
PR072307,Expired Tax Code - Do Not Use,PR072300,VERDADEIRO,FALSO
PR072309,Expired Tax Code - Do Not Use,PR072300,VERDADEIRO,FALSO
PT090200,Expired Tax Code - Do Not Use,PT090000,VERDADEIRO,FALSO
PT090300,Expired Tax Code - Do Not Use,PT090000,VERDADEIRO,FALSO
OD020300,Expired Tax Code - Do Not Use,OD020000,FALSO,FALSO
PH050129,Expired Tax Code - Do Not Use,PH050100,VERDADEIRO,FALSO
PH050130,Expired Tax Code - Do Not Use,PH050100,VERDADEIRO,FALSO
PF130106,Expired Tax Code - Do Not Use,PF130100,VERDADEIRO,FALSO
PF130107,Expired Tax Code - Do Not Use,PF130100,VERDADEIRO,FALSO
OD020203,Expired Tax Code - Do Not Use,OD020200,FALSO,FALSO
SE080200,Expired Tax Code - Do Not Use,SE080000,FALSO,FALSO
SE080201,Expired Tax Code - Do Not Use,SE080000,FALSO,FALSO
PF061101,Expired Tax Code - Do Not Use,PF061100,VERDADEIRO,FALSO
PF061102,Expired Tax Code - Do Not Use,PF061100,VERDADEIRO,FALSO
PT080601,Expired Tax Code - Do Not Use,PT080600,VERDADEIRO,FALSO
PR061901,Expired Tax Code - Do Not Use,PR061900,VERDADEIRO,FALSO
PA030106,Expired Tax Code - Do Not Use,PA030100,VERDADEIRO,FALSO
PA030108,Expired Tax Code - Do Not Use,PA030100,VERDADEIRO,FALSO
PF050608,Expired Tax Code - Do Not Use,PF050600,VERDADEIRO,FALSO
PM120100,Expired Tax Code - Do Not Use,PM120000,VERDADEIRO,FALSO
SP101800,Expired Tax Code - Do Not Use,SP100000,FALSO,FALSO
OE010000,Expired Tax Code - Do Not Use,O0000000,FALSO,FALSO
PF090000,Expired Tax Code - Do Not Use,P0000000,VERDADEIRO,FALSO
PF060318,Expired Tax Code - Do Not Use,PF060310,VERDADEIRO,FALSO
PF100108,Expired Tax Code - Do Not Use,PF100100,VERDADEIRO,FALSO
PR050100,Expired Tax Code - Do Not Use,PR050000,VERDADEIRO,FALSO
PA020206,Expired Tax Code - Do Not Use,PA020200,VERDADEIRO,FALSO
PR070100,Expired Tax Code - Do Not Use,PR070000,VERDADEIRO,FALSO
PR072310,Expired Tax Code - Do Not Use,PR072300,VERDADEIRO,FALSO
PT090400,Expired Tax Code - Do Not Use,PT090000,VERDADEIRO,FALSO
PH050131,Expired Tax Code - Do Not Use,PH050100,VERDADEIRO,FALSO
PF130108,Expired Tax Code - Do Not Use,PF130100,VERDADEIRO,FALSO
SE080202,Expired Tax Code - Do Not Use,SE080000,FALSO,FALSO
PF061103,Expired Tax Code - Do Not Use,PF061100,VERDADEIRO,FALSO
PT080602,Expired Tax Code - Do Not Use,PT080600,VERDADEIRO,FALSO
PR061902,Expired Tax Code - Do Not Use,PR061900,VERDADEIRO,FALSO
PA030109,Expired Tax Code - Do Not Use,PA030100,VERDADEIRO,FALSO
PF050609,Expired Tax Code - Do Not Use,PF050600,VERDADEIRO,FALSO
PM120200,Expired Tax Code - Do Not Use,PM120000,VERDADEIRO,FALSO
SA040200,Expired Tax Code - Do Not Use,SA040000,FALSO,FALSO
SP101900,Expired Tax Code - Do Not Use,SP100000,FALSO,FALSO
PF060400,Expired Tax Code - Do Not Use,PF060000,VERDADEIRO,FALSO
PF090120,Expired Tax Code - Do Not Use,PF090100,VERDADEIRO,FALSO
PF100109,Expired Tax Code - Do Not Use,PF100100,VERDADEIRO,FALSO
PR050200,Expired Tax Code - Do Not Use,PR050000,VERDADEIRO,FALSO
PR062100,Expired Tax Code - Do Not Use,PR062000,VERDADEIRO,FALSO
PA020207,Expired Tax Code - Do Not Use,PA020200,VERDADEIRO,FALSO
PR070101,Expired Tax Code - Do Not Use,PR070100,VERDADEIRO,FALSO
PR072311,Expired Tax Code - Do Not Use,PR072300,VERDADEIRO,FALSO
PT090500,Expired Tax Code - Do Not Use,PT090000,VERDADEIRO,FALSO
PH050132,Expired Tax Code - Do Not Use,PH050100,VERDADEIRO,FALSO
PF130109,Expired Tax Code - Do Not Use,PF130100,VERDADEIRO,FALSO
SE080300,Expired Tax Code - Do Not Use,SE080000,FALSO,FALSO
PF061104,Expired Tax Code - Do Not Use,PF061100,VERDADEIRO,FALSO
OL010100,Expired Tax Code - Do Not Use,OL010000,FALSO,FALSO
PA030110,Expired Tax Code - Do Not Use,PA030100,VERDADEIRO,FALSO
PF050610,Expired Tax Code - Do Not Use,PF050600,VERDADEIRO,FALSO
PF050611,Expired Tax Code - Do Not Use,PF050600,VERDADEIRO,FALSO
PF100000,Expired Tax Code - Do Not Use,P0000000,VERDADEIRO,FALSO
PM120201,Expired Tax Code - Do Not Use,PM120200,VERDADEIRO,FALSO
PM120202,Expired Tax Code - Do Not Use,PM120200,VERDADEIRO,FALSO
SB170100,Expired Tax Code - Do Not Use,SB170000,FALSO,FALSO
SP102000,Expired Tax Code - Do Not Use,SP100000,FALSO,FALSO
SP102100,Expired Tax Code - Do Not Use,SP100000,FALSO,FALSO
SB170000,Expired Tax Code - Do Not Use,SB100000,FALSO,FALSO
SF020000,Expired Tax Code - Do Not Use,S0000000,FALSO,FALSO
SF030000,Expired Tax Code - Do Not Use,S0000000,FALSO,FALSO
PF120100,Expired Tax Code - Do Not Use,PF120000,VERDADEIRO,FALSO
PF060401,Expired Tax Code - Do Not Use,PF060400,VERDADEIRO,FALSO
PF060402,Expired Tax Code - Do Not Use,PF060400,VERDADEIRO,FALSO
PF070000,Expired Tax Code - Do Not Use,P0000000,VERDADEIRO,FALSO
PF100110,Expired Tax Code - Do Not Use,PF100100,VERDADEIRO,FALSO
PF100111,Expired Tax Code - Do Not Use,PF100100,VERDADEIRO,FALSO
PR050201,Expired Tax Code - Do Not Use,PR050200,VERDADEIRO,FALSO
PR050202,Expired Tax Code - Do Not Use,PR050200,VERDADEIRO,FALSO
PR062101,Expired Tax Code - Do Not Use,PR062100,VERDADEIRO,FALSO
PR062102,Expired Tax Code - Do Not Use,PR062100,VERDADEIRO,FALSO
PA020208,Expired Tax Code - Do Not Use,PA020200,VERDADEIRO,FALSO
PA020209,Expired Tax Code - Do Not Use,PA020200,VERDADEIRO,FALSO
PR070102,Expired Tax Code - Do Not Use,PR070100,VERDADEIRO,FALSO
PR070200,Expired Tax Code - Do Not Use,PR070000,VERDADEIRO,FALSO
PR072312,Expired Tax Code - Do Not Use,PR072300,VERDADEIRO,FALSO
PR072313,Expired Tax Code - Do Not Use,PR072300,VERDADEIRO,FALSO
PT090600,Expired Tax Code - Do Not Use,PT090000,VERDADEIRO,FALSO
PH050133,Expired Tax Code - Do Not Use,PH050100,VERDADEIRO,FALSO
PH050134,Expired Tax Code - Do Not Use,PH050100,VERDADEIRO,FALSO
PF130110,Expired Tax Code - Do Not Use,PF130100,VERDADEIRO,FALSO
PF130111,Expired Tax Code - Do Not Use,PF130100,VERDADEIRO,FALSO
SP150200,Expired Tax Code - Do Not Use,SP150000,FALSO,FALSO
PF061105,Expired Tax Code - Do Not Use,PF061100,VERDADEIRO,FALSO
PT090601,Expired Tax Code - Do Not Use,PT090600,VERDADEIRO,FALSO
OL010300,Expired Tax Code - Do Not Use,OL010000,FALSO,FALSO
OL010400,Expired Tax Code - Do Not Use,OL010000,FALSO,FALSO
PA030111,Expired Tax Code - Do Not Use,PA030100,VERDADEIRO,FALSO
PA030112,Expired Tax Code - Do Not Use,PA030100,VERDADEIRO,FALSO
PF190000,Expired Tax Code - Do Not Use,PF100000,VERDADEIRO,FALSO
PM120203,Expired Tax Code - Do Not Use,PM120200,VERDADEIRO,FALSO
PN030100,Expired Tax Code - Do Not Use,PN030000,VERDADEIRO,FALSO
PP040000,Expired Tax Code - Do Not Use,P0000000,VERDADEIRO,FALSO
SF030100,Expired Tax Code - Do Not Use,SF030000,FALSO,FALSO
SF030200,Expired Tax Code - Do Not Use,SF030000,FALSO,FALSO
SF030300,Expired Tax Code - Do Not Use,SF030000,FALSO,FALSO
SP102200,Expired Tax Code - Do Not Use,SP100000,FALSO,FALSO
SP102300,Expired Tax Code - Do Not Use,SP100000,FALSO,FALSO
SP102400,Expired Tax Code - Do Not Use,SP100000,FALSO,FALSO
SB170300,Expired Tax Code - Do Not Use,SB170000,FALSO,FALSO
SC040000,Expired Tax Code - Do Not Use,S0000000,FALSO,FALSO
SC050000,Expired Tax Code - Do Not Use,S0000000,FALSO,FALSO
OR012300,Expired Tax Code - Do Not Use,OR012000,FALSO,FALSO
PF050703,Expired Tax Code - Do Not Use,PF050700,VERDADEIRO,FALSO
PF050704,Expired Tax Code - Do Not Use,PF050700,VERDADEIRO,FALSO
PF050705,Expired Tax Code - Do Not Use,PF050700,VERDADEIRO,FALSO
PF060403,Expired Tax Code - Do Not Use,PF060400,VERDADEIRO,FALSO
PF060404,Expired Tax Code - Do Not Use,PF060400,VERDADEIRO,FALSO
PF060405,Expired Tax Code - Do Not Use,PF060400,VERDADEIRO,FALSO
PF070100,Expired Tax Code - Do Not Use,PF070000,VERDADEIRO,FALSO
PF070101,Expired Tax Code - Do Not Use,PF070100,VERDADEIRO,FALSO
PF070102,Expired Tax Code - Do Not Use,PF070100,VERDADEIRO,FALSO
PF100112,Expired Tax Code - Do Not Use,PF100110,VERDADEIRO,FALSO
PF100113,Expired Tax Code - Do Not Use,PF100110,VERDADEIRO,FALSO
PF100114,Expired Tax Code - Do Not Use,PF100110,VERDADEIRO,FALSO
PF120600,Expired Tax Code - Do Not Use,PF120000,VERDADEIRO,FALSO
PH030000,Expired Tax Code - Do Not Use,P0000000,VERDADEIRO,FALSO
PR050203,Expired Tax Code - Do Not Use,PR050200,VERDADEIRO,FALSO
PR050204,Expired Tax Code - Do Not Use,PR050200,VERDADEIRO,FALSO
PR050205,Expired Tax Code - Do Not Use,PR050200,VERDADEIRO,FALSO
PR062103,Expired Tax Code - Do Not Use,PR062100,VERDADEIRO,FALSO
PR062104,Expired Tax Code - Do Not Use,PR062100,VERDADEIRO,FALSO
PR062105,Expired Tax Code - Do Not Use,PR062100,VERDADEIRO,FALSO
SW050700,Expired Tax Code - Do Not Use,SW050000,FALSO,FALSO
PA020210,Expired Tax Code - Do Not Use,PA020200,VERDADEIRO,FALSO
PA020211,Expired Tax Code - Do Not Use,PA020210,VERDADEIRO,FALSO
PA020212,Expired Tax Code - Do Not Use,PA020210,VERDADEIRO,FALSO
PR070201,Expired Tax Code - Do Not Use,PR070200,VERDADEIRO,FALSO
PR070202,Expired Tax Code - Do Not Use,PR070200,VERDADEIRO,FALSO
PR072314,Expired Tax Code - Do Not Use,PR072300,VERDADEIRO,FALSO
PR072400,Expired Tax Code - Do Not Use,PR070000,VERDADEIRO,FALSO
PH050135,Expired Tax Code - Do Not Use,PH050100,VERDADEIRO,FALSO
PH050136,Expired Tax Code - Do Not Use,PH050100,VERDADEIRO,FALSO
PH050137,Expired Tax Code - Do Not Use,PH050100,VERDADEIRO,FALSO
PF130112,Expired Tax Code - Do Not Use,PF130100,VERDADEIRO,FALSO
PF130113,Expired Tax Code - Do Not Use,PF130100,VERDADEIRO,FALSO
PF130114,Expired Tax Code - Do Not Use,PF130100,VERDADEIRO,FALSO
PR070203,Expired Tax Code - Do Not Use,PR070200,VERDADEIRO,FALSO
PM120204,Expired Tax Code - Do Not Use,PM120200,VERDADEIRO,FALSO
PR072315,Expired Tax Code - Do Not Use,PR072300,VERDADEIRO,FALSO
PT090602,Expired Tax Code - Do Not Use,PT090600,VERDADEIRO,FALSO
OP010100,Expired Tax Code - Do Not Use,OP010000,FALSO,FALSO
OP010200,Expired Tax Code - Do Not Use,OP010000,FALSO,FALSO
OP010300,Expired Tax Code - Do Not Use,OP010000,FALSO,FALSO
PT100000,Expired Tax Code - Do Not Use,P0000000,VERDADEIRO,FALSO
PT100100,Expired Tax Code - Do Not Use,PT100000,VERDADEIRO,FALSO
PF050805,Expired Tax Code - Do Not Use,PF050800,VERDADEIRO,FALSO
PA030113,Expired Tax Code - Do Not Use,PA030100,VERDADEIRO,FALSO
PA030114,Expired Tax Code - Do Not Use,PA030100,VERDADEIRO,FALSO
PN030101,Expired Tax Code - Do Not Use,PN030100,VERDADEIRO,FALSO
PP040100,Expired Tax Code - Do Not Use,PP040000,VERDADEIRO,FALSO
SC060100,Expired Tax Code - Do Not Use,SC060000,FALSO,FALSO
SF030400,Expired Tax Code - Do Not Use,SF030000,FALSO,FALSO
SP102500,Expired Tax Code - Do Not Use,SP100000,FALSO,FALSO
PF050706,Expired Tax Code - Do Not Use,PF050700,VERDADEIRO,FALSO
PF060406,Expired Tax Code - Do Not Use,PF060400,VERDADEIRO,FALSO
PF070103,Expired Tax Code - Do Not Use,PF070100,VERDADEIRO,FALSO
PF100115,Expired Tax Code - Do Not Use,PF100110,VERDADEIRO,FALSO
PH040000,Expired Tax Code - Do Not Use,P0000000,VERDADEIRO,FALSO
PR050206,Expired Tax Code - Do Not Use,PR050200,VERDADEIRO,FALSO
PR062106,Expired Tax Code - Do Not Use,PR062100,VERDADEIRO,FALSO
PA020215,Expired Tax Code - Do Not Use,PA020210,VERDADEIRO,FALSO
PR070300,Expired Tax Code - Do Not Use,PR070000,VERDADEIRO,FALSO
PR072401,Expired Tax Code - Do Not Use,PR072400,VERDADEIRO,FALSO
PH050138,Expired Tax Code - Do Not Use,PH050100,VERDADEIRO,FALSO
PF130115,Expired Tax Code - Do Not Use,PF130100,VERDADEIRO,FALSO
OP010400,Expired Tax Code - Do Not Use,OP010000,FALSO,FALSO
PT100200,Expired Tax Code - Do Not Use,PT100000,VERDADEIRO,FALSO
PF060805,Expired Tax Code - Do Not Use,PF060800,VERDADEIRO,FALSO
PH050120,Expired Tax Code - Do Not Use,PH050100,VERDADEIRO,FALSO
PH050211,Expired Tax Code - Do Not Use,PH050210,VERDADEIRO,FALSO
PN030102,Expired Tax Code - Do Not Use,PN030100,VERDADEIRO,FALSO
PN030103,Expired Tax Code - Do Not Use,PN030100,VERDADEIRO,FALSO
PN030200,Expired Tax Code - Do Not Use,PN030000,VERDADEIRO,FALSO
PP040200,Expired Tax Code - Do Not Use,PP040000,VERDADEIRO,FALSO
PR020000,Expired Tax Code - Do Not Use,P0000000,VERDADEIRO,FALSO
PS020000,Expired Tax Code - Do Not Use,P0000000,VERDADEIRO,FALSO
SF030500,Expired Tax Code - Do Not Use,SF030000,FALSO,FALSO
SF030600,Expired Tax Code - Do Not Use,SF030000,FALSO,FALSO
SF030700,Expired Tax Code - Do Not Use,SF030000,FALSO,FALSO
SP102600,Expired Tax Code - Do Not Use,SP100000,FALSO,FALSO
SP102700,Expired Tax Code - Do Not Use,SP100000,FALSO,FALSO
SP102900,Expired Tax Code - Do Not Use,SP100000,FALSO,FALSO
SM050000,Expired Tax Code - Do Not Use,S0000000,FALSO,FALSO
OR010000,Expired Tax Code - Do Not Use,O0000000,FALSO,FALSO
OR010100,Expired Tax Code - Do Not Use,OR010000,FALSO,FALSO
OR010300,Expired Tax Code - Do Not Use,OR010000,FALSO,FALSO
PF050708,Expired Tax Code - Do Not Use,PF050700,VERDADEIRO,FALSO
PF050710,Expired Tax Code - Do Not Use,PF050700,VERDADEIRO,FALSO
PF050719,Expired Tax Code - Do Not Use,PF050710,VERDADEIRO,FALSO
PF060407,Expired Tax Code - Do Not Use,PF060400,VERDADEIRO,FALSO
PF060408,Expired Tax Code - Do Not Use,PF060400,VERDADEIRO,FALSO
PF060409,Expired Tax Code - Do Not Use,PF060400,VERDADEIRO,FALSO
PF070104,Expired Tax Code - Do Not Use,PF070100,VERDADEIRO,FALSO
PF070105,Expired Tax Code - Do Not Use,PF070100,VERDADEIRO,FALSO
PF070106,Expired Tax Code - Do Not Use,PF070100,VERDADEIRO,FALSO
PF100116,Expired Tax Code - Do Not Use,PF100110,VERDADEIRO,FALSO
PF100117,Expired Tax Code - Do Not Use,PF100110,VERDADEIRO,FALSO
PF100118,Expired Tax Code - Do Not Use,PF100110,VERDADEIRO,FALSO
PH050503,Expired Tax Code - Do Not Use,PH050500,VERDADEIRO,FALSO
PH050504,Expired Tax Code - Do Not Use,PH050500,VERDADEIRO,FALSO
PR050207,Expired Tax Code - Do Not Use,PR050200,VERDADEIRO,FALSO
PR050208,Expired Tax Code - Do Not Use,PR050200,VERDADEIRO,FALSO
PR050209,Expired Tax Code - Do Not Use,PR050200,VERDADEIRO,FALSO
PR062107,Expired Tax Code - Do Not Use,PR062100,VERDADEIRO,FALSO
PR062108,Expired Tax Code - Do Not Use,PR062100,VERDADEIRO,FALSO
PR062109,Expired Tax Code - Do Not Use,PR062100,VERDADEIRO,FALSO
PA020216,Expired Tax Code - Do Not Use,PA020210,VERDADEIRO,FALSO
PA020217,Expired Tax Code - Do Not Use,PA020210,VERDADEIRO,FALSO
PA020218,Expired Tax Code - Do Not Use,PA020210,VERDADEIRO,FALSO
PR070400,Expired Tax Code - Do Not Use,PR070000,VERDADEIRO,FALSO
PR070401,Expired Tax Code - Do Not Use,PR070400,VERDADEIRO,FALSO
PR070402,Expired Tax Code - Do Not Use,PR070400,VERDADEIRO,FALSO
PR072402,Expired Tax Code - Do Not Use,PR072400,VERDADEIRO,FALSO
PR072403,Expired Tax Code - Do Not Use,PR072400,VERDADEIRO,FALSO
PR072404,Expired Tax Code - Do Not Use,PR072400,VERDADEIRO,FALSO
SI040100,Expired Tax Code - Do Not Use,SI040000,FALSO,FALSO
SI040200,Expired Tax Code - Do Not Use,SI040000,FALSO,FALSO
PH050139,Expired Tax Code - Do Not Use,PH050100,VERDADEIRO,FALSO
PF130116,Expired Tax Code - Do Not Use,PF130100,VERDADEIRO,FALSO
PF130117,Expired Tax Code - Do Not Use,PF130100,VERDADEIRO,FALSO
PF130118,Expired Tax Code - Do Not Use,PF130100,VERDADEIRO,FALSO
PT100300,Expired Tax Code - Do Not Use,PT100000,VERDADEIRO,FALSO
PT100400,Expired Tax Code - Do Not Use,PT100000,VERDADEIRO,FALSO
PT100500,Expired Tax Code - Do Not Use,PT100000,VERDADEIRO,FALSO
PF190300,Expired Tax Code - Do Not Use,PF190000,VERDADEIRO,FALSO
PF050803,Expired Tax Code - Do Not Use,PF050800,VERDADEIRO,FALSO
PH050212,Expired Tax Code - Do Not Use,PH050210,VERDADEIRO,FALSO
PH050410,Expired Tax Code - Do Not Use,PH050400,VERDADEIRO,FALSO
PN030201,Expired Tax Code - Do Not Use,PN030200,VERDADEIRO,FALSO
PN030202,Expired Tax Code - Do Not Use,PN030200,VERDADEIRO,FALSO
PS020100,Expired Tax Code - Do Not Use,PS020000,VERDADEIRO,FALSO
PS020200,Expired Tax Code - Do Not Use,PS020000,VERDADEIRO,FALSO
PU160000,Expired Tax Code - Do Not Use,PU100000,VERDADEIRO,FALSO
SM050100,Expired Tax Code - Do Not Use,SM050000,FALSO,FALSO
SP100500,Expired Tax Code - Do Not Use,SP100000,FALSO,FALSO
SP103000,Expired Tax Code - Do Not Use,SP100000,FALSO,FALSO
SP103100,Expired Tax Code - Do Not Use,SP100000,FALSO,FALSO
SF040000,Expired Tax Code - Do Not Use,S0000000,FALSO,FALSO
OR010500,Expired Tax Code - Do Not Use,OR010000,FALSO,FALSO
OR010600,Expired Tax Code - Do Not Use,OR010000,FALSO,FALSO
SF050000,Expired Tax Code - Do Not Use,S0000000,FALSO,FALSO
PF050804,Expired Tax Code - Do Not Use,PF050800,VERDADEIRO,FALSO
PF060410,Expired Tax Code - Do Not Use,PF060400,VERDADEIRO,FALSO
PF060411,Expired Tax Code - Do Not Use,PF060410,VERDADEIRO,FALSO
PF070107,Expired Tax Code - Do Not Use,PF070100,VERDADEIRO,FALSO
PF070108,Expired Tax Code - Do Not Use,PF070100,VERDADEIRO,FALSO
PF100119,Expired Tax Code - Do Not Use,PF100110,VERDADEIRO,FALSO
PF100120,Expired Tax Code - Do Not Use,PF100100,VERDADEIRO,FALSO
PH050505,Expired Tax Code - Do Not Use,PH050500,VERDADEIRO,FALSO
PH050510,Expired Tax Code - Do Not Use,PH050500,VERDADEIRO,FALSO
PR050210,Expired Tax Code - Do Not Use,PR050200,VERDADEIRO,FALSO
PR050211,Expired Tax Code - Do Not Use,PR050200,VERDADEIRO,FALSO
PR062110,Expired Tax Code - Do Not Use,PR062100,VERDADEIRO,FALSO
PR062111,Expired Tax Code - Do Not Use,PR062110,VERDADEIRO,FALSO
PA020219,Expired Tax Code - Do Not Use,PA020210,VERDADEIRO,FALSO
PA020220,Expired Tax Code - Do Not Use,PA020200,VERDADEIRO,FALSO
PR070403,Expired Tax Code - Do Not Use,PR070400,VERDADEIRO,FALSO
PR070500,Expired Tax Code - Do Not Use,PR070000,VERDADEIRO,FALSO
PR072405,Expired Tax Code - Do Not Use,PR072400,VERDADEIRO,FALSO
PR072406,Expired Tax Code - Do Not Use,PR072400,VERDADEIRO,FALSO
PF130119,Expired Tax Code - Do Not Use,PF130100,VERDADEIRO,FALSO
PF130120,Expired Tax Code - Do Not Use,PF130100,VERDADEIRO,FALSO
PT100600,Expired Tax Code - Do Not Use,PT100000,VERDADEIRO,FALSO
PF190304,Expired Tax Code - Do Not Use,PF190300,VERDADEIRO,FALSO
PI040900,Expired Tax Code - Do Not Use,PI040000,VERDADEIRO,FALSO
PM030107,Expired Tax Code - Do Not Use,PM030100,VERDADEIRO,FALSO
PM030111,Expired Tax Code - Do Not Use,PM030100,VERDADEIRO,FALSO
PN030203,Expired Tax Code - Do Not Use,PN030200,VERDADEIRO,FALSO
PN030300,Expired Tax Code - Do Not Use,PN030000,VERDADEIRO,FALSO
PU160100,Expired Tax Code - Do Not Use,PU160000,VERDADEIRO,FALSO
PU160200,Expired Tax Code - Do Not Use,PU160000,VERDADEIRO,FALSO
PW020000,Expired Tax Code - Do Not Use,P0000000,VERDADEIRO,FALSO
SF060100,Expired Tax Code - Do Not Use,SF060000,FALSO,FALSO
SF060200,Expired Tax Code - Do Not Use,SF060000,FALSO,FALSO
SP103200,Expired Tax Code - Do Not Use,SP100000,FALSO,FALSO
SB150000,Expired Tax Code - Do Not Use,SB100000,FALSO,FALSO
SF060000,Expired Tax Code - Do Not Use,S0000000,FALSO,FALSO
SQ010000,Expired Tax Code - Do Not Use,S0000000,FALSO,FALSO
SR030000,Expired Tax Code - Do Not Use,S0000000,FALSO,FALSO
ST030000,Expired Tax Code - Do Not Use,S0000000,FALSO,FALSO
ST050000,Expired Tax Code - Do Not Use,S0000000,FALSO,FALSO
OR010700,Expired Tax Code - Do Not Use,OR010000,FALSO,FALSO
OR010800,Expired Tax Code - Do Not Use,OR010000,FALSO,FALSO
OR010900,Expired Tax Code - Do Not Use,OR010000,FALSO,FALSO
SA030600,Expired Tax Code - Do Not Use,SA030000,FALSO,FALSO
SP170000,Expired Tax Code - Do Not Use,SP100000,FALSO,FALSO
PF050906,Expired Tax Code - Do Not Use,PF050900,VERDADEIRO,FALSO
PF060412,Expired Tax Code - Do Not Use,PF060410,VERDADEIRO,FALSO
PF060413,Expired Tax Code - Do Not Use,PF060410,VERDADEIRO,FALSO
PF060414,Expired Tax Code - Do Not Use,PF060410,VERDADEIRO,FALSO
PF070109,Expired Tax Code - Do Not Use,PF070100,VERDADEIRO,FALSO
PF070110,Expired Tax Code - Do Not Use,PF070100,VERDADEIRO,FALSO
PF070111,Expired Tax Code - Do Not Use,PF070100,VERDADEIRO,FALSO
PF100121,Expired Tax Code - Do Not Use,PF100120,VERDADEIRO,FALSO
PF100122,Expired Tax Code - Do Not Use,PF100120,VERDADEIRO,FALSO
PF100123,Expired Tax Code - Do Not Use,PF100120,VERDADEIRO,FALSO
PH050513,Expired Tax Code - Do Not Use,PH050510,VERDADEIRO,FALSO
PH050516,Expired Tax Code - Do Not Use,PH050510,VERDADEIRO,FALSO
PH050517,Expired Tax Code - Do Not Use,PH050510,VERDADEIRO,FALSO
PR050212,Expired Tax Code - Do Not Use,PR050200,VERDADEIRO,FALSO
PR050213,Expired Tax Code - Do Not Use,PR050200,VERDADEIRO,FALSO
PR050215,Expired Tax Code - Do Not Use,PR050200,VERDADEIRO,FALSO
PR062112,Expired Tax Code - Do Not Use,PR062100,VERDADEIRO,FALSO
PR062113,Expired Tax Code - Do Not Use,PR062100,VERDADEIRO,FALSO
PR062114,Expired Tax Code - Do Not Use,PR062110,VERDADEIRO,FALSO
PN030204,Expired Tax Code - Do Not Use,PN030200,VERDADEIRO,FALSO
PR070501,Expired Tax Code - Do Not Use,PR070500,VERDADEIRO,FALSO
PR070502,Expired Tax Code - Do Not Use,PR070500,VERDADEIRO,FALSO
PR072407,Expired Tax Code - Do Not Use,PR072400,VERDADEIRO,FALSO
PR072408,Expired Tax Code - Do Not Use,PR072400,VERDADEIRO,FALSO
PR072409,Expired Tax Code - Do Not Use,PR072400,VERDADEIRO,FALSO
PA020221,Expired Tax Code - Do Not Use,PA020200,VERDADEIRO,FALSO
PF130121,Expired Tax Code - Do Not Use,PF130100,VERDADEIRO,FALSO
PF130122,Expired Tax Code - Do Not Use,PF130100,VERDADEIRO,FALSO
PF130123,Expired Tax Code - Do Not Use,PF130100,VERDADEIRO,FALSO
PS020300,Expired Tax Code - Do Not Use,PS020000,VERDADEIRO,FALSO
PR070503,Expired Tax Code - Do Not Use,PR070500,VERDADEIRO,FALSO
PA020222,Expired Tax Code - Do Not Use,PA020200,VERDADEIRO,FALSO
PA020223,Expired Tax Code - Do Not Use,PA020200,VERDADEIRO,FALSO
PF190305,Expired Tax Code - Do Not Use,PF190300,VERDADEIRO,FALSO
PF190306,Expired Tax Code - Do Not Use,PF190300,VERDADEIRO,FALSO
PF190307,Expired Tax Code - Do Not Use,PF190300,VERDADEIRO,FALSO
PF051001,Expired Tax Code - Do Not Use,PF051000,VERDADEIRO,FALSO
PF110100,Expired Tax Code - Do Not Use,PF110000,VERDADEIRO,FALSO
PF110101,Expired Tax Code - Do Not Use,PF110100,VERDADEIRO,FALSO
PM030112,Expired Tax Code - Do Not Use,PM030110,VERDADEIRO,FALSO
PM030200,Expired Tax Code - Do Not Use,PM030000,VERDADEIRO,FALSO
PN030301,Expired Tax Code - Do Not Use,PN030300,VERDADEIRO,FALSO
PN030302,Expired Tax Code - Do Not Use,PN030300,VERDADEIRO,FALSO
PN030303,Expired Tax Code - Do Not Use,PN030300,VERDADEIRO,FALSO
PW020100,Expired Tax Code - Do Not Use,PW020000,VERDADEIRO,FALSO
PW020200,Expired Tax Code - Do Not Use,PW020000,VERDADEIRO,FALSO
SC030100,Expired Tax Code - Do Not Use,SC030000,FALSO,FALSO
SC030200,Expired Tax Code - Do Not Use,SC030000,FALSO,FALSO
SF060500,Expired Tax Code - Do Not Use,SF060000,FALSO,FALSO
SF060400,Expired Tax Code - Do Not Use,SF060000,FALSO,FALSO
SF060300,Expired Tax Code - Do Not Use,SF060000,FALSO,FALSO
SR030100,Expired Tax Code - Do Not Use,SR030000,FALSO,FALSO
ST050200,Expired Tax Code - Do Not Use,ST050000,FALSO,FALSO
SR010000,Expired Tax Code - Do Not Use,S0000000,FALSO,FALSO
SR020000,Expired Tax Code - Do Not Use,S0000000,FALSO,FALSO
OR011000,Expired Tax Code - Do Not Use,OR010000,FALSO,FALSO
OR011100,Expired Tax Code - Do Not Use,OR011000,FALSO,FALSO
OR011200,Expired Tax Code - Do Not Use,OR011000,FALSO,FALSO
SA030100,Expired Tax Code - Do Not Use,SA030000,FALSO,FALSO
PF050907,Expired Tax Code - Do Not Use,PF050900,VERDADEIRO,FALSO
PF060415,Expired Tax Code - Do Not Use,PF060410,VERDADEIRO,FALSO
PF060500,Expired Tax Code - Do Not Use,PF060000,VERDADEIRO,FALSO
PF060501,Expired Tax Code - Do Not Use,PF060500,VERDADEIRO,FALSO
PF070112,Expired Tax Code - Do Not Use,PF070110,VERDADEIRO,FALSO
PF070113,Expired Tax Code - Do Not Use,PF070110,VERDADEIRO,FALSO
PF070114,Expired Tax Code - Do Not Use,PF070110,VERDADEIRO,FALSO
PF100124,Expired Tax Code - Do Not Use,PF100120,VERDADEIRO,FALSO
PH050521,Expired Tax Code - Do Not Use,PH050520,VERDADEIRO,FALSO
PH050523,Expired Tax Code - Do Not Use,PH050520,VERDADEIRO,FALSO
PH050524,Expired Tax Code - Do Not Use,PH050520,VERDADEIRO,FALSO
PP010000,Expired Tax Code - Do Not Use,P0000000,VERDADEIRO,FALSO
PR050216,Expired Tax Code - Do Not Use,PR050210,VERDADEIRO,FALSO
PR062200,Expired Tax Code - Do Not Use,PR062000,VERDADEIRO,FALSO
PR062201,Expired Tax Code - Do Not Use,PR062200,VERDADEIRO,FALSO
ST050201,Expired Tax Code - Do Not Use,ST050200,FALSO,FALSO
ST050202,Expired Tax Code - Do Not Use,ST050200,FALSO,FALSO
PA050100,Expired Tax Code - Do Not Use,PA050000,VERDADEIRO,FALSO
PB100101,Expired Tax Code - Do Not Use,PB100100,VERDADEIRO,FALSO
PR050217,Expired Tax Code - Do Not Use,PR050200,VERDADEIRO,FALSO
PR050218,Expired Tax Code - Do Not Use,PR050200,VERDADEIRO,FALSO
PR070600,Expired Tax Code - Do Not Use,PR070000,VERDADEIRO,FALSO
PR070601,Expired Tax Code - Do Not Use,PR070600,VERDADEIRO,FALSO
PR070602,Expired Tax Code - Do Not Use,PR070600,VERDADEIRO,FALSO
PR072410,Expired Tax Code - Do Not Use,PR072400,VERDADEIRO,FALSO
PR072411,Expired Tax Code - Do Not Use,PR072400,VERDADEIRO,FALSO
PR072412,Expired Tax Code - Do Not Use,PR072400,VERDADEIRO,FALSO
PF130124,Expired Tax Code - Do Not Use,PF130100,VERDADEIRO,FALSO
PF140000,Expired Tax Code - Do Not Use,P0000000,VERDADEIRO,FALSO
PR062115,Expired Tax Code - Do Not Use,PR062100,VERDADEIRO,FALSO
PF150000,Expired Tax Code - Do Not Use,P0000000,VERDADEIRO,FALSO
PA020224,Expired Tax Code - Do Not Use,PA020200,VERDADEIRO,FALSO
PF190308,Expired Tax Code - Do Not Use,PF190300,VERDADEIRO,FALSO
PF051002,Expired Tax Code - Do Not Use,PF051000,VERDADEIRO,FALSO
PF051003,Expired Tax Code - Do Not Use,PF051000,VERDADEIRO,FALSO
PF110102,Expired Tax Code - Do Not Use,PF110100,VERDADEIRO,FALSO
PF110200,Expired Tax Code - Do Not Use,PF110000,VERDADEIRO,FALSO
PI010000,Expired Tax Code - Do Not Use,P0000000,VERDADEIRO,FALSO
PN030401,Expired Tax Code - Do Not Use,PN030400,VERDADEIRO,FALSO
SF060700,Expired Tax Code - Do Not Use,SF060000,FALSO,FALSO
SF060600,Expired Tax Code - Do Not Use,SF060000,FALSO,FALSO
SR030200,Expired Tax Code - Do Not Use,SR030000,FALSO,FALSO
ST050300,Expired Tax Code - Do Not Use,ST050000,FALSO,FALSO
SR040000,Expired Tax Code - Do Not Use,S0000000,FALSO,FALSO
OR011300,Expired Tax Code - Do Not Use,OR011000,FALSO,FALSO
OR011400,Expired Tax Code - Do Not Use,OR011000,FALSO,FALSO
SA030500,Expired Tax Code - Do Not Use,SA030000,FALSO,FALSO
PF060502,Expired Tax Code - Do Not Use,PF060500,VERDADEIRO,FALSO
PF060503,Expired Tax Code - Do Not Use,PF060500,VERDADEIRO,FALSO
PF070115,Expired Tax Code - Do Not Use,PF070110,VERDADEIRO,FALSO
PF070116,Expired Tax Code - Do Not Use,PF070110,VERDADEIRO,FALSO
PH050525,Expired Tax Code - Do Not Use,PH050520,VERDADEIRO,FALSO
PP050000,Expired Tax Code - Do Not Use,P0000000,VERDADEIRO,FALSO
PR062202,Expired Tax Code - Do Not Use,PR062200,VERDADEIRO,FALSO
PR062203,Expired Tax Code - Do Not Use,PR062200,VERDADEIRO,FALSO
PB100102,Expired Tax Code - Do Not Use,PB100100,VERDADEIRO,FALSO
PB160000,Expired Tax Code - Do Not Use,PB100000,VERDADEIRO,FALSO
PN030304,Expired Tax Code - Do Not Use,PN030300,VERDADEIRO,FALSO
PR050219,Expired Tax Code - Do Not Use,PR050200,VERDADEIRO,FALSO
PR050220,Expired Tax Code - Do Not Use,PR050200,VERDADEIRO,FALSO
PR070700,Expired Tax Code - Do Not Use,PR070000,VERDADEIRO,FALSO
PR072413,Expired Tax Code - Do Not Use,PR072400,VERDADEIRO,FALSO
PR072414,Expired Tax Code - Do Not Use,PR072400,VERDADEIRO,FALSO
SC150202,Expired Tax Code - Do Not Use,SC150200,FALSO,FALSO
SC150203,Expired Tax Code - Do Not Use,SC150200,FALSO,FALSO
PR070603,Expired Tax Code - Do Not Use,PR070600,VERDADEIRO,FALSO
ST050301,Expired Tax Code - Do Not Use,ST050300,FALSO,FALSO
PF150100,Expired Tax Code - Do Not Use,PF150000,VERDADEIRO,FALSO
PF150101,Expired Tax Code - Do Not Use,PF150100,VERDADEIRO,FALSO
PR040100,Expired Tax Code - Do Not Use,PR040000,VERDADEIRO,FALSO
PB190100,Expired Tax Code - Do Not Use,PB190000,VERDADEIRO,FALSO
PB190200,Expired Tax Code - Do Not Use,PB190000,VERDADEIRO,FALSO
PF110201,Expired Tax Code - Do Not Use,PF110200,VERDADEIRO,FALSO
PF110202,Expired Tax Code - Do Not Use,PF110200,VERDADEIRO,FALSO
PI010100,Expired Tax Code - Do Not Use,PI0100000,VERDADEIRO,FALSO
PI010200,Expired Tax Code - Do Not Use,PI0100000,VERDADEIRO,FALSO
PN030402,Expired Tax Code - Do Not Use,PN030400,VERDADEIRO,FALSO
PN030403,Expired Tax Code - Do Not Use,PN030400,VERDADEIRO,FALSO
SA040100,Expired Tax Code - Do Not Use,SA040000,FALSO,FALSO
SA040300,Expired Tax Code - Do Not Use,SA040000,FALSO,FALSO
SF060900,Expired Tax Code - Do Not Use,SF060000,FALSO,FALSO
SF060800,Expired Tax Code - Do Not Use,SF060000,FALSO,FALSO
ST050400,Expired Tax Code - Do Not Use,ST050000,FALSO,FALSO
SR050000,Expired Tax Code - Do Not Use,S0000000,FALSO,FALSO
SR070000,Expired Tax Code - Do Not Use,S0000000,FALSO,FALSO
OR011500,Expired Tax Code - Do Not Use,OR011000,FALSO,FALSO
OR011601,Expired Tax Code - Do Not Use,OR011600,FALSO,FALSO
PF060000,Expired Tax Code - Do Not Use,P0000000,VERDADEIRO,FALSO
PF060504,Expired Tax Code - Do Not Use,PF060500,VERDADEIRO,FALSO
PF060505,Expired Tax Code - Do Not Use,PF060500,VERDADEIRO,FALSO
PF070117,Expired Tax Code - Do Not Use,PF070110,VERDADEIRO,FALSO
PF070118,Expired Tax Code - Do Not Use,PF070110,VERDADEIRO,FALSO
PP050102,Expired Tax Code - Do Not Use,PP050100,VERDADEIRO,FALSO
PP140000,Expired Tax Code - Do Not Use,PP100000,VERDADEIRO,FALSO
PR062204,Expired Tax Code - Do Not Use,PR062200,VERDADEIRO,FALSO
PR062205,Expired Tax Code - Do Not Use,PR062200,VERDADEIRO,FALSO
PR050221,Expired Tax Code - Do Not Use,PR050200,VERDADEIRO,FALSO
PR050222,Expired Tax Code - Do Not Use,PR050200,VERDADEIRO,FALSO
PR070800,Expired Tax Code - Do Not Use,PR070000,VERDADEIRO,FALSO
PR070801,Expired Tax Code - Do Not Use,PR070800,VERDADEIRO,FALSO
PR072500,Expired Tax Code - Do Not Use,PR070000,VERDADEIRO,FALSO
SC150204,Expired Tax Code - Do Not Use,SC150200,FALSO,FALSO
SC150301,Expired Tax Code - Do Not Use,SC150300,FALSO,FALSO
ST050302,Expired Tax Code - Do Not Use,ST050300,FALSO,FALSO
PF051005,Expired Tax Code - Do Not Use,PF051000,VERDADEIRO,FALSO
PR072415,Expired Tax Code - Do Not Use,PR072410,VERDADEIRO,FALSO
PF150102,Expired Tax Code - Do Not Use,PF150100,VERDADEIRO,FALSO
PF150103,Expired Tax Code - Do Not Use,PF150100,VERDADEIRO,FALSO
SA030800,Expired Tax Code - Do Not Use,SA030000,FALSO,FALSO
PB190300,Expired Tax Code - Do Not Use,PB190000,VERDADEIRO,FALSO
PC030107,Expired Tax Code - Do Not Use,PC030100,VERDADEIRO,FALSO
PC030114,Expired Tax Code - Do Not Use,PC030110,VERDADEIRO,FALSO
PI010300,Expired Tax Code - Do Not Use,PI010000,VERDADEIRO,FALSO
PL020000,Expired Tax Code - Do Not Use,P0000000,VERDADEIRO,FALSO
PL020100,Expired Tax Code - Do Not Use,PL020000,VERDADEIRO,FALSO
SA040400,Expired Tax Code - Do Not Use,SA040000,FALSO,FALSO
SF061100,Expired Tax Code - Do Not Use,SF060000,FALSO,FALSO
SF061200,Expired Tax Code - Do Not Use,SF060000,FALSO,FALSO
SF061000,Expired Tax Code - Do Not Use,SF060000,FALSO,FALSO
SR080100,Expired Tax Code - Do Not Use,SR080000,FALSO,FALSO
ST050500,Expired Tax Code - Do Not Use,ST050000,FALSO,FALSO
ST050600,Expired Tax Code - Do Not Use,ST050000,FALSO,FALSO
ST050700,Expired Tax Code - Do Not Use,ST050000,FALSO,FALSO
SR080000,Expired Tax Code - Do Not Use,S0000000,FALSO,FALSO
SS030000,Expired Tax Code - Do Not Use,S0000000,FALSO,FALSO
OR011602,Expired Tax Code - Do Not Use,OR011600,FALSO,FALSO
OR011604,Expired Tax Code - Do Not Use,OR011600,FALSO,FALSO
OR011605,Expired Tax Code - Do Not Use,OR011600,FALSO,FALSO
SA040401,Expired Tax Code - Do Not Use,SA040400,FALSO,FALSO
SA040402,Expired Tax Code - Do Not Use,SA040400,FALSO,FALSO
PF060100,Expired Tax Code - Do Not Use,PF060000,VERDADEIRO,FALSO
PF060101,Expired Tax Code - Do Not Use,PF060100,VERDADEIRO,FALSO
PF060506,Expired Tax Code - Do Not Use,PF060500,VERDADEIRO,FALSO
PF060507,Expired Tax Code - Do Not Use,PF060500,VERDADEIRO,FALSO
PF060508,Expired Tax Code - Do Not Use,PF060500,VERDADEIRO,FALSO
PF070119,Expired Tax Code - Do Not Use,PF070110,VERDADEIRO,FALSO
PF070120,Expired Tax Code - Do Not Use,PF070100,VERDADEIRO,FALSO
PF070121,Expired Tax Code - Do Not Use,PF070120,VERDADEIRO,FALSO
PF110500,Expired Tax Code - Do Not Use,PF110000,VERDADEIRO,FALSO
PF110501,Expired Tax Code - Do Not Use,PF110500,VERDADEIRO,FALSO
PF110502,Expired Tax Code - Do Not Use,PF110500,VERDADEIRO,FALSO
PR040000,Expired Tax Code - Do Not Use,P0000000,VERDADEIRO,FALSO
PR062206,Expired Tax Code - Do Not Use,PR062200,VERDADEIRO,FALSO
PR062207,Expired Tax Code - Do Not Use,PR062200,VERDADEIRO,FALSO
PR062208,Expired Tax Code - Do Not Use,PR062200,VERDADEIRO,FALSO
PR063100,Expired Tax Code - Do Not Use,PR063000,VERDADEIRO,FALSO
PN030404,Expired Tax Code - Do Not Use,PN030400,VERDADEIRO,FALSO
PR050223,Expired Tax Code - Do Not Use,PR050200,VERDADEIRO,FALSO
PR050224,Expired Tax Code - Do Not Use,PR050200,VERDADEIRO,FALSO
PR050225,Expired Tax Code - Do Not Use,PR050200,VERDADEIRO,FALSO
PR050226,Expired Tax Code - Do Not Use,PR050200,VERDADEIRO,FALSO
PR070802,Expired Tax Code - Do Not Use,PR070800,VERDADEIRO,FALSO
PR070900,Expired Tax Code - Do Not Use,PR070000,VERDADEIRO,FALSO
PR070901,Expired Tax Code - Do Not Use,PR070900,VERDADEIRO,FALSO
PR072600,Expired Tax Code - Do Not Use,PR070000,VERDADEIRO,FALSO
SC150302,Expired Tax Code - Do Not Use,SC150300,FALSO,FALSO
SC150303,Expired Tax Code - Do Not Use,SC150300,FALSO,FALSO
SC150304,Expired Tax Code - Do Not Use,SC150300,FALSO,FALSO
PN040101,Expired Tax Code - Do Not Use,PN040100,VERDADEIRO,FALSO
PN040102,Expired Tax Code - Do Not Use,PN040100,VERDADEIRO,FALSO
PR072501,Expired Tax Code - Do Not Use,PR072500,VERDADEIRO,FALSO
PR072502,Expired Tax Code - Do Not Use,PR072500,VERDADEIRO,FALSO
PF150104,Expired Tax Code - Do Not Use,PF150100,VERDADEIRO,FALSO
PF150105,Expired Tax Code - Do Not Use,PF150100,VERDADEIRO,FALSO
PF150106,Expired Tax Code - Do Not Use,PF150100,VERDADEIRO,FALSO
PF060001,Expired Tax Code - Do Not Use,PF060000,VERDADEIRO,FALSO
SB180000,Expired Tax Code - Do Not Use,S0000000,FALSO,FALSO
SB180100,Expired Tax Code - Do Not Use,SB180000,FALSO,FALSO
SB180200,Expired Tax Code - Do Not Use,SB180000,FALSO,FALSO
PC030211,Expired Tax Code - Do Not Use,PC030210,VERDADEIRO,FALSO
PL020200,Expired Tax Code - Do Not Use,PL020000,VERDADEIRO,FALSO
PL020300,Expired Tax Code - Do Not Use,PL020000,VERDADEIRO,FALSO
SF070100,Expired Tax Code - Do Not Use,SF070000,FALSO,FALSO
SS050100,Expired Tax Code - Do Not Use,SS050000,FALSO,FALSO
ST050800,Expired Tax Code - Do Not Use,ST050000,FALSO,FALSO
SS050000,Expired Tax Code - Do Not Use,S0000000,FALSO,FALSO
ST060000,Expired Tax Code - Do Not Use,S0000000,FALSO,FALSO
OR011606,Expired Tax Code - Do Not Use,OR011600,FALSO,FALSO
OR011607,Expired Tax Code - Do Not Use,OR011600,FALSO,FALSO
SA040403,Expired Tax Code - Do Not Use,SA040400,FALSO,FALSO
SA040404,Expired Tax Code - Do Not Use,SA040400,FALSO,FALSO
PF060102,Expired Tax Code - Do Not Use,PF060100,VERDADEIRO,FALSO
PF060103,Expired Tax Code - Do Not Use,PF060100,VERDADEIRO,FALSO
PF060600,Expired Tax Code - Do Not Use,PF060000,VERDADEIRO,FALSO
PF060601,Expired Tax Code - Do Not Use,PF060600,VERDADEIRO,FALSO
PF070122,Expired Tax Code - Do Not Use,PF070120,VERDADEIRO,FALSO
PF070123,Expired Tax Code - Do Not Use,PF070120,VERDADEIRO,FALSO
PF110503,Expired Tax Code - Do Not Use,PF110500,VERDADEIRO,FALSO
PF110504,Expired Tax Code - Do Not Use,PF110500,VERDADEIRO,FALSO
PR062209,Expired Tax Code - Do Not Use,PR062200,VERDADEIRO,FALSO
PR062210,Expired Tax Code - Do Not Use,PR062200,VERDADEIRO,FALSO
PC030603,Expired Tax Code - Do Not Use,PC030600,VERDADEIRO,FALSO
PR050227,Expired Tax Code - Do Not Use,PR050200,VERDADEIRO,FALSO
PR050228,Expired Tax Code - Do Not Use,PR050200,VERDADEIRO,FALSO
PR070902,Expired Tax Code - Do Not Use,PR070900,VERDADEIRO,FALSO
PR071000,Expired Tax Code - Do Not Use,PR070000,VERDADEIRO,FALSO
PR072700,Expired Tax Code - Do Not Use,PR070000,VERDADEIRO,FALSO
PR072800,Expired Tax Code - Do Not Use,PR070000,VERDADEIRO,FALSO
PR073700,Expired Tax Code - Do Not Use,PR070000,VERDADEIRO,FALSO
PN040103,Expired Tax Code - Do Not Use,PN040100,VERDADEIRO,FALSO
PN040104,Expired Tax Code - Do Not Use,PN040100,VERDADEIRO,FALSO
SC150400,Expired Tax Code - Do Not Use,SC150000,FALSO,FALSO
SF061300,Expired Tax Code - Do Not Use,SF061000,FALSO,FALSO
PF150107,Expired Tax Code - Do Not Use,PF150100,VERDADEIRO,FALSO
PF150108,Expired Tax Code - Do Not Use,PF150100,VERDADEIRO,FALSO
SB180300,Expired Tax Code - Do Not Use,SB180000,FALSO,FALSO
SC220100,Expired Tax Code - Do Not Use,SC220000,FALSO,FALSO
PL020400,Expired Tax Code - Do Not Use,PL020000,VERDADEIRO,FALSO
PL080000,Expired Tax Code - Do Not Use,P0000000,VERDADEIRO,FALSO
SA090300,Expired Tax Code - Do Not Use,SA090000,FALSO,FALSO
SF070200,Expired Tax Code - Do Not Use,SF070000,FALSO,FALSO
SG020000,Expired Tax Code - Do Not Use,S0000000,FALSO,FALSO
ST070000,Expired Tax Code - Do Not Use,S0000000,FALSO,FALSO
SV020000,Expired Tax Code - Do Not Use,S0000000,FALSO,FALSO
OR011608,Expired Tax Code - Do Not Use,OR011600,FALSO,FALSO
SA040405,Expired Tax Code - Do Not Use,SA040400,FALSO,FALSO
PF060104,Expired Tax Code - Do Not Use,PF060100,VERDADEIRO,FALSO
PF060105,Expired Tax Code - Do Not Use,PF060100,VERDADEIRO,FALSO
PF060602,Expired Tax Code - Do Not Use,PF060600,VERDADEIRO,FALSO
PF060603,Expired Tax Code - Do Not Use,PF060600,VERDADEIRO,FALSO
PF070124,Expired Tax Code - Do Not Use,PF070120,VERDADEIRO,FALSO
PF080000,Expired Tax Code - Do Not Use,P0000000,VERDADEIRO,FALSO
PF110505,Expired Tax Code - Do Not Use,PF110500,VERDADEIRO,FALSO
PF110600,Expired Tax Code - Do Not Use,PF110000,VERDADEIRO,FALSO
PR062211,Expired Tax Code - Do Not Use,PR062210,VERDADEIRO,FALSO
PR062212,Expired Tax Code - Do Not Use,PR062200,VERDADEIRO,FALSO
PS060301,Expired Tax Code - Do Not Use,PS060300,VERDADEIRO,FALSO
PS060304,Expired Tax Code - Do Not Use,PS060300,VERDADEIRO,FALSO
SS050201,Expired Tax Code - Do Not Use,SS050200,FALSO,FALSO
SS050202,Expired Tax Code - Do Not Use,SS050200,FALSO,FALSO
PC030604,Expired Tax Code - Do Not Use,PC030600,VERDADEIRO,FALSO
PC040107,Expired Tax Code - Do Not Use,PC040100,VERDADEIRO,FALSO
PR050229,Expired Tax Code - Do Not Use,PR050200,VERDADEIRO,FALSO
PR050230,Expired Tax Code - Do Not Use,PR050200,VERDADEIRO,FALSO
PR071001,Expired Tax Code - Do Not Use,PR071000,VERDADEIRO,FALSO
PR071002,Expired Tax Code - Do Not Use,PR071000,VERDADEIRO,FALSO
PR072900,Expired Tax Code - Do Not Use,PR070000,VERDADEIRO,FALSO
PR073000,Expired Tax Code - Do Not Use,PR070000,VERDADEIRO,FALSO
PN040201,Expired Tax Code - Do Not Use,PN040200,VERDADEIRO,FALSO
PN040202,Expired Tax Code - Do Not Use,PN040200,VERDADEIRO,FALSO
OR011701,Expired Tax Code - Do Not Use,OR011700,FALSO,FALSO
SC150401,Expired Tax Code - Do Not Use,SC150400,FALSO,FALSO
SC150402,Expired Tax Code - Do Not Use,SC150400,FALSO,FALSO
PF150109,Expired Tax Code - Do Not Use,PF150100,VERDADEIRO,FALSO
PF150110,Expired Tax Code - Do Not Use,PF150100,VERDADEIRO,FALSO
SC220200,Expired Tax Code - Do Not Use,SC220000,FALSO,FALSO
SE100200,Expired Tax Code - Do Not Use,S0000000,FALSO,FALSO
SA090600,Expired Tax Code - Do Not Use,SA090000,FALSO,FALSO
SA090900,Expired Tax Code - Do Not Use,SA090000,FALSO,FALSO
SA090800,Expired Tax Code - Do Not Use,SA090000,FALSO,FALSO
SH010000,Expired Tax Code - Do Not Use,S0000000,FALSO,FALSO
SW020000,Expired Tax Code - Do Not Use,S0000000,FALSO,FALSO
SW030000,Expired Tax Code - Do Not Use,S0000000,FALSO,FALSO
SW070000,Expired Tax Code - Do Not Use,S0000000,FALSO,FALSO
PF060106,Expired Tax Code - Do Not Use,PF060100,VERDADEIRO,FALSO
PF060107,Expired Tax Code - Do Not Use,PF060100,VERDADEIRO,FALSO
PF060108,Expired Tax Code - Do Not Use,PF060100,VERDADEIRO,FALSO
PF060604,Expired Tax Code - Do Not Use,PF060600,VERDADEIRO,FALSO
PF060605,Expired Tax Code - Do Not Use,PF060600,VERDADEIRO,FALSO
PF060606,Expired Tax Code - Do Not Use,PF060600,VERDADEIRO,FALSO
PF080100,Expired Tax Code - Do Not Use,PF080000,VERDADEIRO,FALSO
PF080101,Expired Tax Code - Do Not Use,PF080100,VERDADEIRO,FALSO
PF080102,Expired Tax Code - Do Not Use,PF080100,VERDADEIRO,FALSO
PF110601,Expired Tax Code - Do Not Use,PF110600,VERDADEIRO,FALSO
PF110602,Expired Tax Code - Do Not Use,PF110600,VERDADEIRO,FALSO
PF110603,Expired Tax Code - Do Not Use,PF110600,VERDADEIRO,FALSO
PM020101,Expired Tax Code - Do Not Use,PM020100,VERDADEIRO,FALSO
PM020102,Expired Tax Code - Do Not Use,PM020100,VERDADEIRO,FALSO
PM020105,Expired Tax Code - Do Not Use,PM020100,VERDADEIRO,FALSO
PR062213,Expired Tax Code - Do Not Use,PR062200,VERDADEIRO,FALSO
PR062214,Expired Tax Code - Do Not Use,PR062210,VERDADEIRO,FALSO
PS060402,Expired Tax Code - Do Not Use,PS060400,VERDADEIRO,FALSO
PS060403,Expired Tax Code - Do Not Use,PS060400,VERDADEIRO,FALSO
SS050300,Expired Tax Code - Do Not Use,SS050000,FALSO,FALSO
SS050401,Expired Tax Code - Do Not Use,SS050400,FALSO,FALSO
SS050402,Expired Tax Code - Do Not Use,SS050400,FALSO,FALSO
PC040136,Expired Tax Code - Do Not Use,PC040130,VERDADEIRO,FALSO
PC040211,Expired Tax Code - Do Not Use,PC040210,VERDADEIRO,FALSO
PR050232,Expired Tax Code - Do Not Use,PR050200,VERDADEIRO,FALSO
PR071003,Expired Tax Code - Do Not Use,PR071000,VERDADEIRO,FALSO
PR071004,Expired Tax Code - Do Not Use,PR071000,VERDADEIRO,FALSO
PR071100,Expired Tax Code - Do Not Use,PR070000,VERDADEIRO,FALSO
PR073100,Expired Tax Code - Do Not Use,PR070000,VERDADEIRO,FALSO
PR073200,Expired Tax Code - Do Not Use,PR070000,VERDADEIRO,FALSO
PR073300,Expired Tax Code - Do Not Use,PR070000,VERDADEIRO,FALSO
PN040203,Expired Tax Code - Do Not Use,PN040200,VERDADEIRO,FALSO
PN040204,Expired Tax Code - Do Not Use,PN040200,VERDADEIRO,FALSO
PN040301,Expired Tax Code - Do Not Use,PN040300,VERDADEIRO,FALSO
OR011702,Expired Tax Code - Do Not Use,OR011700,FALSO,FALSO
OR011801,Expired Tax Code - Do Not Use,OR011700,FALSO,FALSO
OR011802,Expired Tax Code - Do Not Use,OR011700,FALSO,FALSO
PR050233,Expired Tax Code - Do Not Use,PR050200,VERDADEIRO,FALSO
PR050234,Expired Tax Code - Do Not Use,PR050200,VERDADEIRO,FALSO
SC150403,Expired Tax Code - Do Not Use,SC150400,FALSO,FALSO
SC150404,Expired Tax Code - Do Not Use,SC150400,FALSO,FALSO
SC150405,Expired Tax Code - Do Not Use,SC150400,FALSO,FALSO
PR062215,Expired Tax Code - Do Not Use,PR062200,VERDADEIRO,FALSO
PF150111,Expired Tax Code - Do Not Use,PF150100,VERDADEIRO,FALSO
PF150112,Expired Tax Code - Do Not Use,PF150100,VERDADEIRO,FALSO
PF150113,Expired Tax Code - Do Not Use,PF150100,VERDADEIRO,FALSO
SG030101,Expired Tax Code - Do Not Use,SG030100,FALSO,FALSO
SG030102,Expired Tax Code - Do Not Use,SG030100,FALSO,FALSO
SM020202,Expired Tax Code - Do Not Use,SM020200,FALSO,FALSO
SM020401,Expired Tax Code - Do Not Use,SM020400,FALSO,FALSO
PC130000,Expired Tax Code - Do Not Use,PC100000,VERDADEIRO,FALSO
SA091000,Expired Tax Code - Do Not Use,SA090000,FALSO,FALSO
SH020100,Expired Tax Code - Do Not Use,SH020000,FALSO,FALSO
SH020200,Expired Tax Code - Do Not Use,SH020000,FALSO,FALSO
SW070200,Expired Tax Code - Do Not Use,SW070000,FALSO,FALSO
SH020000,Expired Tax Code - Do Not Use,S0000000,FALSO,FALSO
SS060000,Expired Tax Code - Do Not Use,S0000000,FALSO,FALSO
OR010400,Expired Tax Code - Do Not Use,OR010000,FALSO,FALSO
OR011900,Expired Tax Code - Do Not Use,OR011000,FALSO,FALSO
OR012100,Expired Tax Code - Do Not Use,OR012000,FALSO,FALSO
OR012200,Expired Tax Code - Do Not Use,OR012000,FALSO,FALSO
SA170000,Expired Tax Code - Do Not Use,SA100000,FALSO,FALSO
SA170100,Expired Tax Code - Do Not Use,SA170000,FALSO,FALSO
PF060109,Expired Tax Code - Do Not Use,PF060100,VERDADEIRO,FALSO
PF060110,Expired Tax Code - Do Not Use,PF060100,VERDADEIRO,FALSO
PF060111,Expired Tax Code - Do Not Use,PF060110,VERDADEIRO,FALSO
PF060607,Expired Tax Code - Do Not Use,PF060600,VERDADEIRO,FALSO
PF060608,Expired Tax Code - Do Not Use,PF060600,VERDADEIRO,FALSO
PF060609,Expired Tax Code - Do Not Use,PF060600,VERDADEIRO,FALSO
PF080103,Expired Tax Code - Do Not Use,PF080100,VERDADEIRO,FALSO
PF080104,Expired Tax Code - Do Not Use,PF080100,VERDADEIRO,FALSO
PF080105,Expired Tax Code - Do Not Use,PF080100,VERDADEIRO,FALSO
PF110604,Expired Tax Code - Do Not Use,PF110600,VERDADEIRO,FALSO
PF110605,Expired Tax Code - Do Not Use,PF110600,VERDADEIRO,FALSO
PF120102,Expired Tax Code - Do Not Use,PF120100,VERDADEIRO,FALSO
PM020200,Expired Tax Code - Do Not Use,PM020000,VERDADEIRO,FALSO
PM020201,Expired Tax Code - Do Not Use,PM020200,VERDADEIRO,FALSO
PM020202,Expired Tax Code - Do Not Use,PM020200,VERDADEIRO,FALSO
PR050300,Expired Tax Code - Do Not Use,PR050000,VERDADEIRO,FALSO
PR062300,Expired Tax Code - Do Not Use,PR062000,VERDADEIRO,FALSO
PR062301,Expired Tax Code - Do Not Use,PR062300,VERDADEIRO,FALSO
PR062302,Expired Tax Code - Do Not Use,PR062300,VERDADEIRO,FALSO
PS100100,Expired Tax Code - Do Not Use,PS100000,VERDADEIRO,FALSO
PS100200,Expired Tax Code - Do Not Use,PS100000,VERDADEIRO,FALSO
PS120000,Expired Tax Code - Do Not Use,PS100000,VERDADEIRO,FALSO
SS050403,Expired Tax Code - Do Not Use,SS050400,FALSO,FALSO
SS050600,Expired Tax Code - Do Not Use,SS050000,FALSO,FALSO
SW070300,Expired Tax Code - Do Not Use,SW070000,FALSO,FALSO
PC040604,Expired Tax Code - Do Not Use,PC040600,VERDADEIRO,FALSO
PC150000,Expired Tax Code - Do Not Use,PC100000,VERDADEIRO,FALSO
PR071200,Expired Tax Code - Do Not Use,PR070000,VERDADEIRO,FALSO
PR071201,Expired Tax Code - Do Not Use,PR071200,VERDADEIRO,FALSO
PR071202,Expired Tax Code - Do Not Use,PR071200,VERDADEIRO,FALSO
PR073400,Expired Tax Code - Do Not Use,PR070000,VERDADEIRO,FALSO
PR073500,Expired Tax Code - Do Not Use,PR070000,VERDADEIRO,FALSO
PR073600,Expired Tax Code - Do Not Use,PR070000,VERDADEIRO,FALSO
PN040302,Expired Tax Code - Do Not Use,PN040300,VERDADEIRO,FALSO
PN040303,Expired Tax Code - Do Not Use,PN040300,VERDADEIRO,FALSO
PN040304,Expired Tax Code - Do Not Use,PN040300,VERDADEIRO,FALSO
PR050301,Expired Tax Code - Do Not Use,PR050300,VERDADEIRO,FALSO
PR050235,Expired Tax Code - Do Not Use,PR050200,VERDADEIRO,FALSO
SC150406,Expired Tax Code - Do Not Use,SC150400,FALSO,FALSO
SC150500,Expired Tax Code - Do Not Use,SC150000,FALSO,FALSO
SC150501,Expired Tax Code - Do Not Use,SC150500,FALSO,FALSO
PF150114,Expired Tax Code - Do Not Use,PF150100,VERDADEIRO,FALSO
PF150115,Expired Tax Code - Do Not Use,PF150100,VERDADEIRO,FALSO
PF150116,Expired Tax Code - Do Not Use,PF150100,VERDADEIRO,FALSO
SM020402,Expired Tax Code - Do Not Use,SM020400,FALSO,FALSO
SM020700,Expired Tax Code - Do Not Use,SM020000,FALSO,FALSO
SM028700,Expired Tax Code - Do Not Use,SM020000,FALSO,FALSO
PF050602,Expired Tax Code - Do Not Use,PF050600,VERDADEIRO,FALSO
SH020300,Expired Tax Code - Do Not Use,SH020000,FALSO,FALSO
SH020500,Expired Tax Code - Do Not Use,SH020000,FALSO,FALSO
SA060000,Expired Tax Code - Do Not Use,S0000000,FALSO,FALSO
SB060000,Expired Tax Code - Do Not Use,S0000000,FALSO,FALSO
OE010102,Expired Tax Code - Do Not Use,OE010100,FALSO,FALSO
OR012400,Expired Tax Code - Do Not Use,OR012000,FALSO,FALSO
OR012500,Expired Tax Code - Do Not Use,OR012000,FALSO,FALSO
SA170200,Expired Tax Code - Do Not Use,SA170000,FALSO,FALSO
PE070100,Expired Tax Code - Do Not Use,PE070000,VERDADEIRO,FALSO
PE070101,Expired Tax Code - Do Not Use,PE070100,VERDADEIRO,FALSO
PF060112,Expired Tax Code - Do Not Use,PF060110,VERDADEIRO,FALSO
PF060113,Expired Tax Code - Do Not Use,PF060100,VERDADEIRO,FALSO
PF060610,Expired Tax Code - Do Not Use,PF060600,VERDADEIRO,FALSO
PF060611,Expired Tax Code - Do Not Use,PF060610,VERDADEIRO,FALSO
PF080106,Expired Tax Code - Do Not Use,PF080100,VERDADEIRO,FALSO
PF080107,Expired Tax Code - Do Not Use,PF080100,VERDADEIRO,FALSO
PM020203,Expired Tax Code - Do Not Use,PM020200,VERDADEIRO,FALSO
PM020204,Expired Tax Code - Do Not Use,PM020200,VERDADEIRO,FALSO
PR050400,Expired Tax Code - Do Not Use,PR050000,VERDADEIRO,FALSO
PR062303,Expired Tax Code - Do Not Use,PR062300,VERDADEIRO,FALSO
PR062304,Expired Tax Code - Do Not Use,PR062300,VERDADEIRO,FALSO
SS060100,Expired Tax Code - Do Not Use,SS060000,FALSO,FALSO
SS060200,Expired Tax Code - Do Not Use,SS060000,FALSO,FALSO
PR071400,Expired Tax Code - Do Not Use,PR070000,VERDADEIRO,FALSO
PR071600,Expired Tax Code - Do Not Use,PR070000,VERDADEIRO,FALSO
PR073800,Expired Tax Code - Do Not Use,PR070000,VERDADEIRO,FALSO
PR073900,Expired Tax Code - Do Not Use,PR070000,VERDADEIRO,FALSO
PN040401,Expired Tax Code - Do Not Use,PN040400,VERDADEIRO,FALSO
PN040402,Expired Tax Code - Do Not Use,PN040400,VERDADEIRO,FALSO
PR050302,Expired Tax Code - Do Not Use,PR050300,VERDADEIRO,FALSO
SA170201,Expired Tax Code - Do Not Use,SA170200,FALSO,FALSO
SC150502,Expired Tax Code - Do Not Use,SC150500,FALSO,FALSO
SC150503,Expired Tax Code - Do Not Use,SC150500,FALSO,FALSO
PF120103,Expired Tax Code - Do Not Use,PF120100,VERDADEIRO,FALSO
PF120104,Expired Tax Code - Do Not Use,PF120100,VERDADEIRO,FALSO
PF150117,Expired Tax Code - Do Not Use,PF150100,VERDADEIRO,FALSO
PF150118,Expired Tax Code - Do Not Use,PF150100,VERDADEIRO,FALSO
SP110100,Expired Tax Code - Do Not Use,SP110000,FALSO,FALSO
SP110200,Expired Tax Code - Do Not Use,SP110000,FALSO,FALSO
SC110100,Expired Tax Code - Do Not Use,SC110000,FALSO,FALSO
SC160100,Expired Tax Code - Do Not Use,SC160000,FALSO,FALSO
SH020600,Expired Tax Code - Do Not Use,SH020000,FALSO,FALSO
SH020700,Expired Tax Code - Do Not Use,SH020000,FALSO,FALSO
SH020800,Expired Tax Code - Do Not Use,SH020000,FALSO,FALSO
SC020000,Expired Tax Code - Do Not Use,S0000000,FALSO,FALSO
SS070000,Expired Tax Code - Do Not Use,S0000000,FALSO,FALSO
SS110000,Expired Tax Code - Do Not Use,SS100000,FALSO,FALSO
OR020100,Expired Tax Code - Do Not Use,OR020000,FALSO,FALSO
OR020200,Expired Tax Code - Do Not Use,OR020000,FALSO,FALSO
SA170300,Expired Tax Code - Do Not Use,SA170000,FALSO,FALSO
SC060200,Expired Tax Code - Do Not Use,SC060000,FALSO,FALSO
PE070102,Expired Tax Code - Do Not Use,PE070100,VERDADEIRO,FALSO
PE070103,Expired Tax Code - Do Not Use,PE070100,VERDADEIRO,FALSO
PE070104,Expired Tax Code - Do Not Use,PE070100,VERDADEIRO,FALSO
PF060114,Expired Tax Code - Do Not Use,PF060110,VERDADEIRO,FALSO
PF060115,Expired Tax Code - Do Not Use,PF060110,VERDADEIRO,FALSO
PF060700,Expired Tax Code - Do Not Use,PF060000,VERDADEIRO,FALSO
PF060701,Expired Tax Code - Do Not Use,PF060700,VERDADEIRO,FALSO
PF060702,Expired Tax Code - Do Not Use,PF060700,VERDADEIRO,FALSO
PF080108,Expired Tax Code - Do Not Use,PF080100,VERDADEIRO,FALSO
PF080109,Expired Tax Code - Do Not Use,PF080100,VERDADEIRO,FALSO
PF080110,Expired Tax Code - Do Not Use,PF080100,VERDADEIRO,FALSO
PF120200,Expired Tax Code - Do Not Use,PF120000,VERDADEIRO,FALSO
PF120201,Expired Tax Code - Do Not Use,PF120200,VERDADEIRO,FALSO
PF120202,Expired Tax Code - Do Not Use,PF120200,VERDADEIRO,FALSO
PM020205,Expired Tax Code - Do Not Use,PM020200,VERDADEIRO,FALSO
PM020206,Expired Tax Code - Do Not Use,PM020200,VERDADEIRO,FALSO
PM020300,Expired Tax Code - Do Not Use,PM020000,VERDADEIRO,FALSO
PP030101,Expired Tax Code - Do Not Use,PP030100,VERDADEIRO,FALSO
PR050401,Expired Tax Code - Do Not Use,PR050400,VERDADEIRO,FALSO
PR050402,Expired Tax Code - Do Not Use,PR050400,VERDADEIRO,FALSO
PR050403,Expired Tax Code - Do Not Use,PR050400,VERDADEIRO,FALSO
PR062305,Expired Tax Code - Do Not Use,PR062300,VERDADEIRO,FALSO
PR062306,Expired Tax Code - Do Not Use,PR062300,VERDADEIRO,FALSO
PR062307,Expired Tax Code - Do Not Use,PR062300,VERDADEIRO,FALSO
DB020100,Expired Tax Code - Do Not Use,DB020000,FALSO,FALSO
DB020101,Expired Tax Code - Do Not Use,DB020100,FALSO,FALSO
PR071700,Expired Tax Code - Do Not Use,PR070000,VERDADEIRO,FALSO
PR071900,Expired Tax Code - Do Not Use,PR070000,VERDADEIRO,FALSO
PR074100,Expired Tax Code - Do Not Use,PR070000,VERDADEIRO,FALSO
PR074200,Expired Tax Code - Do Not Use,PR070000,VERDADEIRO,FALSO
PR074201,Expired Tax Code - Do Not Use,PR074200,VERDADEIRO,FALSO
SS180100,Expired Tax Code - Do Not Use,SS180000,FALSO,FALSO
PN040403,Expired Tax Code - Do Not Use,PN040400,VERDADEIRO,FALSO
PN040404,Expired Tax Code - Do Not Use,PN040400,VERDADEIRO,FALSO
SA170202,Expired Tax Code - Do Not Use,SA170200,FALSO,FALSO
SA170301,Expired Tax Code - Do Not Use,SA170300,FALSO,FALSO
OR012600,Expired Tax Code - Do Not Use,OR010000,FALSO,FALSO
SC150504,Expired Tax Code - Do Not Use,SC150500,FALSO,FALSO
SC150505,Expired Tax Code - Do Not Use,SC150500,FALSO,FALSO
SC150506,Expired Tax Code - Do Not Use,SC150500,FALSO,FALSO
PF150119,Expired Tax Code - Do Not Use,PF150100,VERDADEIRO,FALSO
PF150120,Expired Tax Code - Do Not Use,PF150100,VERDADEIRO,FALSO
PF150121,Expired Tax Code - Do Not Use,PF150100,VERDADEIRO,FALSO
PR071901,Expired Tax Code - Do Not Use,PR071900,VERDADEIRO,FALSO
PF060116,Expired Tax Code - Do Not Use,PF060100,VERDADEIRO,FALSO
SP110300,Expired Tax Code - Do Not Use,SP110000,FALSO,FALSO
SP110400,Expired Tax Code - Do Not Use,SP110000,FALSO,FALSO
SP110500,Expired Tax Code - Do Not Use,SP110000,FALSO,FALSO
DM010000,Expired Tax Code - Do Not Use,D0000000,FALSO,FALSO
SH020900,Expired Tax Code - Do Not Use,SH020000,FALSO,FALSO
SI030100,Expired Tax Code - Do Not Use,SI030000,FALSO,FALSO
ST040200,Expired Tax Code - Do Not Use,ST040000,FALSO,FALSO
ST090100,Expired Tax Code - Do Not Use,ST090000,FALSO,FALSO
SI030000,Expired Tax Code - Do Not Use,S0000000,FALSO,FALSO
OR020300,Expired Tax Code - Do Not Use,OR020000,FALSO,FALSO
OR020400,Expired Tax Code - Do Not Use,OR020000,FALSO,FALSO
OR020500,Expired Tax Code - Do Not Use,OR020000,FALSO,FALSO
SA170400,Expired Tax Code - Do Not Use,SA170000,FALSO,FALSO
SA170500,Expired Tax Code - Do Not Use,SA170000,FALSO,FALSO
SC110101,Expired Tax Code - Do Not Use,SC110100,FALSO,FALSO
SC110102,Expired Tax Code - Do Not Use,SC110100,FALSO,FALSO
SC110103,Expired Tax Code - Do Not Use,SC110100,FALSO,FALSO
PE070105,Expired Tax Code - Do Not Use,PE070100,VERDADEIRO,FALSO
PE070106,Expired Tax Code - Do Not Use,PE070100,VERDADEIRO,FALSO
PE070107,Expired Tax Code - Do Not Use,PE070100,VERDADEIRO,FALSO
PF060200,Expired Tax Code - Do Not Use,PF060000,VERDADEIRO,FALSO
PF060201,Expired Tax Code - Do Not Use,PF060200,VERDADEIRO,FALSO
PF060202,Expired Tax Code - Do Not Use,PF060200,VERDADEIRO,FALSO
PF060703,Expired Tax Code - Do Not Use,PF060700,VERDADEIRO,FALSO
PF060704,Expired Tax Code - Do Not Use,PF060700,VERDADEIRO,FALSO
PF060705,Expired Tax Code - Do Not Use,PF060700,VERDADEIRO,FALSO
PF080111,Expired Tax Code - Do Not Use,PF080100,VERDADEIRO,FALSO
PF080112,Expired Tax Code - Do Not Use,PF080110,VERDADEIRO,FALSO
PF080113,Expired Tax Code - Do Not Use,PF080110,VERDADEIRO,FALSO
PF120300,Expired Tax Code - Do Not Use,PF120000,VERDADEIRO,FALSO
PM020301,Expired Tax Code - Do Not Use,PM020300,VERDADEIRO,FALSO
PM020302,Expired Tax Code - Do Not Use,PM020300,VERDADEIRO,FALSO
PM020303,Expired Tax Code - Do Not Use,PM020300,VERDADEIRO,FALSO
PP030102,Expired Tax Code - Do Not Use,PP030100,VERDADEIRO,FALSO
PP030103,Expired Tax Code - Do Not Use,PP030100,VERDADEIRO,FALSO
PP030104,Expired Tax Code - Do Not Use,PP030100,VERDADEIRO,FALSO
PR050404,Expired Tax Code - Do Not Use,PR050400,VERDADEIRO,FALSO
PR062308,Expired Tax Code - Do Not Use,PR062300,VERDADEIRO,FALSO
PR062309,Expired Tax Code - Do Not Use,PR062300,VERDADEIRO,FALSO
PR062310,Expired Tax Code - Do Not Use,PR062300,VERDADEIRO,FALSO
DB020300,Expired Tax Code - Do Not Use,DB020000,FALSO,FALSO
DC020401,Expired Tax Code - Do Not Use,DC020400,VERDADEIRO,FALSO
PR072000,Expired Tax Code - Do Not Use,PR070000,VERDADEIRO,FALSO
PR072001,Expired Tax Code - Do Not Use,PR072000,VERDADEIRO,FALSO
PR074202,Expired Tax Code - Do Not Use,PR074200,VERDADEIRO,FALSO
PR074300,Expired Tax Code - Do Not Use,PR070000,VERDADEIRO,FALSO
SS180200,Expired Tax Code - Do Not Use,SS180000,FALSO,FALSO
PF120203,Expired Tax Code - Do Not Use,PF120200,VERDADEIRO,FALSO
PF120204,Expired Tax Code - Do Not Use,PF120200,VERDADEIRO,FALSO
PR050405,Expired Tax Code - Do Not Use,PR050400,VERDADEIRO,FALSO
PR050406,Expired Tax Code - Do Not Use,PR050400,VERDADEIRO,FALSO
PR074203,Expired Tax Code - Do Not Use,PR074200,VERDADEIRO,FALSO
SA170302,Expired Tax Code - Do Not Use,SA170300,FALSO,FALSO
SC150507,Expired Tax Code - Do Not Use,SC150500,FALSO,FALSO
PF150122,Expired Tax Code - Do Not Use,PF150100,VERDADEIRO,FALSO
PF150123,Expired Tax Code - Do Not Use,PF150100,VERDADEIRO,FALSO
PF150124,Expired Tax Code - Do Not Use,PF150100,VERDADEIRO,FALSO
PR071902,Expired Tax Code - Do Not Use,PR071900,VERDADEIRO,FALSO
SD060100,Expired Tax Code - Do Not Use,SD060000,FALSO,FALSO
SD060200,Expired Tax Code - Do Not Use,SD060000,FALSO,FALSO
SP110600,Expired Tax Code - Do Not Use,SP110000,FALSO,FALSO
SP110700,Expired Tax Code - Do Not Use,SP110000,FALSO,FALSO
SP110800,Expired Tax Code - Do Not Use,SP110000,FALSO,FALSO
PF190100,Expired Tax Code - Do Not Use,PF190000,VERDADEIRO,FALSO
PF190101,Expired Tax Code - Do Not Use,PF190100,VERDADEIRO,FALSO
PS050200,Expired Tax Code - Do Not Use,PS050000,VERDADEIRO,FALSO
FR030200,Expired Tax Code - Do Not Use,FR030000,FALSO,FALSO
SC110200,Expired Tax Code - Do Not Use,SC110000,FALSO,FALSO
SD020400,Expired Tax Code - Do Not Use,SD020000,FALSO,FALSO
SI030200,Expired Tax Code - Do Not Use,SI030000,FALSO,FALSO
SI030300,Expired Tax Code - Do Not Use,SI030000,FALSO,FALSO
SB020000,Expired Tax Code - Do Not Use,S0000000,FALSO,FALSO
SH030000,Expired Tax Code - Do Not Use,S0000000,FALSO,FALSO
PF120302,Expired Tax Code - Do Not Use,PF120300,VERDADEIRO,FALSO
OR020600,Expired Tax Code - Do Not Use,OR020000,FALSO,FALSO
OR020700,Expired Tax Code - Do Not Use,OR020000,FALSO,FALSO
SA170600,Expired Tax Code - Do Not Use,SA170000,FALSO,FALSO
PE070108,Expired Tax Code - Do Not Use,PE070100,VERDADEIRO,FALSO
PE070109,Expired Tax Code - Do Not Use,PE070100,VERDADEIRO,FALSO
PF060203,Expired Tax Code - Do Not Use,PF060200,VERDADEIRO,FALSO
PF060204,Expired Tax Code - Do Not Use,PF060200,VERDADEIRO,FALSO
PF060706,Expired Tax Code - Do Not Use,PF060700,VERDADEIRO,FALSO
PF060707,Expired Tax Code - Do Not Use,PF060700,VERDADEIRO,FALSO
PF080114,Expired Tax Code - Do Not Use,PF080110,VERDADEIRO,FALSO
PF080115,Expired Tax Code - Do Not Use,PF080110,VERDADEIRO,FALSO
PF120301,Expired Tax Code - Do Not Use,PF120300,VERDADEIRO,FALSO
PM020304,Expired Tax Code - Do Not Use,PM020300,VERDADEIRO,FALSO
PM020305,Expired Tax Code - Do Not Use,PM020300,VERDADEIRO,FALSO
PP030105,Expired Tax Code - Do Not Use,PP030100,VERDADEIRO,FALSO
PP030111,Expired Tax Code - Do Not Use,PP030110,VERDADEIRO,FALSO
PR062311,Expired Tax Code - Do Not Use,PR062310,VERDADEIRO,FALSO
PR062312,Expired Tax Code - Do Not Use,PR062300,VERDADEIRO,FALSO
PR050500,Expired Tax Code - Do Not Use,PR050000,VERDADEIRO,FALSO
PR050501,Expired Tax Code - Do Not Use,PR050500,VERDADEIRO,FALSO
PR072002,Expired Tax Code - Do Not Use,PR072000,VERDADEIRO,FALSO
PR074400,Expired Tax Code - Do Not Use,PR070000,VERDADEIRO,FALSO
SI050100,Expired Tax Code - Do Not Use,SI050000,FALSO,FALSO
PR072003,Expired Tax Code - Do Not Use,PR072000,VERDADEIRO,FALSO
ST090101,Expired Tax Code - Do Not Use,ST090000,FALSO,FALSO
ST090102,Expired Tax Code - Do Not Use,ST090000,FALSO,FALSO
SP110900,Expired Tax Code - Do Not Use,SP110000,FALSO,FALSO
SP111000,Expired Tax Code - Do Not Use,SP110000,FALSO,FALSO
PF010100,Expired Tax Code - Do Not Use,PF010000,VERDADEIRO,FALSO
PF190102,Expired Tax Code - Do Not Use,PF190100,VERDADEIRO,FALSO
PF190103,Expired Tax Code - Do Not Use,PF190100,VERDADEIRO,FALSO
PP040101,Expired Tax Code - Do Not Use,PP040100,VERDADEIRO,FALSO
PP040102,Expired Tax Code - Do Not Use,PP040100,VERDADEIRO,FALSO
PS050201,Expired Tax Code - Do Not Use,PS050200,VERDADEIRO,FALSO
PS050202,Expired Tax Code - Do Not Use,PS050200,VERDADEIRO,FALSO
PS050203,Expired Tax Code - Do Not Use,PS050200,VERDADEIRO,FALSO
SB070100,Expired Tax Code - Do Not Use,SB070000,FALSO,FALSO
SB070200,Expired Tax Code - Do Not Use,SB070000,FALSO,FALSO
SD020500,Expired Tax Code - Do Not Use,SD020000,FALSO,FALSO
SI030400,Expired Tax Code - Do Not Use,SI030000,FALSO,FALSO
ST090200,Expired Tax Code - Do Not Use,ST090000,FALSO,FALSO
SB050000,Expired Tax Code - Do Not Use,S0000000,FALSO,FALSO
SD060000,Expired Tax Code - Do Not Use,S0000000,FALSO,FALSO
SD120000,Expired Tax Code - Do Not Use,SD100000,FALSO,FALSO
SL030000,Expired Tax Code - Do Not Use,S0000000,FALSO,FALSO
SL070000,Expired Tax Code - Do Not Use,S0000000,FALSO,FALSO
OD010200,Expired Tax Code - Do Not Use,OD010000,FALSO,FALSO
OD020100,Expired Tax Code - Do Not Use,OD020000,FALSO,FALSO
OE010200,Expired Tax Code - Do Not Use,OE010000,FALSO,FALSO
OR020800,Expired Tax Code - Do Not Use,OR020000,FALSO,FALSO
OR020900,Expired Tax Code - Do Not Use,OR020000,FALSO,FALSO
OR021000,Expired Tax Code - Do Not Use,OR020000,FALSO,FALSO
PE070110,Expired Tax Code - Do Not Use,PE070100,VERDADEIRO,FALSO
PE190000,Expired Tax Code - Do Not Use,PE100000,VERDADEIRO,FALSO
PF060205,Expired Tax Code - Do Not Use,PF060200,VERDADEIRO,FALSO
PF060206,Expired Tax Code - Do Not Use,PF060200,VERDADEIRO,FALSO
PF060207,Expired Tax Code - Do Not Use,PF060200,VERDADEIRO,FALSO
PF060708,Expired Tax Code - Do Not Use,PF060700,VERDADEIRO,FALSO
PF060709,Expired Tax Code - Do Not Use,PF060700,VERDADEIRO,FALSO
PF060710,Expired Tax Code - Do Not Use,PF060700,VERDADEIRO,FALSO
PF080116,Expired Tax Code - Do Not Use,PF080110,VERDADEIRO,FALSO
PF080117,Expired Tax Code - Do Not Use,PF080110,VERDADEIRO,FALSO
PF080118,Expired Tax Code - Do Not Use,PF080110,VERDADEIRO,FALSO
PF120303,Expired Tax Code - Do Not Use,PF120300,VERDADEIRO,FALSO
PF120304,Expired Tax Code - Do Not Use,PF120300,VERDADEIRO,FALSO
PF120305,Expired Tax Code - Do Not Use,PF120300,VERDADEIRO,FALSO
PM020306,Expired Tax Code - Do Not Use,PM020300,VERDADEIRO,FALSO
PM020401,Expired Tax Code - Do Not Use,PM020400,VERDADEIRO,FALSO
PM020402,Expired Tax Code - Do Not Use,PM020400,VERDADEIRO,FALSO
PP030112,Expired Tax Code - Do Not Use,PP030110,VERDADEIRO,FALSO
PR062313,Expired Tax Code - Do Not Use,PR062300,VERDADEIRO,FALSO
PR062314,Expired Tax Code - Do Not Use,PR062310,VERDADEIRO,FALSO
PF190104,Expired Tax Code - Do Not Use,PF190100,VERDADEIRO,FALSO
PR050502,Expired Tax Code - Do Not Use,PR050500,VERDADEIRO,FALSO
PR050503,Expired Tax Code - Do Not Use,PR050500,VERDADEIRO,FALSO
PR050504,Expired Tax Code - Do Not Use,PR050500,VERDADEIRO,FALSO
PR072100,Expired Tax Code - Do Not Use,PR070000,VERDADEIRO,FALSO
PR072101,Expired Tax Code - Do Not Use,PR072100,VERDADEIRO,FALSO
PR072103,Expired Tax Code - Do Not Use,PR072100,VERDADEIRO,FALSO
SI050200,Expired Tax Code - Do Not Use,SI050000,FALSO,FALSO
ST090300,Expired Tax Code - Do Not Use,ST090000,FALSO,FALSO
ST090301,Expired Tax Code - Do Not Use,ST090300,FALSO,FALSO
PR062315,Expired Tax Code - Do Not Use,PR062300,VERDADEIRO,FALSO
SI050201,Expired Tax Code - Do Not Use,SI050200,FALSO,FALSO
SI050202,Expired Tax Code - Do Not Use,SI050200,FALSO,FALSO
SP111100,Expired Tax Code - Do Not Use,SP110000,FALSO,FALSO
SP111200,Expired Tax Code - Do Not Use,SP110000,FALSO,FALSO
SP111300,Expired Tax Code - Do Not Use,SP110000,FALSO,FALSO
PF010200,Expired Tax Code - Do Not Use,PF010000,VERDADEIRO,FALSO
PF190200,Expired Tax Code - Do Not Use,PF190000,VERDADEIRO,FALSO
PP040103,Expired Tax Code - Do Not Use,PP040100,VERDADEIRO,FALSO
PP040104,Expired Tax Code - Do Not Use,PP040100,VERDADEIRO,FALSO
PS050204,Expired Tax Code - Do Not Use,PS050200,VERDADEIRO,FALSO
PS050205,Expired Tax Code - Do Not Use,PS050200,VERDADEIRO,FALSO
SB070300,Expired Tax Code - Do Not Use,SB070000,FALSO,FALSO
SB070600,Expired Tax Code - Do Not Use,SB070000,FALSO,FALSO
SE040100,Expired Tax Code - Do Not Use,SE040000,FALSO,FALSO
SG010100,Expired Tax Code - Do Not Use,SG010000,FALSO,FALSO
OE020000,Expired Tax Code - Do Not Use,O0000000,FALSO,FALSO
OE020100,Expired Tax Code - Do Not Use,OE020000,FALSO,FALSO
OR021100,Expired Tax Code - Do Not Use,OR021000,FALSO,FALSO
OR021200,Expired Tax Code - Do Not Use,OR021000,FALSO,FALSO
SI070000,Expired Tax Code - Do Not Use,S0000000,FALSO,FALSO
PF010201,Expired Tax Code - Do Not Use,PF010200,VERDADEIRO,FALSO
PF060208,Expired Tax Code - Do Not Use,PF060200,VERDADEIRO,FALSO
PF060209,Expired Tax Code - Do Not Use,PF060200,VERDADEIRO,FALSO
PF060711,Expired Tax Code - Do Not Use,PF060710,VERDADEIRO,FALSO
PF060712,Expired Tax Code - Do Not Use,PF060710,VERDADEIRO,FALSO
PF080119,Expired Tax Code - Do Not Use,PF080110,VERDADEIRO,FALSO
PF080120,Expired Tax Code - Do Not Use,PF080100,VERDADEIRO,FALSO
PF120400,Expired Tax Code - Do Not Use,PF120000,VERDADEIRO,FALSO
PF120401,Expired Tax Code - Do Not Use,PF120400,VERDADEIRO,FALSO
PF190202,Expired Tax Code - Do Not Use,PF190200,VERDADEIRO,FALSO
PM020403,Expired Tax Code - Do Not Use,PM020400,VERDADEIRO,FALSO
PM020405,Expired Tax Code - Do Not Use,PM020400,VERDADEIRO,FALSO
PR060100,Expired Tax Code - Do Not Use,PR060000,VERDADEIRO,FALSO
PR060200,Expired Tax Code - Do Not Use,PR060000,VERDADEIRO,FALSO
PR062400,Expired Tax Code - Do Not Use,PR062000,VERDADEIRO,FALSO
PR062401,Expired Tax Code - Do Not Use,PR062400,VERDADEIRO,FALSO
PR072104,Expired Tax Code - Do Not Use,PR072100,VERDADEIRO,FALSO
PR072105,Expired Tax Code - Do Not Use,PR072100,VERDADEIRO,FALSO
SM020501,Expired Tax Code - Do Not Use,SM020500,FALSO,FALSO
ST090302,Expired Tax Code - Do Not Use,ST090300,FALSO,FALSO
SI050203,Expired Tax Code - Do Not Use,SI050200,FALSO,FALSO
ST090303,Expired Tax Code - Do Not Use,ST090300,FALSO,FALSO
SM120000,Expired Tax Code - Do Not Use,S0000000,FALSO,FALSO
SP111400,Expired Tax Code - Do Not Use,SP110000,FALSO,FALSO
SP111500,Expired Tax Code - Do Not Use,SP110000,FALSO,FALSO
PP040105,Expired Tax Code - Do Not Use,PP040100,VERDADEIRO,FALSO
PP040106,Expired Tax Code - Do Not Use,PP040100,VERDADEIRO,FALSO
PS050301,Expired Tax Code - Do Not Use,PS050300,VERDADEIRO,FALSO
PS050304,Expired Tax Code - Do Not Use,PS050300,VERDADEIRO,FALSO
SB070900,Expired Tax Code - Do Not Use,SB070000,FALSO,FALSO
SB070800,Expired Tax Code - Do Not Use,SB070000,FALSO,FALSO
SG010200,Expired Tax Code - Do Not Use,SG010000,FALSO,FALSO
SJ010200,Expired Tax Code - Do Not Use,SJ010000,FALSO,FALSO
SL020400,Expired Tax Code - Do Not Use,SL020000,FALSO,FALSO
ST110200,Expired Tax Code - Do Not Use,ST110000,FALSO,FALSO
SL010000,Expired Tax Code - Do Not Use,S0000000,FALSO,FALSO
OE020200,Expired Tax Code - Do Not Use,OE020000,FALSO,FALSO
OF010200,Expired Tax Code - Do Not Use,OF010000,FALSO,FALSO
OR021300,Expired Tax Code - Do Not Use,OR021000,FALSO,FALSO
OR021400,Expired Tax Code - Do Not Use,OR021000,FALSO,FALSO
PF010203,Expired Tax Code - Do Not Use,PF010200,VERDADEIRO,FALSO
PF030200,Expired Tax Code - Do Not Use,PF030000,VERDADEIRO,FALSO
PF060210,Expired Tax Code - Do Not Use,PF060200,VERDADEIRO,FALSO
PF060211,Expired Tax Code - Do Not Use,PF060210,VERDADEIRO,FALSO
PF060713,Expired Tax Code - Do Not Use,PF060710,VERDADEIRO,FALSO
PF060714,Expired Tax Code - Do Not Use,PF060710,VERDADEIRO,FALSO
PF080121,Expired Tax Code - Do Not Use,PF080120,VERDADEIRO,FALSO
PF080122,Expired Tax Code - Do Not Use,PF080120,VERDADEIRO,FALSO
PF120402,Expired Tax Code - Do Not Use,PF120400,VERDADEIRO,FALSO
PF120403,Expired Tax Code - Do Not Use,PF120400,VERDADEIRO,FALSO
PF190203,Expired Tax Code - Do Not Use,PF190200,VERDADEIRO,FALSO
PF190204,Expired Tax Code - Do Not Use,PF190200,VERDADEIRO,FALSO
PM020406,Expired Tax Code - Do Not Use,PM020400,VERDADEIRO,FALSO
PM020500,Expired Tax Code - Do Not Use,PM020000,VERDADEIRO,FALSO
PR060300,Rental or Lease / Operating Lease / Heavy Equipment Without an Operator / Less Than 30 Days,,VERDADEIRO,VERDADEIRO
PR062402,Expired Tax Code - Do Not Use,PR062400,VERDADEIRO,FALSO
PR062403,Expired Tax Code - Do Not Use,PR062400,VERDADEIRO,FALSO
PR072106,Expired Tax Code - Do Not Use,PR072100,VERDADEIRO,FALSO
PR072107,Expired Tax Code - Do Not Use,PR072100,VERDADEIRO,FALSO
PR060203,Expired Tax Code - Do Not Use,PR060200,VERDADEIRO,FALSO
SP030100,Expired Tax Code - Do Not Use,SP030000,FALSO,FALSO
ST090304,Expired Tax Code - Do Not Use,ST090300,FALSO,FALSO
SM130000,Expired Tax Code - Do Not Use,S0000000,FALSO,FALSO
SP111600,Expired Tax Code - Do Not Use,SP110000,FALSO,FALSO
SP111700,Expired Tax Code - Do Not Use,SP110000,FALSO,FALSO
PF040000,Expired Tax Code - Do Not Use,P0000000,VERDADEIRO,FALSO
PF040200,Expired Tax Code - Do Not Use,PF040000,VERDADEIRO,FALSO
PF200000,Expired Tax Code - Do Not Use,P0000000,VERDADEIRO,FALSO
PP040201,Expired Tax Code - Do Not Use,PP040200,VERDADEIRO,FALSO
PP040202,Expired Tax Code - Do Not Use,PP040200,VERDADEIRO,FALSO
PP040203,Expired Tax Code - Do Not Use,PP040200,VERDADEIRO,FALSO
PP040204,Expired Tax Code - Do Not Use,PP040200,VERDADEIRO,FALSO
PS050400,Expired Tax Code - Do Not Use,PS050000,VERDADEIRO,FALSO
SC040100,Expired Tax Code - Do Not Use,SC040000,FALSO,FALSO
SC040200,Expired Tax Code - Do Not Use,SC040000,FALSO,FALSO
SM020500,Expired Tax Code - Do Not Use,SM020000,FALSO,FALSO
SR060300,Expired Tax Code - Do Not Use,SR060000,FALSO,FALSO
ST110300,Expired Tax Code - Do Not Use,ST110000,FALSO,FALSO
SW010100,Expired Tax Code - Do Not Use,SW010000,FALSO,FALSO
SC030000,Expired Tax Code - Do Not Use,S0000000,FALSO,FALSO
ST130000,Expired Tax Code - Do Not Use,ST100000,FALSO,FALSO
OI010000,Expired Tax Code - Do Not Use,O0000000,FALSO,FALSO
OO010000,Expired Tax Code - Do Not Use,O0000000,FALSO,FALSO
OP010000,Expired Tax Code - Do Not Use,O0000000,FALSO,FALSO
OR021500,Expired Tax Code - Do Not Use,OR021000,FALSO,FALSO
OR021600,Expired Tax Code - Do Not Use,OR021000,FALSO,FALSO
OR021601,Expired Tax Code - Do Not Use,OR021600,FALSO,FALSO
OR021602,Expired Tax Code - Do Not Use,OR021600,FALSO,FALSO
SC050100,Expired Tax Code - Do Not Use,SC050000,FALSO,FALSO
SP160000,Expired Tax Code - Do Not Use,SP100000,FALSO,FALSO
PF030400,Expired Tax Code - Do Not Use,PF030000,VERDADEIRO,FALSO
PF060212,Expired Tax Code - Do Not Use,PF060210,VERDADEIRO,FALSO
PF060213,Expired Tax Code - Do Not Use,PF060210,VERDADEIRO,FALSO
PF060214,Expired Tax Code - Do Not Use,PF060210,VERDADEIRO,FALSO
PF060215,Expired Tax Code - Do Not Use,PF060210,VERDADEIRO,FALSO
PF060715,Expired Tax Code - Do Not Use,PF060710,VERDADEIRO,FALSO
PF060716,Expired Tax Code - Do Not Use,PF060710,VERDADEIRO,FALSO
PF060717,Expired Tax Code - Do Not Use,PF060710,VERDADEIRO,FALSO
PF060718,Expired Tax Code - Do Not Use,PF060710,VERDADEIRO,FALSO
PF080123,Expired Tax Code - Do Not Use,PF080120,VERDADEIRO,FALSO
PF080124,Expired Tax Code - Do Not Use,PF080120,VERDADEIRO,FALSO
PF090100,Expired Tax Code - Do Not Use,PF090000,VERDADEIRO,FALSO
PF090101,Expired Tax Code - Do Not Use,PF090100,VERDADEIRO,FALSO
PF120404,Expired Tax Code - Do Not Use,PF120400,VERDADEIRO,FALSO
PF120405,Expired Tax Code - Do Not Use,PF120400,VERDADEIRO,FALSO
PF120500,Expired Tax Code - Do Not Use,PF120000,VERDADEIRO,FALSO
PF120501,Expired Tax Code - Do Not Use,PF120500,VERDADEIRO,FALSO
PF190206,Expired Tax Code - Do Not Use,PF190200,VERDADEIRO,FALSO
PF190207,Expired Tax Code - Do Not Use,PF190200,VERDADEIRO,FALSO
PM020501,Expired Tax Code - Do Not Use,PM020500,VERDADEIRO,FALSO
PM020502,Expired Tax Code - Do Not Use,PM020500,VERDADEIRO,FALSO
PM020503,Expired Tax Code - Do Not Use,PM020500,VERDADEIRO,FALSO
PM020504,Expired Tax Code - Do Not Use,PM020500,VERDADEIRO,FALSO
PR060400,Expired Tax Code - Do Not Use,PR060000,VERDADEIRO,FALSO
PR060401,Expired Tax Code - Do Not Use,PR060400,VERDADEIRO,FALSO
PR060402,Expired Tax Code - Do Not Use,PR060400,VERDADEIRO,FALSO
PR060403,Expired Tax Code - Do Not Use,PR060400,VERDADEIRO,FALSO
PR062404,Expired Tax Code - Do Not Use,PR062400,VERDADEIRO,FALSO
PR062405,Expired Tax Code - Do Not Use,PR062400,VERDADEIRO,FALSO
PR062406,Expired Tax Code - Do Not Use,PR062400,VERDADEIRO,FALSO
PR062407,Expired Tax Code - Do Not Use,PR062400,VERDADEIRO,FALSO
PS060201,Expired Tax Code - Do Not Use,PS060200,VERDADEIRO,FALSO
PS060202,Expired Tax Code - Do Not Use,PS060200,VERDADEIRO,FALSO
PS060203,Expired Tax Code - Do Not Use,PS060200,VERDADEIRO,FALSO
SV040000,Expired Tax Code - Do Not Use,S0000000,FALSO,FALSO
PR072108,Expired Tax Code - Do Not Use,PR072100,VERDADEIRO,FALSO
PR072109,Expired Tax Code - Do Not Use,PR072100,VERDADEIRO,FALSO
PR072110,Expired Tax Code - Do Not Use,PR072100,VERDADEIRO,FALSO
PR072111,Expired Tax Code - Do Not Use,PR072100,VERDADEIRO,FALSO
SP150100,Expired Tax Code - Do Not Use,SP150000,FALSO,FALSO
PF040400,Expired Tax Code - Do Not Use,PF040000,VERDADEIRO,FALSO
PF190209,Expired Tax Code - Do Not Use,PF190200,VERDADEIRO,FALSO
SS070100,Expired Tax Code - Do Not Use,SS070000,FALSO,FALSO
SL050100,Expired Tax Code - Do Not Use,SL050000,FALSO,FALSO
SL050200,Expired Tax Code - Do Not Use,SL050000,FALSO,FALSO
SP030200,Expired Tax Code - Do Not Use,SP030000,FALSO,FALSO
SL030100,Expired Tax Code - Do Not Use,SL030000,FALSO,FALSO
SL030200,Expired Tax Code - Do Not Use,SL030000,FALSO,FALSO
SP070100,Expired Tax Code - Do Not Use,SP070000,FALSO,FALSO
SP070200,Expired Tax Code - Do Not Use,SP070000,FALSO,FALSO
OS010000,Expired Tax Code - Do Not Use,O0000000,FALSO,FALSO
SP111800,Expired Tax Code - Do Not Use,SP110000,FALSO,FALSO
SP111900,Expired Tax Code - Do Not Use,SP110000,FALSO,FALSO
SP112000,Expired Tax Code - Do Not Use,SP110000,FALSO,FALSO
SP112100,Expired Tax Code - Do Not Use,SP110000,FALSO,FALSO
PA020000,Expired Tax Code - Do Not Use,P0000000,VERDADEIRO,FALSO
PP040205,Expired Tax Code - Do Not Use,PP040200,VERDADEIRO,FALSO
PP040206,Expired Tax Code - Do Not Use,PP040200,VERDADEIRO,FALSO
SC140100,Expired Tax Code - Do Not Use,SC140000,FALSO,FALSO
SC140200,Expired Tax Code - Do Not Use,SC140000,FALSO,FALSO
SW010300,Expired Tax Code - Do Not Use,SW010000,FALSO,FALSO
SW010400,Expired Tax Code - Do Not Use,SW010000,FALSO,FALSO
SL080000,Expired Tax Code - Do Not Use,S0000000,FALSO,FALSO
SS090000,Expired Tax Code - Do Not Use,S0000000,FALSO,FALSO
OT010000,Expired Tax Code - Do Not Use,O0000000,FALSO,FALSO
OR021603,Expired Tax Code - Do Not Use,OR021600,FALSO,FALSO
OR021604,Expired Tax Code - Do Not Use,OR021600,FALSO,FALSO
PF060216,Expired Tax Code - Do Not Use,PF060210,VERDADEIRO,FALSO
PF060217,Expired Tax Code - Do Not Use,PF060210,VERDADEIRO,FALSO
PF060719,Expired Tax Code - Do Not Use,PF060710,VERDADEIRO,FALSO
PF060720,Expired Tax Code - Do Not Use,PF060700,VERDADEIRO,FALSO
PF090102,Expired Tax Code - Do Not Use,PF090100,VERDADEIRO,FALSO
PF090103,Expired Tax Code - Do Not Use,PF090100,VERDADEIRO,FALSO
PF120502,Expired Tax Code - Do Not Use,PF120500,VERDADEIRO,FALSO
PF120503,Expired Tax Code - Do Not Use,PF120500,VERDADEIRO,FALSO
PF200100,Expired Tax Code - Do Not Use,PF200000,VERDADEIRO,FALSO
PF200200,Expired Tax Code - Do Not Use,PF200000,VERDADEIRO,FALSO
PM020505,Expired Tax Code - Do Not Use,PM020500,VERDADEIRO,FALSO
PM020506,Expired Tax Code - Do Not Use,PM020500,VERDADEIRO,FALSO
PR060500,Expired Tax Code - Do Not Use,PR060000,VERDADEIRO,FALSO
PR060501,Expired Tax Code - Do Not Use,PR060500,VERDADEIRO,FALSO
PR062408,Expired Tax Code - Do Not Use,PR062400,VERDADEIRO,FALSO
PR062409,Expired Tax Code - Do Not Use,PR062400,VERDADEIRO,FALSO
PS060204,Expired Tax Code - Do Not Use,PS060200,VERDADEIRO,FALSO
PS060205,Expired Tax Code - Do Not Use,PS060200,VERDADEIRO,FALSO
PR072112,Expired Tax Code - Do Not Use,PR072100,VERDADEIRO,FALSO
PR072113,Expired Tax Code - Do Not Use,PR072100,VERDADEIRO,FALSO
SM020502,Expired Tax Code - Do Not Use,SM020500,FALSO,FALSO
SS050501,Expired Tax Code - Do Not Use,SS050500,FALSO,FALSO
SP150300,Expired Tax Code - Do Not Use,SP150000,FALSO,FALSO
SS070200,Expired Tax Code - Do Not Use,SS070000,FALSO,FALSO
SP112200,Expired Tax Code - Do Not Use,SP110000,FALSO,FALSO
SP112300,Expired Tax Code - Do Not Use,SP110000,FALSO,FALSO
PA020101,Expired Tax Code - Do Not Use,PA020100,VERDADEIRO,FALSO
PA020102,Expired Tax Code - Do Not Use,PA020100,VERDADEIRO,FALSO
PA020103,Expired Tax Code - Do Not Use,PA020100,VERDADEIRO,FALSO
SC140300,Expired Tax Code - Do Not Use,SC140000,FALSO,FALSO
SC160300,Expired Tax Code - Do Not Use,SC160000,FALSO,FALSO
SC160200,Expired Tax Code - Do Not Use,SC160000,FALSO,FALSO
SM020600,Expired Tax Code - Do Not Use,SM020000,FALSO,FALSO
SM030000,Expired Tax Code - Do Not Use,S0000000,FALSO,FALSO
SM040000,Expired Tax Code - Do Not Use,S0000000,FALSO,FALSO
SS100000,Expired Tax Code - Do Not Use,S0000000,FALSO,FALSO
SV030000,Expired Tax Code - Do Not Use,S0000000,FALSO,FALSO
OR021605,Expired Tax Code - Do Not Use,OR021600,FALSO,FALSO
OR021606,Expired Tax Code - Do Not Use,OR021600,FALSO,FALSO
OR021607,Expired Tax Code - Do Not Use,OR021600,FALSO,FALSO
PF060218,Expired Tax Code - Do Not Use,PF060210,VERDADEIRO,FALSO
PF060219,Expired Tax Code - Do Not Use,PF060210,VERDADEIRO,FALSO
PF060220,Expired Tax Code - Do Not Use,PF060200,VERDADEIRO,FALSO
PF060721,Expired Tax Code - Do Not Use,PF060720,VERDADEIRO,FALSO
PF060722,Expired Tax Code - Do Not Use,PF060720,VERDADEIRO,FALSO
PF060800,Expired Tax Code - Do Not Use,PF060000,VERDADEIRO,FALSO
PF090104,Expired Tax Code - Do Not Use,PF090100,VERDADEIRO,FALSO
PF090105,Expired Tax Code - Do Not Use,PF090100,VERDADEIRO,FALSO
PF090106,Expired Tax Code - Do Not Use,PF090100,VERDADEIRO,FALSO
PF120504,Expired Tax Code - Do Not Use,PF120500,VERDADEIRO,FALSO
PF120505,Expired Tax Code - Do Not Use,PF120500,VERDADEIRO,FALSO
PF120601,Expired Tax Code - Do Not Use,PF120600,VERDADEIRO,FALSO
PF200300,Expired Tax Code - Do Not Use,PF200000,VERDADEIRO,FALSO
PF200400,Expired Tax Code - Do Not Use,PF200000,VERDADEIRO,FALSO
PF200500,Expired Tax Code - Do Not Use,PF200000,VERDADEIRO,FALSO
PM020600,Expired Tax Code - Do Not Use,PM020000,VERDADEIRO,FALSO
PM020601,Expired Tax Code - Do Not Use,PM020600,VERDADEIRO,FALSO
PM020602,Expired Tax Code - Do Not Use,PM020600,VERDADEIRO,FALSO
PP050105,Expired Tax Code - Do Not Use,PP050100,VERDADEIRO,FALSO
PP050106,Expired Tax Code - Do Not Use,PP050100,VERDADEIRO,FALSO
PP050200,Expired Tax Code - Do Not Use,PP050000,VERDADEIRO,FALSO
PR060502,Expired Tax Code - Do Not Use,PR060500,VERDADEIRO,FALSO
PR060600,Expired Tax Code - Do Not Use,PR060000,VERDADEIRO,FALSO
PR062410,Expired Tax Code - Do Not Use,PR062400,VERDADEIRO,FALSO
PR062411,Expired Tax Code - Do Not Use,PR062400,VERDADEIRO,FALSO
PR062412,Expired Tax Code - Do Not Use,PR062400,VERDADEIRO,FALSO
PS070000,Expired Tax Code - Do Not Use,P0000000,VERDADEIRO,FALSO
PS070100,Expired Tax Code - Do Not Use,PS070000,VERDADEIRO,FALSO
PS100000,Expired Tax Code - Do Not Use,P0000000,VERDADEIRO,FALSO
PS100300,Expired Tax Code - Do Not Use,PS100000,VERDADEIRO,FALSO
SW010401,Expired Tax Code - Do Not Use,SW010400,FALSO,FALSO
SW010402,Expired Tax Code - Do Not Use,SW010400,FALSO,FALSO
SW010403,Expired Tax Code - Do Not Use,SW010400,FALSO,FALSO
SW100100,Expired Tax Code - Do Not Use,SW100000,FALSO,FALSO
SW100200,Expired Tax Code - Do Not Use,SW100000,FALSO,FALSO
PR072114,Expired Tax Code - Do Not Use,PR072100,VERDADEIRO,FALSO
PR072200,Expired Tax Code - Do Not Use,PR070000,VERDADEIRO,FALSO
PR060503,Expired Tax Code - Do Not Use,PR060500,VERDADEIRO,FALSO
SS050502,Expired Tax Code - Do Not Use,SS050500,FALSO,FALSO
PR072115,Expired Tax Code - Do Not Use,PR072100,VERDADEIRO,FALSO
SP112400,Expired Tax Code - Do Not Use,SP110000,FALSO,FALSO
SP112500,Expired Tax Code - Do Not Use,SP110000,FALSO,FALSO
SP112600,Expired Tax Code - Do Not Use,SP110000,FALSO,FALSO
PS150000,Expired Tax Code - Do Not Use,PS100000,VERDADEIRO,FALSO
SM060100,Expired Tax Code - Do Not Use,SM060000,FALSO,FALSO
SM060200,Expired Tax Code - Do Not Use,SM060000,FALSO,FALSO
SW010500,Expired Tax Code - Do Not Use,SW010000,FALSO,FALSO
SW040100,Expired Tax Code - Do Not Use,SW040000,FALSO,FALSO
OR021608,Expired Tax Code - Do Not Use,OR021600,FALSO,FALSO
OR021700,Expired Tax Code - Do Not Use,OR021000,FALSO,FALSO
SC160400,Expired Tax Code - Do Not Use,SC160000,FALSO,FALSO
SC160600,Expired Tax Code - Do Not Use,SC160000,FALSO,FALSO
PF060221,Expired Tax Code - Do Not Use,PF060220,VERDADEIRO,FALSO
PF060222,Expired Tax Code - Do Not Use,PF060220,VERDADEIRO,FALSO
PF060801,Expired Tax Code - Do Not Use,PF060800,VERDADEIRO,FALSO
PF060802,Expired Tax Code - Do Not Use,PF060800,VERDADEIRO,FALSO
PF090107,Expired Tax Code - Do Not Use,PF090100,VERDADEIRO,FALSO
PF090108,Expired Tax Code - Do Not Use,PF090100,VERDADEIRO,FALSO
PF120602,Expired Tax Code - Do Not Use,PF120600,VERDADEIRO,FALSO
PF120604,Expired Tax Code - Do Not Use,PF120600,VERDADEIRO,FALSO
PF200600,Expired Tax Code - Do Not Use,PF200000,VERDADEIRO,FALSO
PF200700,Expired Tax Code - Do Not Use,PF200000,VERDADEIRO,FALSO
PM020603,Expired Tax Code - Do Not Use,PM020600,VERDADEIRO,FALSO
PM020604,Expired Tax Code - Do Not Use,PM020600,VERDADEIRO,FALSO
PP050201,Expired Tax Code - Do Not Use,PP050200,VERDADEIRO,FALSO
PP050202,Expired Tax Code - Do Not Use,PP050200,VERDADEIRO,FALSO
PR060601,Expired Tax Code - Do Not Use,PR060600,VERDADEIRO,FALSO
PR060602,Expired Tax Code - Do Not Use,PR060600,VERDADEIRO,FALSO
PR062413,Expired Tax Code - Do Not Use,PR062400,VERDADEIRO,FALSO
PR062414,Expired Tax Code - Do Not Use,PR062400,VERDADEIRO,FALSO
PS100400,Expired Tax Code - Do Not Use,PS100000,VERDADEIRO,FALSO
PA020109,Expired Tax Code - Do Not Use,PA020100,VERDADEIRO,FALSO
PA020110,Expired Tax Code - Do Not Use,PA020100,VERDADEIRO,FALSO
PC030136,Expired Tax Code - Do Not Use,PC030130,VERDADEIRO,FALSO
PC030141,Expired Tax Code - Do Not Use,PC030140,VERDADEIRO,FALSO
PA020112,Expired Tax Code - Do Not Use,PA020100,VERDADEIRO,FALSO
PR072201,Expired Tax Code - Do Not Use,PR072200,VERDADEIRO,FALSO
PR072202,Expired Tax Code - Do Not Use,PR072200,VERDADEIRO,FALSO
OD020101,Expired Tax Code - Do Not Use,OD020100,FALSO,FALSO
SP112700,Expired Tax Code - Do Not Use,SP110000,FALSO,FALSO
SP112800,Expired Tax Code - Do Not Use,SP110000,FALSO,FALSO
PD060100,Expired Tax Code - Do Not Use,PD060000,VERDADEIRO,FALSO
PF010000,Expired Tax Code - Do Not Use,P0000000,VERDADEIRO,FALSO
PF201000,Expired Tax Code - Do Not Use,PF200000,VERDADEIRO,FALSO
PS150100,Expired Tax Code - Do Not Use,PS150000,VERDADEIRO,FALSO
PS150200,Expired Tax Code - Do Not Use,PS150000,VERDADEIRO,FALSO
PS150300,Expired Tax Code - Do Not Use,PS150000,VERDADEIRO,FALSO
SM060300,Expired Tax Code - Do Not Use,SM060000,FALSO,FALSO
SM060600,Expired Tax Code - Do Not Use,SM060000,FALSO,FALSO
SM060800,Expired Tax Code - Do Not Use,SM060000,FALSO,FALSO
SW040200,Expired Tax Code - Do Not Use,SW040000,FALSO,FALSO
SW040300,Expired Tax Code - Do Not Use,SW040000,FALSO,FALSO
SC170000,Expired Tax Code - Do Not Use,SC100000,FALSO,FALSO
SC180000,Expired Tax Code - Do Not Use,SC100000,FALSO,FALSO
OR021900,Expired Tax Code - Do Not Use,OR021000,FALSO,FALSO
OR022000,Expired Tax Code - Do Not Use,OR020000,FALSO,FALSO
OR022100,Expired Tax Code - Do Not Use,OR022000,FALSO,FALSO
SC180100,Expired Tax Code - Do Not Use,SC180000,FALSO,FALSO
PF050207,Expired Tax Code - Do Not Use,PF050200,VERDADEIRO,FALSO
PF060223,Expired Tax Code - Do Not Use,PF060220,VERDADEIRO,FALSO
PF060224,Expired Tax Code - Do Not Use,PF060220,VERDADEIRO,FALSO
PF060803,Expired Tax Code - Do Not Use,PF060800,VERDADEIRO,FALSO
PF060804,Expired Tax Code - Do Not Use,PF060800,VERDADEIRO,FALSO
PF060807,Expired Tax Code - Do Not Use,PF060800,VERDADEIRO,FALSO
PF090109,Expired Tax Code - Do Not Use,PF090100,VERDADEIRO,FALSO
PF090110,Expired Tax Code - Do Not Use,PF090100,VERDADEIRO,FALSO
PF090111,Expired Tax Code - Do Not Use,PF090100,VERDADEIRO,FALSO
PF120605,Expired Tax Code - Do Not Use,PF120600,VERDADEIRO,FALSO
PF120700,Expired Tax Code - Do Not Use,PF120000,VERDADEIRO,FALSO
PF120701,Expired Tax Code - Do Not Use,PF120700,VERDADEIRO,FALSO
PF200800,Expired Tax Code - Do Not Use,PF200000,VERDADEIRO,FALSO
PF200900,Expired Tax Code - Do Not Use,PF200000,VERDADEIRO,FALSO
PH050506,Expired Tax Code - Do Not Use,PH050500,VERDADEIRO,FALSO
PM020605,Expired Tax Code - Do Not Use,PM020600,VERDADEIRO,FALSO
PM020606,Expired Tax Code - Do Not Use,PM020600,VERDADEIRO,FALSO
PM020702,Expired Tax Code - Do Not Use,PM020700,VERDADEIRO,FALSO
PP050203,Expired Tax Code - Do Not Use,PP050200,VERDADEIRO,FALSO
PP050204,Expired Tax Code - Do Not Use,PP050200,VERDADEIRO,FALSO
PP050205,Expired Tax Code - Do Not Use,PP050200,VERDADEIRO,FALSO
PR060700,Expired Tax Code - Do Not Use,PR060000,VERDADEIRO,FALSO
PR060800,Expired Tax Code - Do Not Use,PR060000,VERDADEIRO,FALSO
PR062500,Expired Tax Code - Do Not Use,PR060000,VERDADEIRO,FALSO
SW040600,Expired Tax Code - Do Not Use,SW040000,FALSO,FALSO
DB020102,Expired Tax Code - Do Not Use,DB020100,FALSO,FALSO
PC030149,Expired Tax Code - Do Not Use,PC030140,VERDADEIRO,FALSO
PC040112,Expired Tax Code - Do Not Use,PC040110,VERDADEIRO,FALSO
PR072203,Expired Tax Code - Do Not Use,PR072200,VERDADEIRO,FALSO
PR072204,Expired Tax Code - Do Not Use,PR072200,VERDADEIRO,FALSO
PR072205,Expired Tax Code - Do Not Use,PR072200,VERDADEIRO,FALSO
PR060603,Expired Tax Code - Do Not Use,PR060600,VERDADEIRO,FALSO
PR062501,Expired Tax Code - Do Not Use,PR062500,VERDADEIRO,FALSO
PF060225,Expired Tax Code - Do Not Use,PF060200,VERDADEIRO,FALSO
PR062415,Expired Tax Code - Do Not Use,PR062410,VERDADEIRO,FALSO
PF050116,Expired Tax Code - Do Not Use,PF050100,VERDADEIRO,FALSO
SP112900,Expired Tax Code - Do Not Use,SP110000,FALSO,FALSO
SP113000,Expired Tax Code - Do Not Use,SP110000,FALSO,FALSO
SP113100,Expired Tax Code - Do Not Use,SP110000,FALSO,FALSO
PT030100,Expired Tax Code - Do Not Use,PT030000,VERDADEIRO,FALSO
PT030200,Expired Tax Code - Do Not Use,PT030000,VERDADEIRO,FALSO
SM060900,Expired Tax Code - Do Not Use,SM060000,FALSO,FALSO
SP020000,Expired Tax Code - Do Not Use,S0000000,FALSO,FALSO
OR022200,Expired Tax Code - Do Not Use,OR022000,FALSO,FALSO
OR022400,Expired Tax Code - Do Not Use,OR022000,FALSO,FALSO
SC180200,Expired Tax Code - Do Not Use,SC180000,FALSO,FALSO
SC180300,Expired Tax Code - Do Not Use,SC180000,FALSO,FALSO
PF050209,Expired Tax Code - Do Not Use,PF050200,VERDADEIRO,FALSO
PF050210,Expired Tax Code - Do Not Use,PF050200,VERDADEIRO,FALSO
PF060300,Expired Tax Code - Do Not Use,PF060000,VERDADEIRO,FALSO
PF060900,Expired Tax Code - Do Not Use,PF060000,VERDADEIRO,FALSO
PF060901,Expired Tax Code - Do Not Use,PF060900,VERDADEIRO,FALSO
PF090112,Expired Tax Code - Do Not Use,PF090110,VERDADEIRO,FALSO
PF090113,Expired Tax Code - Do Not Use,PF090110,VERDADEIRO,FALSO
PF120702,Expired Tax Code - Do Not Use,PF120700,VERDADEIRO,FALSO
PF120703,Expired Tax Code - Do Not Use,PF120700,VERDADEIRO,FALSO
PF201100,Expired Tax Code - Do Not Use,PF201000,VERDADEIRO,FALSO
PH050512,Expired Tax Code - Do Not Use,PH050510,VERDADEIRO,FALSO
PH050518,Expired Tax Code - Do Not Use,PH050500,VERDADEIRO,FALSO
PM020703,Expired Tax Code - Do Not Use,PM020700,VERDADEIRO,FALSO
PM020800,Expired Tax Code - Do Not Use,PM020000,VERDADEIRO,FALSO
PP050206,Expired Tax Code - Do Not Use,PP050200,VERDADEIRO,FALSO
PP080000,Expired Tax Code - Do Not Use,P0000000,VERDADEIRO,FALSO
PR060801,Expired Tax Code - Do Not Use,PR060800,VERDADEIRO,FALSO
PR060802,Expired Tax Code - Do Not Use,PR060800,VERDADEIRO,FALSO
PR062700,Expired Tax Code - Do Not Use,PR062000,VERDADEIRO,FALSO
SW040800,Expired Tax Code - Do Not Use,SW040000,FALSO,FALSO
SW040900,Expired Tax Code - Do Not Use,SW040000,FALSO,FALSO
DB020200,Expired Tax Code - Do Not Use,DB020000,FALSO,FALSO
DC050000,Expired Tax Code - Do Not Use,D0000000,FALSO,FALSO
PR072206,Expired Tax Code - Do Not Use,PR072200,VERDADEIRO,FALSO
PR072207,Expired Tax Code - Do Not Use,PR072200,VERDADEIRO,FALSO
PA020118,Expired Tax Code - Do Not Use,PA020100,VERDADEIRO,FALSO
PR062502,Expired Tax Code - Do Not Use,PR062500,VERDADEIRO,FALSO
PF060226,Expired Tax Code - Do Not Use,PF060200,VERDADEIRO,FALSO
PF210000,Expired Tax Code - Do Not Use,P0000000,VERDADEIRO,FALSO
SS010000,Expired Tax Code - Do Not Use,S0000000,FALSO,FALSO
SP113200,Expired Tax Code - Do Not Use,SP110000,FALSO,FALSO
PA020200,Expired Tax Code - Do Not Use,PA020000,VERDADEIRO,FALSO
FR030300,Expired Tax Code - Do Not Use,FR030000,FALSO,FALSO
FR030400,Expired Tax Code - Do Not Use,FR030000,FALSO,FALSO
FR030600,Expired Tax Code - Do Not Use,FR030000,FALSO,FALSO
SP060100,Expired Tax Code - Do Not Use,SP060000,FALSO,FALSO
SP060200,Expired Tax Code - Do Not Use,SP060000,FALSO,FALSO
SC190000,Expired Tax Code - Do Not Use,SC100000,FALSO,FALSO
SP080000,Expired Tax Code - Do Not Use,S0000000,FALSO,FALSO
SW060000,Expired Tax Code - Do Not Use,S0000000,FALSO,FALSO
OR022500,Expired Tax Code - Do Not Use,OR022000,FALSO,FALSO
OR030000,Expired Tax Code - Do Not Use,O0000000,FALSO,FALSO
SC200000,Expired Tax Code - Do Not Use,S0000000,FALSO,FALSO
SC220000,Expired Tax Code - Do Not Use,SC200000,FALSO,FALSO
PF050212,Expired Tax Code - Do Not Use,PF050210,VERDADEIRO,FALSO
PF050213,Expired Tax Code - Do Not Use,PF050210,VERDADEIRO,FALSO
PF050217,Expired Tax Code - Do Not Use,PF050210,VERDADEIRO,FALSO
PF060301,Expired Tax Code - Do Not Use,PF060300,VERDADEIRO,FALSO
PF060302,Expired Tax Code - Do Not Use,PF060300,VERDADEIRO,FALSO
PF060303,Expired Tax Code - Do Not Use,PF060300,VERDADEIRO,FALSO
PF060902,Expired Tax Code - Do Not Use,PF060900,VERDADEIRO,FALSO
PF060903,Expired Tax Code - Do Not Use,PF060900,VERDADEIRO,FALSO
PF060904,Expired Tax Code - Do Not Use,PF060900,VERDADEIRO,FALSO
PF090114,Expired Tax Code - Do Not Use,PF090110,VERDADEIRO,FALSO
PF090115,Expired Tax Code - Do Not Use,PF090110,VERDADEIRO,FALSO
PF090116,Expired Tax Code - Do Not Use,PF090110,VERDADEIRO,FALSO
PF120704,Expired Tax Code - Do Not Use,PF120700,VERDADEIRO,FALSO
PF120705,Expired Tax Code - Do Not Use,PF120700,VERDADEIRO,FALSO
PF120800,Expired Tax Code - Do Not Use,PF120000,VERDADEIRO,FALSO
PH050519,Expired Tax Code - Do Not Use,PH050510,VERDADEIRO,FALSO
PH050627,Expired Tax Code - Do Not Use,PH050620,VERDADEIRO,FALSO
PH050630,Expired Tax Code - Do Not Use,PH050600,VERDADEIRO,FALSO
PM020801,Expired Tax Code - Do Not Use,PM020800,VERDADEIRO,FALSO
PM020802,Expired Tax Code - Do Not Use,PM020800,VERDADEIRO,FALSO
PM020803,Expired Tax Code - Do Not Use,PM020800,VERDADEIRO,FALSO
PP090000,Expired Tax Code - Do Not Use,P0000000,VERDADEIRO,FALSO
PR060900,Expired Tax Code - Do Not Use,PR060000,VERDADEIRO,FALSO
PR060901,Expired Tax Code - Do Not Use,PR060900,VERDADEIRO,FALSO
PR060902,Expired Tax Code - Do Not Use,PR060900,VERDADEIRO,FALSO
PR062800,Expired Tax Code - Do Not Use,PR062000,VERDADEIRO,FALSO
PR062900,Expired Tax Code - Do Not Use,PR062000,VERDADEIRO,FALSO
PR063000,Expired Tax Code - Do Not Use,PR060000,VERDADEIRO,FALSO
PT030300,Expired Tax Code - Do Not Use,PT030000,VERDADEIRO,FALSO
PT030301,Expired Tax Code - Do Not Use,PT030300,VERDADEIRO,FALSO
PT030302,Expired Tax Code - Do Not Use,PT030300,VERDADEIRO,FALSO
PA020214,Expired Tax Code - Do Not Use,PA020210,VERDADEIRO,FALSO
PR072208,Expired Tax Code - Do Not Use,PR072200,VERDADEIRO,FALSO
PR072209,Expired Tax Code - Do Not Use,PR072200,VERDADEIRO,FALSO
PR072210,Expired Tax Code - Do Not Use,PR072200,VERDADEIRO,FALSO
PP080100,Expired Tax Code - Do Not Use,PP080000,VERDADEIRO,FALSO
PP080200,Expired Tax Code - Do Not Use,PP080000,VERDADEIRO,FALSO
SW060100,Expired Tax Code - Do Not Use,SW060000,FALSO,FALSO
SW060200,Expired Tax Code - Do Not Use,SW060000,FALSO,FALSO
OR022600,Expired Tax Code - Do Not Use,OR020000,FALSO,FALSO
PB160100,Expired Tax Code - Do Not Use,PB160000,VERDADEIRO,FALSO
PF210100,Expired Tax Code - Do Not Use,PF210000,VERDADEIRO,FALSO
PF210200,Expired Tax Code - Do Not Use,PF210000,VERDADEIRO,FALSO
PF210300,Expired Tax Code - Do Not Use,PF210000,VERDADEIRO,FALSO
SV010000,Expired Tax Code - Do Not Use,S0000000,FALSO,FALSO
PP120000,Expired Tax Code - Do Not Use,PP100000,VERDADEIRO,FALSO
SD020200,Expired Tax Code - Do Not Use,SD020000,FALSO,FALSO
SD020300,Expired Tax Code - Do Not Use,SD020000,FALSO,FALSO
SP100100,Expired Tax Code - Do Not Use,SP100000,FALSO,FALSO
SP100200,Expired Tax Code - Do Not Use,SP100000,FALSO,FALSO
SW070100,Expired Tax Code - Do Not Use,SW070000,FALSO,FALSO
SW080000,Expired Tax Code - Do Not Use,S0000000,FALSO,FALSO
OR030200,Expired Tax Code - Do Not Use,OR030000,FALSO,FALSO
OR050000,Expired Tax Code - Do Not Use,O0000000,FALSO,FALSO
PF050223,Expired Tax Code - Do Not Use,PF050220,VERDADEIRO,FALSO
PF060304,Expired Tax Code - Do Not Use,PF060300,VERDADEIRO,FALSO
PF060305,Expired Tax Code - Do Not Use,PF060300,VERDADEIRO,FALSO
PF060905,Expired Tax Code - Do Not Use,PF060900,VERDADEIRO,FALSO
PF060906,Expired Tax Code - Do Not Use,PF060900,VERDADEIRO,FALSO
PF090117,Expired Tax Code - Do Not Use,PF090110,VERDADEIRO,FALSO
PF090118,Expired Tax Code - Do Not Use,PF090110,VERDADEIRO,FALSO
PF120801,Expired Tax Code - Do Not Use,PF120800,VERDADEIRO,FALSO
PF120802,Expired Tax Code - Do Not Use,PF120800,VERDADEIRO,FALSO
PH050631,Expired Tax Code - Do Not Use,PH050630,VERDADEIRO,FALSO
PH050637,Expired Tax Code - Do Not Use,PH050630,VERDADEIRO,FALSO
PM020804,Expired Tax Code - Do Not Use,PM020800,VERDADEIRO,FALSO
PM020805,Expired Tax Code - Do Not Use,PM020800,VERDADEIRO,FALSO
PP090200,Expired Tax Code - Do Not Use,PP090000,VERDADEIRO,FALSO
PR061000,Expired Tax Code - Do Not Use,PR060000,VERDADEIRO,FALSO
PR061001,Expired Tax Code - Do Not Use,PR061000,VERDADEIRO,FALSO
PR063200,Expired Tax Code - Do Not Use,PR063000,VERDADEIRO,FALSO
PR063300,Expired Tax Code - Do Not Use,PR063000,VERDADEIRO,FALSO
PT030303,Expired Tax Code - Do Not Use,PT030300,VERDADEIRO,FALSO
PT030304,Expired Tax Code - Do Not Use,PT030300,VERDADEIRO,FALSO
FR030900,Expired Tax Code - Do Not Use,FR030000,FALSO,FALSO
PR072211,Expired Tax Code - Do Not Use,PR072200,VERDADEIRO,FALSO
PR072212,Expired Tax Code - Do Not Use,PR072200,VERDADEIRO,FALSO
PF050225,Expired Tax Code - Do Not Use,PF050200,VERDADEIRO,FALSO
PB160200,Expired Tax Code - Do Not Use,PB160000,VERDADEIRO,FALSO
PB160300,Expired Tax Code - Do Not Use,PB160000,VERDADEIRO,FALSO
OA010100,Expired Tax Code - Do Not Use,OA010000,FALSO,FALSO
PF210400,Expired Tax Code - Do Not Use,PF210000,VERDADEIRO,FALSO
PF210500,Expired Tax Code - Do Not Use,PF210000,VERDADEIRO,FALSO
NT,Non-Taxable Product,,VERDADEIRO,VERDADEIRO
PH050161,"Grooming and hygiene products for human use that meet the definition of ""drug"" without a prescription",PH050100,VERDADEIRO,FALSO
PH050121,Drugs for animal use to veterinary hospitals and other animal medical facilities,PH050120,VERDADEIRO,FALSO
FR030100,common carrier - FOB destination,FR030000,FALSO,FALSO
PS060400,School Related Products (B2C)-computer supply,PS060000,VERDADEIRO,FALSO
PH050160,"Grooming and hygiene products for human use that don't meet the definition of ""drug""",PH050100,VERDADEIRO,FALSO
AT,Adjustment for excluded charges - India,,VERDADEIRO,VERDADEIRO
SC090502,"Computer Software Maintenance (custom software)-optional (physical media)-physical media, updates & services, etc.",SC090500,FALSO,VERDADEIRO
SC100502,"Computer Software Maintenance (prewritten software)-Computer optional (physical media)-physical media, updates & services, etc. ",SC100500,FALSO,VERDADEIRO
PM030109,Expired Tax Code - Do Not Use,PM030100,VERDADEIRO,FALSO
PP020300,Expired Tax Code - Do Not Use,PP020000,VERDADEIRO,FALSO
SR060400,Expired Tax Code - Do Not Use,SR060000,FALSO,FALSO
SD080000,Expired Tax Code - Do Not Use,S0000000,FALSO,FALSO
SW010000,Expired Tax Code - Do Not Use,S0000000,FALSO,FALSO
OF010100,Expired Tax Code - Do Not Use,OF010000,FALSO,FALSO
OR011800,Expired Tax Code - Do Not Use,OR011000,FALSO,FALSO
SD021000,Expired Tax Code - Do Not Use,SD020000,FALSO,FALSO
PR060000,Expired Tax Code - Do Not Use,P0000000,VERDADEIRO,FALSO
PS110000,Expired Tax Code - Do Not Use,PS100000,VERDADEIRO,FALSO
SW010202,Expired Tax Code - Do Not Use,SW010200,FALSO,FALSO
SW051000,Expired Tax Code - Do Not Use,SW050000,FALSO,FALSO
PC040104,Expired Tax Code - Do Not Use,PC040100,VERDADEIRO,FALSO
PD060500,Expired Tax Code - Do Not Use,PD060000,VERDADEIRO,FALSO
DA051011,Digital audio works sold to an end user with rights for permanent use,DA050000,FALSO,VERDADEIRO
PB190000,Expired Tax Code - Do Not Use,PB100000,VERDADEIRO,FALSO
PC030102,Expired Tax Code - Do Not Use,PC030100,VERDADEIRO,FALSO
PM030208,Expired Tax Code - Do Not Use,PM030200,VERDADEIRO,FALSO
PM050000,Expired Tax Code - Do Not Use,P0000000,VERDADEIRO,FALSO
FR030500,Expired Tax Code - Do Not Use,FR030000,FALSO,FALSO
SE040300,Expired Tax Code - Do Not Use,SE040000,FALSO,FALSO
SS040100,Expired Tax Code - Do Not Use,SS040000,FALSO,FALSO
SW010200,Expired Tax Code - Do Not Use,SW010000,FALSO,FALSO
SD100000,Expired Tax Code - Do Not Use,S0000000,FALSO,FALSO
SF070000,Expired Tax Code - Do Not Use,S0000000,FALSO,FALSO
OA010000,Expired Tax Code - Do Not Use,O0000000,FALSO,FALSO
OC010000,Expired Tax Code - Do Not Use,O0000000,FALSO,FALSO
OR010200,Expired Tax Code - Do Not Use,OR010000,FALSO,FALSO
OR012000,Expired Tax Code - Do Not Use,OR010000,FALSO,FALSO
OR020000,Expired Tax Code - Do Not Use,O0000000,FALSO,FALSO
PF060806,Expired Tax Code - Do Not Use,PF060800,VERDADEIRO,FALSO
PP050103,Expired Tax Code - Do Not Use,PP050100,VERDADEIRO,FALSO
PP090100,Expired Tax Code - Do Not Use,PP090000,VERDADEIRO,FALSO
PR061900,Expired Tax Code - Do Not Use,PR061000,VERDADEIRO,FALSO
PR062000,Expired Tax Code - Do Not Use,PR060000,VERDADEIRO,FALSO
PS110100,Expired Tax Code - Do Not Use,PS110000,VERDADEIRO,FALSO
PS190000,Expired Tax Code - Do Not Use,PS100000,VERDADEIRO,FALSO
SW010203,Expired Tax Code - Do Not Use,SW010200,FALSO,FALSO
SW050100,Expired Tax Code - Do Not Use,SW050000,FALSO,FALSO
PA020107,Expired Tax Code - Do Not Use,PA020100,VERDADEIRO,FALSO
PA020213,Expired Tax Code - Do Not Use,PA020210,VERDADEIRO,FALSO
PC040114,Expired Tax Code - Do Not Use,PC040110,VERDADEIRO,FALSO
PC040141,Expired Tax Code - Do Not Use,PC040140,VERDADEIRO,FALSO
PR050231,Expired Tax Code - Do Not Use,PR050200,VERDADEIRO,FALSO
PR071300,Expired Tax Code - Do Not Use,PR070000,VERDADEIRO,FALSO
SC090503,Optional computer software maintenance contracts with respect to non-prewritten (custom) computer software that only provide updates or upgrades with respect to the software,SC090500,FALSO,VERDADEIRO
DV021007,Digital audio visual works sold to an end user with rights for permanent use,DV020000,FALSO,VERDADEIRO
DB031013,Digital books sold to an end user with rights for permanent use,DB030000,FALSO,VERDADEIRO
SC100303,Optional computer software maintenance contracts with respect to prewritten computer software that only provide updates or upgrades delivered via load and leave with respect to the software,SC100300,FALSO,VERDADEIRO
PC030132,Expired Tax Code - Do Not Use,PC030130,VERDADEIRO,FALSO
PD060000,Expired Tax Code - Do Not Use,P0000000,VERDADEIRO,FALSO
PN030400,Expired Tax Code - Do Not Use,PN030000,VERDADEIRO,FALSO
PP020100,Expired Tax Code - Do Not Use,PP020000,VERDADEIRO,FALSO
SB170200,Expired Tax Code - Do Not Use,SB170000,FALSO,FALSO
SL020200,Expired Tax Code - Do Not Use,SL020000,FALSO,FALSO
SC140000,Expired Tax Code - Do Not Use,S0000000,FALSO,FALSO
SC150000,Expired Tax Code - Do Not Use,SC100000,FALSO,FALSO
SL040000,Expired Tax Code - Do Not Use,S0000000,FALSO,FALSO
SM020000,Expired Tax Code - Do Not Use,S0000000,FALSO,FALSO
OC020000,Expired Tax Code - Do Not Use,O0000000,FALSO,FALSO
OD010100,Expired Tax Code - Do Not Use,OD010000,FALSO,FALSO
OR011600,Expired Tax Code - Do Not Use,OR011000,FALSO,FALSO
OR011603,Expired Tax Code - Do Not Use,OR011600,FALSO,FALSO
OW010000,Expired Tax Code - Do Not Use,O0000000,FALSO,FALSO
SC160700,Expired Tax Code - Do Not Use,SC160000,FALSO,FALSO
PH050522,Expired Tax Code - Do Not Use,PH050520,VERDADEIRO,FALSO
PH050628,Expired Tax Code - Do Not Use,PH050620,VERDADEIRO,FALSO
PP090300,Expired Tax Code - Do Not Use,PP090000,VERDADEIRO,FALSO
PP160000,Expired Tax Code - Do Not Use,PP100000,VERDADEIRO,FALSO
PR062002,Expired Tax Code - Do Not Use,PR062000,VERDADEIRO,FALSO
PR062600,Expired Tax Code - Do Not Use,PR062000,VERDADEIRO,FALSO
SS050203,Expired Tax Code - Do Not Use,SS050200,FALSO,FALSO
SS050500,Expired Tax Code - Do Not Use,SS050000,FALSO,FALSO
SW050200,Expired Tax Code - Do Not Use,SW050000,FALSO,FALSO
SW050600,Expired Tax Code - Do Not Use,SW050000,FALSO,FALSO
PA050000,Expired Tax Code - Do Not Use,P0000000,VERDADEIRO,FALSO
PA050200,Expired Tax Code - Do Not Use,PA050000,VERDADEIRO,FALSO
PC050000,Expired Tax Code - Do Not Use,P0000000,VERDADEIRO,FALSO
PC140000,Expired Tax Code - Do Not Use,PC100000,VERDADEIRO,FALSO
OC060000,Expired Tax Code - Do Not Use,O0000000,FALSO,FALSO
OP020000,Expired Tax Code - Do Not Use,O0000000,FALSO,FALSO
PR061800,"Linen rental with pick-up, relaundering, and redelivery services",PR061000,VERDADEIRO,FALSO
SL030300,Linen services,S0000000,FALSO,FALSO
PF101000,Food sold through vending machines,P0000000,VERDADEIRO,VERDADEIRO
PD060200,Expired Tax Code - Do Not Use,PD060000,VERDADEIRO,FALSO
PP020200,Expired Tax Code - Do Not Use,PP020000,VERDADEIRO,FALSO
SP100600,Expired Tax Code - Do Not Use,SP100000,FALSO,FALSO
SD020000,Expired Tax Code - Do Not Use,S0000000,FALSO,FALSO
SP100000,Expired Tax Code - Do Not Use,S0000000,FALSO,FALSO
OF010000,Expired Tax Code - Do Not Use,O0000000,FALSO,FALSO
OR011700,Expired Tax Code - Do Not Use,OR011000,FALSO,FALSO
SC160800,Expired Tax Code - Do Not Use,SC160000,FALSO,FALSO
PR050214,Expired Tax Code - Do Not Use,PR050200,VERDADEIRO,FALSO
PR070000,Expired Tax Code - Do Not Use,P0000000,VERDADEIRO,FALSO
SW010201,Expired Tax Code - Do Not Use,SW010200,FALSO,FALSO
SW050800,Expired Tax Code - Do Not Use,SW050000,FALSO,FALSO
PC040102,Expired Tax Code - Do Not Use,PC040100,VERDADEIRO,FALSO
PD060300,Expired Tax Code - Do Not Use,PD060000,VERDADEIRO,FALSO
SC090103,Optional computer software maintenance contracts with respect to non-prewritten (custom) computer software that only provide updates or upgrades delivered electronically with respect to the software,SC090100,FALSO,VERDADEIRO
PG050000,Gift Certificates,P0000000,VERDADEIRO,VERDADEIRO
ON020000,Expired Tax Code - Do Not Use,O0000000,FALSO,FALSO
PF160000,Prepared Foods,P0000000,VERDADEIRO,FALSO
SC100503,"Computer Software Maintenance (prewritten software) - Optional Agreement - Separately Stated Charges - Updates in Tangible Form - Upgrades, Bug Fixes, etc.",SC100500,VERDADEIRO,VERDADEIRO
SC100103,"Computer Software Maintenance (prewritten software) - Optional Agreement - Separately Stated Charges - Updates in Electronic Form - Upgrades, Bug Fixes, etc.",SC100100,FALSO,VERDADEIRO
31050,Expired Tax Code - Do Not Use,,VERDADEIRO,FALSO
31060,Expired Tax Code - Do Not Use,,VERDADEIRO,FALSO
31080,Expired Tax Code - Do Not Use,,VERDADEIRO,FALSO
31090,Expired Tax Code - Do Not Use,,VERDADEIRO,FALSO
31110,Expired Tax Code - Do Not Use,,VERDADEIRO,FALSO
31120,Expired Tax Code - Do Not Use,,VERDADEIRO,FALSO
31065,Expired Tax Code - Do Not Use,,FALSO,FALSO
31095,Expired Tax Code - Do Not Use,,FALSO,FALSO
31125,Expired Tax Code - Do Not Use,,FALSO,FALSO
PR100100,Car Rentals <= 30 days,P0000000,VERDADEIRO,FALSO
PR100200,Car Rentals > 30 days,P0000000,VERDADEIRO,FALSO
OT030000,Transaction Fees,O0000000,FALSO,FALSO
PF050303,"Food And Food Ingredients-candy-Candy, caramel, chocolate, glazed, honey, or yogurt coated granola ",PF050300,VERDADEIRO,VERDADEIRO
PR065000,Rental / Leases - Tangible Personal Property (<= 30 days) ,P0000000,VERDADEIRO,FALSO
PR075000,Rental / Leases - Tangible Personal Property (> 30 days),P0000000,VERDADEIRO,FALSO
PR065100,Rental / Leases - Manufacturing Machinery (<= 30 days) ,PR065000,VERDADEIRO,FALSO
PF052123,Beverage / Nutrition Label / Sweetened fruit-flavored beverage powders,PF050200,VERDADEIRO,FALSO
PF052124,Beverage / Nutrition Label / Unsweetened fruit-flavored beverage powders,PF050200,VERDADEIRO,FALSO
PF052125,Beverage / Nutrition Label / Sweetened non-fruit-flavored beverage powders,PF050200,VERDADEIRO,FALSO
PF052126,Beverage / Nutrition Label / Usweetened non-fruit-flavored beverage powders,PF050200,VERDADEIRO,FALSO
PF051731,"Food and food ingredients - Flavored, colored or sweetened ice waters, packaged in plastic sheaths (freezies)",PF050900,VERDADEIRO,FALSO
PF050679,Food and food ingredients - Meal Replacement bars w/ a Nutrition Information label that do not contain flour,PF050600,VERDADEIRO,FALSO
PF050680,Food and food ingredients - Meal Replacement bars w/ a Nutrition Information label that contain flour,PF050600,VERDADEIRO,FALSO
PF050678,Food and food ingredients - Meal Replacement beverages w/ a Nutrition Information label and contain milk and milk byproduct,PF050600,VERDADEIRO,FALSO
SP140000,Professional Services ,SP100000,FALSO,VERDADEIRO
OT010400,Reimbursed travel expenses associated with professional services,OT010000,FALSO,VERDADEIRO
OT010300,Reimbursed travel expenses associated with installation or repair of TPP,O0000000,FALSO,VERDADEIRO
OD020600,Membership / Dues - Qualified Charitable / Non-Profit Organization - No TPP Transferred,OD020000,FALSO,FALSO
20105,"Inactive SST SKUs: Inclusion or Exclusion from Sales Tax Holiday - All WaterSense products.  If only specific WaterSense products or specified WaterSense classifications on the WaterSense listing, list those below. ",P0000000,VERDADEIRO,FALSO
PR075100,Rental / Leases - Manufacturing Machinery (> 30 days),PR075000,VERDADEIRO,FALSO
PH405178,Feminine care supplies,1140,VERDADEIRO,FALSO
BCT00001,Brandshop 8 oz bottle of Coke,,VERDADEIRO,FALSO
SP060000,Photography Services,S0000000,FALSO,VERDADEIRO
PC090100,Display without a Desktop Computer,,VERDADEIRO,FALSO
PH050677,Over-the-Counter medicinal products - Foot pads and insoles,PH050670,VERDADEIRO,VERDADEIRO
PA020113,Agricultural-commercial use - Seeds (food producing) - < 25 lbs,PA020100,VERDADEIRO,VERDADEIRO
PH101070,Gas or diesel fuel tank,PH100000,VERDADEIRO,VERDADEIRO
PH101090,Cell phone battery and any cell phone charger,PH100000,VERDADEIRO,VERDADEIRO
PH101110,Portable generator used to provide light or communications or preserve food in the event of a power outage,PH100000,VERDADEIRO,VERDADEIRO
PH101130,Carbon monoxide detector,PH100000,VERDADEIRO,VERDADEIRO
SP040000,Pest Control Services,S0000000,FALSO,VERDADEIRO
PA020111,"Agricultural-commercial use - Plants (food producing, annual)",PA020100,VERDADEIRO,VERDADEIRO
PH101060,Ground anchor system or tie-down kit,PH100000,VERDADEIRO,VERDADEIRO
PH101080,"Package of AAA-cell, AA-cell, C-cell, D-cell, 6-volt, or 9-volt batteries, excluding automobile and boat batteries",PH100000,VERDADEIRO,VERDADEIRO
PH101100,Nonelectric food storage cooler,PH100000,VERDADEIRO,VERDADEIRO
PH101120,"Storm shutter device - materials and products manufactured, rated, and marketed specifically for the purpose of preventing window damage from storms",PH100000,VERDADEIRO,VERDADEIRO
PH101140,Blue ice product other reusable freezer packs,PH100000,VERDADEIRO,VERDADEIRO
SC150156,Building/Facility Maintenance on Items Remaining TPP,SC150000,FALSO,VERDADEIRO
PF052242,Beverage / Water / Nutrition Label / Naturally Carbonated Water,PF050200,VERDADEIRO,VERDADEIRO
PF051530,Frozen Sandwiches,PF050000,VERDADEIRO,VERDADEIRO
PF051410,Chewing Gum or Candy  With a Supplement Facts Label,PF050300,VERDADEIRO,VERDADEIRO
PC031050,Sweatbands,PC030400,VERDADEIRO,VERDADEIRO
PF050669,"Beverage / Nutrition Label / Non Carbonated / Energy Shots & Drinks / No Milk or Milk Ingredients, Soy or Rice  / Can Have Some Juice / Ready to Drink (RTD)",PF050200,VERDADEIRO,VERDADEIRO
PC041050,Sweatbands,PC040400,VERDADEIRO,VERDADEIRO
PF051730,Popsicles And Italian Ices (Containing Less Than or Equal to 50% Juice) Packaged Less Than A Pint (16 oz),PF050900,VERDADEIRO,VERDADEIRO
PB100818,Puzzle Books,PB100000,VERDADEIRO,VERDADEIRO
PF052034,Beverage / Nutrition Label / Non Carbonated / Fruit Juice = 10% to 24.99% / Ready to Drink (RTD),PF050200,VERDADEIRO,VERDADEIRO
PF050095,Food & Food Ingredients - Rice and Pulses,PF050000,VERDADEIRO,VERDADEIRO
PF051898,"Beverage / Supplement Label / Non Carbonated / Milk is not the primary ingredient / But it contains soy, whey, or rice and a juice content of 0% - 24.99% / RTD",PF050200,VERDADEIRO,VERDADEIRO
PF052140,Beverage / Nutrition Label / Liquid Concentrate / Sweetened / Intended to Be Mixed With Milk,PF050200,VERDADEIRO,VERDADEIRO
PE200706,Exercise Supplies,P0000000,VERDADEIRO,VERDADEIRO
PC031146,Costumes (Includes Capes and Robes / Dress Up / Toy Cowboy Hats / Santa and Witches Hats w/o Hair),PC030000,VERDADEIRO,VERDADEIRO
PC041146,Costumes (Includes Capes and Robes / Dress Up / Toy Cowboy Hats / Santa and Witches Hats w/o Hair),PC040000,VERDADEIRO,VERDADEIRO
PF052050,Beverage / Nutrition Label / Carbonated / Fruit Juice = 100% / Ready to Drink (RTD),PF050100,VERDADEIRO,VERDADEIRO
PF041200,US Flags - Includes Hand Held Flags - Does Not Include Paper Flags Or Sticker Flags,PF040000,VERDADEIRO,VERDADEIRO
PF051906,Beverage / Nutrition Label / Coffee / Contains Milk / Ready to Drink (RTD),PF050200,VERDADEIRO,VERDADEIRO
PF051418,Food / Nuts & Seeds / Honey Roasted or Sweetened But Not Candy Coated / Nuts & Seeds Must Be the Primary (First) Ingredient / No Flour,PF050300,VERDADEIRO,VERDADEIRO
PF050670,"Beverage / Nutrition Label / Powdered Energy Shots & Drinks / No Milk or Milk Ingredients, Soy or Rice",PF050200,VERDADEIRO,VERDADEIRO
PF050071,Food & Food Ingredients -Biscuits/Cookies other than those covered or partly covered in chocolate,PF050900,VERDADEIRO,VERDADEIRO
PF052141,Beverage / Nutrition Label / Frozen Concentrate / Fruit Juice = 0% ,PF050200,VERDADEIRO,VERDADEIRO
PF051531,Food and food ingredients - Fully-cooked frozen sandwich-like items,PF050300,VERDADEIRO,VERDADEIRO
PF049391,Flags - state,PF040000,VERDADEIRO,VERDADEIRO
PE308914,Equipment - exercise/physical therapy - Retail Sale,P0000000,VERDADEIRO,VERDADEIRO
PA028858,Pesticides - Retail Sales,PA020200,VERDADEIRO,VERDADEIRO
PC039328,Costumes - Masks Only,PC030000,VERDADEIRO,VERDADEIRO
PC049328,Costumes - Masks Only,PC040000,VERDADEIRO,VERDADEIRO
PF052058,Beverage / Nutrition Label / Carbonated / Fruit Juice = 100% / No Additives / Ready to Drink (RTD),PF050100,VERDADEIRO,VERDADEIRO
PF051914,Beverage / Supplement Label / Coffee / Ready to Drink (RTD),PF050200,VERDADEIRO,VERDADEIRO
PB200743,Boat Accessories:  Seafood Harvest Supplies,PB200000,VERDADEIRO,VERDADEIRO
PF051538,Lunchables Without Candy Or Drink / OR Lunchables Without Candy AND Contains A Drink With 70-100% Juice Content (Kids Fuel Variety) / Disney Garden Foodles / Taylor Farms Veggies With Dips,PF050000,VERDADEIRO,VERDADEIRO
PF050671,Lactaid Tablets:  Supplement Label / SNAP Ineligible /  Beano,PF051100,VERDADEIRO,VERDADEIRO
PF051786,Non-Alcoholic Cocktail Mixes: Containing 100% Juice,PF050200,VERDADEIRO,VERDADEIRO
PF051419,Food / Nuts & Seeds / Honey Roasted or Sweetened But Not Candy Coated / Nuts & Seeds Must Be the Primary (First) Ingredient / No Flour / Individual Sized Portion / Equal To  2.499 Ounces Or Less / Or Is Labeled As A Single Serving /  Or Size Is Unknown,PF051418,VERDADEIRO,VERDADEIRO
PF050122,Food and food ingredients -  Non-Sweet Bagels  (not prepared by Seller),PF050000,VERDADEIRO,VERDADEIRO
PC040132,Clothing & Related Products (business-to-consumer) - Gloves: Cosmetic Gloves,PC040000,VERDADEIRO,VERDADEIRO
DA040100,Radio Subscriptions,DA040000,FALSO,VERDADEIRO
PC077426,Cabling,PC070000,VERDADEIRO,VERDADEIRO
PA020659,Food Producing Seeds (Vegetable / Herb / Fruit),PA020200,VERDADEIRO,VERDADEIRO
PF052066,Beverage / Supplement Label / Non Carbonated / Fruit Juice = 100% / Ready to Drink (RTD) ,PF050200,VERDADEIRO,VERDADEIRO
PE080772,Compact Fluorescent Light Bulbs,PE080200,VERDADEIRO,VERDADEIRO
PF051930,Beverage / Supplement Label / Unsweetened / Concentrates of Coffee & Tea,PF050200,VERDADEIRO,VERDADEIRO
PF051546,Lunchables w/ Candy /OR Lunchables Without Candy But With A Drink With 0-69% Juice Content,PF050000,VERDADEIRO,VERDADEIRO
PF051426,"Food / Nuts & Seeds: Nuts, Seeds and Popcorn That Contain Sugar That Are Not Commonly Thought Of As Candy / No Flour",PF050300,VERDADEIRO,VERDADEIRO
PB308786,Batteries and Accessories,P0000000,VERDADEIRO,VERDADEIRO
PF050672,Nutrition Bars: Nutrition Label / SNAP Eligible / Contain FLOUR,PF050719,VERDADEIRO,VERDADEIRO
PF051794,Non-Alcoholic Cocktail Mixes: 25 - 50% Juice,PF050200,VERDADEIRO,VERDADEIRO
PF052143,Beverage / Nutrition Label / Frozen Concentrate / Fruit Juice = 25% to 50% ,PF050200,VERDADEIRO,VERDADEIRO
PF050123,Food and food ingredients -  Sweet Bagels (not prepared by Seller),PF050000,VERDADEIRO,VERDADEIRO
PF050102,"Food & Food Ingredients - Potato snacks, unshelled roasted and/or salted nuts, and similar products, 2.5 oz - 5 oz, and not labeled as a single serving",PF050900,VERDADEIRO,VERDADEIRO
PC087426,Cabling,PC080000,VERDADEIRO,VERDADEIRO
PE089124,Weatherization: Programmable Thermostat/ Window Film/ Caulking/ Weather Strip/ Insulation/ Water Heater/ Water Heater Blanket/ Natural Gas Furnace/ Energy Star Window/ 85% Efficient Oil Furnace,PE080200,VERDADEIRO,VERDADEIRO
PA020662,Food Producing Woody Plants,PA020200,VERDADEIRO,VERDADEIRO
PF051946,Beverage / Tea / Contains Active Ingredients / Unsweetened / Concentrate,PF050200,VERDADEIRO,VERDADEIRO
PF058754,Bottled Water - Sold for Business Consumption,PF050100,VERDADEIRO,VERDADEIRO
PC002386,Carpet,P0000000,VERDADEIRO,VERDADEIRO
PF051802,Non-Alcoholic Cocktail Mixes: Containing  51-99% Juice - Most Bloody Mary Mixes,PF050200,VERDADEIRO,VERDADEIRO
PF050674,Food / Bars / Nutrition Label / No  Flour / Product Makes A Claim / Individual Sized Portion / Equal To  2.499 Ounces Or Less / Or Is Labeled As A Single Serving /  Or Size Is Unknown  ,PF050673,VERDADEIRO,VERDADEIRO
PF051427,"Food / Nuts & Seeds / Nuts, Seeds and Popcorn That Contain Sugar That Are Not Commonly Thought Of As Candy / No Flour / Individual Sized Portion / Equal To 2.499 Ounces Or Less / Or Is Labeled As A Single Serving / Or Size Is Unknown",PF051426,VERDADEIRO,VERDADEIRO
DC070000,Cloud/Remote Storage,D0000000,FALSO,VERDADEIRO
PF052144,Beverage / Nutrition Label / Frozen or Liquid Concentrate / Fruit Juice = 50.01% - 69.99%,PF050200,VERDADEIRO,VERDADEIRO
PC040157,Clothing & related products (B2C) - Safety Apparel Not Suitable for Everyday Wear,PC040000,VERDADEIRO,VERDADEIRO
PF050124,"Food and Food ingredients - fruit snacks (1st ingredient is NOT fruit or fruit puree), no flour",PF050000,VERDADEIRO,VERDADEIRO
PF050103,"Food & Food Ingredients - Potato snacks, unshelled roasted and/or salted nuts, and similar products, labeled as single serving or less than 2.5 oz",PF050900,VERDADEIRO,VERDADEIRO
PF050675,Beverage / Nutrition Label / Meal Replacements / Liquids and Powders,PF050600,VERDADEIRO,VERDADEIRO
PF052082,Beverage / Nutrition Label / Non Carbonated / Fruit Juice = 25% to 50% / Ready to Drink (RTD),PF050200,VERDADEIRO,VERDADEIRO
PA021078,Food Producing Plants (Vegetable / Herb / Fruit),PA020200,VERDADEIRO,VERDADEIRO
PF051954,"Beverage / Nutrition Label / Tea, Coffee, Cappuccino, Frappuccino / Sweetened / Powders Only / No Milk or Milk Derivatives /  Mix With Water",PF050200,VERDADEIRO,VERDADEIRO
PF058762,Candy - Sold for Business Consumption,PF050300,VERDADEIRO,VERDADEIRO
PC098212,Durable or Disposable Cell Phones Bundled with Prepaid Minutes (IL),P0000000,VERDADEIRO,VERDADEIRO
PF050080,Food & Food Ingredients - Honey,PF050000,VERDADEIRO,VERDADEIRO
PF051810,Non-Alcoholic Cocktail Mixes: Containing Less Than Or Equal To 50% Juice In Powder or Liquid Concentrate Not RTD,PF050200,VERDADEIRO,VERDADEIRO
PF051428,Confection Nuts Not Labeled As Candy That Contain Flour / Nuts Are The First Ingredient,PF050300,VERDADEIRO,VERDADEIRO
PF050232,Food and Food Ingredients / Corn Husks,PF050000,VERDADEIRO,VERDADEIRO
PF052145,Beverage / Nutrition Label / Frozen or Liquid Concentrate / Fruit Juice = 70% - 99.99%,PF050200,VERDADEIRO,VERDADEIRO
PC040158,Clothing & related products (B2C) - Protective Footwear,PC040000,VERDADEIRO,VERDADEIRO
PF050104,"Food & Food Ingredients - Snacks (non-candy, no eating utensils), 2.5 oz - 5 oz, and not labeled as a single serving",PF050000,VERDADEIRO,VERDADEIRO
PC041098,Nursing Bras,PC040100,VERDADEIRO,VERDADEIRO
PF030746,Gun Locks / Trigger Locks and Cables (DOES NOT Include Gun Cabinets and Cases),PF030000,VERDADEIRO,VERDADEIRO
PF052090,Beverage / Nutrition Label / Liquid Concentrate / Sweetened / Fruit Juice = 25% to 50%:  ,PF050200,VERDADEIRO,VERDADEIRO
PF051962,Beverage / Nutrition Label / Tea & Coffee / Sweetened / No Milk or Milk Derivatives / Ready to Drink (RTD),PF050200,VERDADEIRO,VERDADEIRO
PA020664,Insecticides / Fungicides For Food Producing Plants,PA020200,VERDADEIRO,VERDADEIRO
PF052146,Beverage / Nutrition Label / Non Carbonated / Vegetable Juice = 100% / Ready to Drink (RTD),PF050200,VERDADEIRO,VERDADEIRO
PF051570,Sweetened Granola Bars (Grains or Nuts Are The First Ingredient) That DO NOT Contain Flour / Fruit Snacks and Fruit Roll Ups WITH ADDED SWEETENERS / Jello Bites / Pudding Bites / Yogos,PF050300,VERDADEIRO,VERDADEIRO
PF051434,Confection Pretzels,PF050300,VERDADEIRO,VERDADEIRO
PF058770,Grocery Items - General - Sold for Business Consumption,PF050000,VERDADEIRO,VERDADEIRO
PF050233,Beverage / Supplement Label / Non-Carbonated / Contains Some Juice / Labeled and Marketed As A Dietary Supplement / Not Advertised As A Beverage or Drink With Additives / Used As An Alternative To Pills / RTD / Greater Than 2.5 oz,PF050200,VERDADEIRO,VERDADEIRO
PF051811,Beverage / Non-Alcoholic Cocktail Mixes / 50.00% Juice or Less / In Frozen or Powder Concentrate Form ,PF050200,VERDADEIRO,VERDADEIRO
DG020000,Electronically-Delivered Gift Cards,D0000000,FALSO,VERDADEIRO
PF050677,Beverage / Nutrition Label / Proteins & Weight Gainers & Muscle Builders / Contain Milk or Milk product / Ready to Drink (RTD),PF050600,VERDADEIRO,VERDADEIRO
PC098213,Durable or Disposable Prepaid Wireless Phones Sold Without Minutes,P0000000,VERDADEIRO,VERDADEIRO
PC030157,Clothing & related products (B2B) - Safety Apparel Not Suitable for Everyday Wear,PC030000,VERDADEIRO,VERDADEIRO
PF050082,Food and food ingredients - Single pieces of fruit,PF050000,VERDADEIRO,VERDADEIRO
PF050105,"Food & Food Ingredients - Snacks (non-candy, no eating utensils), labeled as single serving or less than 2.5 oz",PF050000,VERDADEIRO,VERDADEIRO
PF050106,"Food & Food Ingredients - Prepackaged, ready-to-eat, puddings and gelatin",PF050300,VERDADEIRO,VERDADEIRO
PC031098,Nursing Bras,PC030100,VERDADEIRO,VERDADEIRO
PC041114,Receiving Blankets,PC040100,VERDADEIRO,VERDADEIRO
PF052098,Beverage / Nutrition Label / Non Carbonated / Fruit Juice = 50.01% to 69.99% / Ready to Drink (RTD),PF050200,VERDADEIRO,VERDADEIRO
PF052106,Beverage / Nutrition Label / Carbonated / Fruit Juice = 50.01% to 99.99% / Ready to Drink (RTD),PF050100,VERDADEIRO,VERDADEIRO
PF051970,Beverage / Nutrition Label / Tea & Coffee / Sweetened / Carbonated / Ready to Drink (RTD),PF050100,VERDADEIRO,VERDADEIRO
PF040724,MD State Flag,PF040000,VERDADEIRO,VERDADEIRO
PA020665,Flower Seeds,PA020200,VERDADEIRO,VERDADEIRO
PA020668,Dual-Purpose Fertilizer: Non-Food Producing Plants: Fertilizer w/ Insecticide or Herbicide,PA020200,VERDADEIRO,VERDADEIRO
PC041210,Gloves:  Work / Chore / Garden / Jersey,PC040100,VERDADEIRO,VERDADEIRO
PF052154,Beverage / Nutrition Label / Non Carbonated / Vegetable Juice = 25% to 50.00% / Ready to Drink (RTD),PF050200,VERDADEIRO,VERDADEIRO
PF051450,Food / Craisins / Or Dried Cranberries with Added Sugar,PF050300,VERDADEIRO,VERDADEIRO
PF051458,Trail Mix That Contains Sweetened Cranberries ,PF050318,VERDADEIRO,VERDADEIRO
PF040723,CT State Flag,PF040000,VERDADEIRO,VERDADEIRO
PF050083,Food & Food Ingredients - Food Items used in brewing or making alcoholic beverages,PF050000,VERDADEIRO,VERDADEIRO
PF050084,Food & Food Ingredients - Appetizers (Basic Foodstuffs),PF050000,VERDADEIRO,VERDADEIRO
PF051826,Cocktail Rimmers: Products Only Used In Making A Cocktail Beverage /  Stirrings Rimmer / Margarita Salt,PF050200,VERDADEIRO,VERDADEIRO
DM010100,Digital Magazines (Digital Version Identical to Printed Version for non-business use),D0000000,FALSO,VERDADEIRO
PF051571,"Sweetened Granola Bars (Grains/Nuts First Ingred) Does NOT contain Flour / Fruit Snacks, Fruit Roll Ups W ADDED SWEETENERS, Jello Bites, Pudding Bites, Yogos / Individ Sized Portion / = 2.499 Ounces Or Less / Or Labeled As Single Serving Or Size Unknown",PF051570,VERDADEIRO,VERDADEIRO
PF0F0215,Food / Bars / Nutrition Label / Contain Flour / Product Makes A Claim / Individual Sized Portion / Equal To  2.499 Ounces Or Less / Or Is Labeled As A Single Serving /  Or Size Is Unknown,PF050672,VERDADEIRO,VERDADEIRO
PF050236,Food / Trail Mix / Contains Flour / Contains a Confection Item (Candy / Caramel Popcorn / Confection Nuts or Fruits),PF050300,VERDADEIRO,VERDADEIRO
PF051971,Beverage / Nutrition Label / Carbonated / Tea / Unsweetened / Ready to Drink (RTD),PF050100,VERDADEIRO,VERDADEIRO
PF052147,Beverage / Nutrition Label / Frozen or Liquid Concentrate / Fruit Juice = 100%,PF050200,VERDADEIRO,VERDADEIRO
PF050237,Food / Trail Mix / Contains Flour / Contains a Confection Item (Candy / Caramel Popcorn / Confection Nuts or Fruits) / Individual Sized Portion,PF050300,VERDADEIRO,VERDADEIRO
PC100000,Collectible Coins,P0000000,VERDADEIRO,VERDADEIRO
PC030158,Clothing & related products (B2B) - Protective Footwear,PC030000,VERDADEIRO,VERDADEIRO
PF050107,Food and Food ingredients - Fruit Snacks (1st ingredient is fruit or fruit puree),PF050300,VERDADEIRO,VERDADEIRO
PF050904,"Food And Food Ingredients-snacks (non-candy, no eating utensils) Ice cream =/< half a pint",PF050900,VERDADEIRO,VERDADEIRO
PC031114,Receiving Blankets,PC030100,VERDADEIRO,VERDADEIRO
PF052114,Beverage / Nutrition Label / Non Carbonated / Fruit Juice = 70% to 99.99% / Ready to Drink (RTD),PF050200,VERDADEIRO,VERDADEIRO
PF040726,FL State Flag,PF040000,VERDADEIRO,VERDADEIRO
PA029612,Fertilizer: Non-Food Producing Plants: Includes:  Manure / Compost / Scotts / Lime,PA020200,VERDADEIRO,VERDADEIRO
PF052162,Beverage / Nutrition Label / Non Carbonated / Liquid Concentrate / Vegetable Juice = 25% to 50.00%,PF050200,VERDADEIRO,VERDADEIRO
PF050085,Food & Food Ingredients - Appetizers (Flour or Egg-Based Items),PF050000,VERDADEIRO,VERDADEIRO
PF051834,Beverage / Non-Alcoholic Beers / Non-Alcoholic Wines With A Juice Content Of 0-50%  (Non-Alcoholic Is Less Than 1/2 Of 1% Or 0.5% ABV),PF050096,VERDADEIRO,VERDADEIRO
PC040168,Clothing And Related Products (Business-To-Customer) - Aqua Shoes,PC040100,VERDADEIRO,VERDADEIRO
PF050323,"Candy, caramel, chocolate, glazed, honey, or yogurt coated granola bars / Individual Sized Portion / Equal To  2.499 Ounces Or Less / Or Is Labeled As A Single Serving /  Or Size Is Unknown",PF050303,VERDADEIRO,VERDADEIRO
PF051459,Trail Mix That Contains Sweetened Cranberries / Individual Sized Portion / Equal To 2.499 Ounces Or Less / Or Is Labeled As A Single Serving / Or Size Is Unknown,PF051458,VERDADEIRO,VERDADEIRO
PF051977,Beverage / Nutrition Label / Tea / Sweetened / Liquid Concentrate Only,PF050200,VERDADEIRO,VERDADEIRO
PF050108,"Food & Food Ingredients - Prepackaged, ready-to-eat dips",PF050300,VERDADEIRO,VERDADEIRO
PF050905,Food and Food Ingredients - Empty Ice Cream Cones; not ice cream novelties,PF050300,VERDADEIRO,VERDADEIRO
PF051474,Candy And Yogurt Covered Granola Bars That Contain Flour (The First Ingredient Is NOT Granola),PF050300,VERDADEIRO,VERDADEIRO
PC041226,Hair Bows - Fabric,PC040200,VERDADEIRO,VERDADEIRO
PF051978,Beverage / Supplement Label / Tea / Sweetened & Unsweetened / Non Carbonated / Ready to Drink (RTD),PF050200,VERDADEIRO,VERDADEIRO
PA029613,Peat Moss / Peat Pots,PA020200,VERDADEIRO,VERDADEIRO
PF052122,Beverage / Nutrition Label / Powdered Drink Mix / Sweetened / Mix With Water:  No Tea,PF050200,VERDADEIRO,VERDADEIRO
PF050086,"Food & Food Ingredients - Appetizers (Sweets, Confectionery, Savory Snack Products)",PF050000,VERDADEIRO,VERDADEIRO
PC030168,Clothing And Related Products (Business-To-Business) - Aqua Shoes,PC030100,VERDADEIRO,VERDADEIRO
PF040727,US Flag Kit - Includes Cloth Car Flags,PF040000,VERDADEIRO,VERDADEIRO
PF052167,Beverage / Nutrition Label / Non Carbonated / Vegetable Juice = 0.1% to 9.99% / RTD,PF050200,VERDADEIRO,VERDADEIRO
PF050416,Popcorn or Candy in a Basket or Tin Wherein Exempt Item Items Constitute 90% to 100% of the Total Value of the Container,PF050400,VERDADEIRO,VERDADEIRO
PF050111,Food and Food ingredients - Ice Cream over 16 oz (1 pint),PF050300,VERDADEIRO,VERDADEIRO
PF050109,"Food & Food Ingredients - Fruit bars, granola bars, breakfast bars, contain flour, not candy-coated",PF050300,VERDADEIRO,VERDADEIRO
PF050908,Food & Food Ingredients - Single serving yogurts of 8oz or less,PF050900,VERDADEIRO,VERDADEIRO
PF051594,Cooking Wines / Cooking Sherry,PF050500,VERDADEIRO,VERDADEIRO
PF051490,Confection Popcorn That Contains Flour,PF050300,VERDADEIRO,VERDADEIRO
PF051338,"Cake Pop, Brownie Pop and Cookie Pop Kits with durable items",PF050500,VERDADEIRO,VERDADEIRO
PC031226,Hair Bows - Fabric,PC030200 ,VERDADEIRO,VERDADEIRO
PC031138,Belt Buckles And Belt Tips Without The Belt,PC030200 ,VERDADEIRO,VERDADEIRO
PC041138,Belt Buckles And Belt Tips Without The Belt,PC040200,VERDADEIRO,VERDADEIRO
PF051690,Ice Cream Novelties Packaged Equal to Or Greater Than A Pint (16 oz) AND 2 Count Or More (Includes Cups Of Ice Cream and Popsicles w/ Greater Than 50% Juice),PF050900,VERDADEIRO,VERDADEIRO
PF051986,Beverage / Nutrition Label / Carbonated / 0 - 50% Juice / Soda,PF050100,VERDADEIRO,VERDADEIRO
PF040728,NJ State Flag,PF040000,VERDADEIRO,VERDADEIRO
PF050612,Electrolyte Products: Ready to Drink (RTD) / Pediatric Products Only,PF050600,VERDADEIRO,VERDADEIRO
PC041234,Hair Net / Slumber Caps,PC040200,VERDADEIRO,VERDADEIRO
PA029614,All Other Seeds Including Grass Seeds  (Does Not Include Bird Seed),PA020200,VERDADEIRO,VERDADEIRO
PA020003,Fertilizer: Food Producing Plants  / Plant Food For Food Producing Plants / Root Tone,PA020200,VERDADEIRO,VERDADEIRO
PF052130,Beverage / Nutrition Label / Powdered Drink Mix / Unsweetened / Mix With Water:  No Tea / May Also Be An Unsweetened Concentrate,PF050200,VERDADEIRO,VERDADEIRO
PF050087,Food & Food Ingredients - Canned Food,PF050000,VERDADEIRO,VERDADEIRO
PF050089,Food & Food Ingredients - Hams and Iberian cold meats,PF050000,VERDADEIRO,VERDADEIRO
PF051850,Beverage / Nutritional Label / Powder / Contains Milk or Milk Derivatives (including Whey Protein Isolate) / Or is Mixed With Milk,PF050200,VERDADEIRO,VERDADEIRO
PF051858,Beverage / Nutrition Label / Carbonated / Contains Milk / RTD,PF050100,VERDADEIRO,VERDADEIRO
PF051475,Candy And Yogurt Covered Granola Bars That Contain Flour (The First Ingredient Is NOT Granola) /Individual Sized Portion / Equal To 2.499 Ounces Or Less / Or Is Labeled As A Single Serving / Or Size Is Unknown,PF051474,VERDADEIRO,VERDADEIRO
PF052169,Beverage / Nutrition Label / Non Carbonated / Frozen Concentrate / Vegetable Juice = 25% to 50.00% ,PF050200,VERDADEIRO,VERDADEIRO
PF052168,Beverage / Nutrition Label / Non Carbonated / Vegetable Juice = 10% to 24.99% / RTD,PF050200,VERDADEIRO,VERDADEIRO
PF050417,Popcorn or Candy in a Basket or Tin Wherein Exempt Item Items Constitute 51% to 89% of the Total Value of the Container,PF050400,VERDADEIRO,VERDADEIRO
PF052131,Beverage / Nutrition Label / Hot cocoa mixes,PF050210,VERDADEIRO,VERDADEIRO
PF050113,Food & Food Ingredients - Confectionery spreads and dessert sauces,PF050300,VERDADEIRO,VERDADEIRO
PA200522,Containers,PA200000,VERDADEIRO,VERDADEIRO
PA200546,Mirrors,PA200000,VERDADEIRO,VERDADEIRO
PF050613,Electrolyte Products: Powders or Concentrates / Pediatric Products Only,PF050600,VERDADEIRO,VERDADEIRO
PF051498,Candy With an Item of Nominal Value - Candy Must be the Predominant Value,PF050400,VERDADEIRO,VERDADEIRO
PF040730,PA State Flag,PF040000,VERDADEIRO,VERDADEIRO
PF051506,Trail Mixes That Contain a Confection and NO FLOUR  (Candy / Caramel Popcorn / Confection Nuts or Fruits),PF050318,VERDADEIRO,VERDADEIRO
PF050654,Stimulants (Caffeine) - SNAP Ineligible,PF050700,VERDADEIRO,VERDADEIRO
PF051354,Food Dyes And Coloring,PF050500,VERDADEIRO,VERDADEIRO
PC031234,Hair Net / Slumber Caps,PC030200 ,VERDADEIRO,VERDADEIRO
PF051698,Ice Cream Novelties Packaged Equal to Or Greater Than A Pint (16 oz) AND 1 Count (Includes Cups Of Ice Cream and Popsicles w/ Greater Than 50% Juice),PF050900,VERDADEIRO,VERDADEIRO
PF051706,Ice Cream Novelties Packaged Less Than A Pint (16 oz) AND 2 Count Or More (Includes Cups Of Ice Cream and Popsicles w/ Greater Than 50% Juice),PF050900,VERDADEIRO,VERDADEIRO
PF052002,Beverage / Supplement Label / Non Carbonated / Contains Some Juice / Ready to Drink (RTD),PF050200,VERDADEIRO,VERDADEIRO
PF052170,Beverage / Nutrition Label / Non Carbonated / Vegetable Juice = 50.01% to 69.99% / Ready to Drink (RTD),PF050200,VERDADEIRO,VERDADEIRO
PF040731,RI State Flag,PF040000,VERDADEIRO,VERDADEIRO
PC031242,Shower Caps,PC030200 ,VERDADEIRO,VERDADEIRO
PF052018,Beverage / Nutrition Label / Liquid Concentrate / Sweetened / Fruit Juice = 0%:,PF050200,VERDADEIRO,VERDADEIRO
PF052178,Beverage / Nutrition Label / Non Carbonated / Vegetable Juice = 70% to 99.99% / Ready to Drink (RTD),PF050200,VERDADEIRO,VERDADEIRO
PC041242,Shower Caps,PC040200,VERDADEIRO,VERDADEIRO
PF050064,BBQ Sunflower Seeds,PF050800,VERDADEIRO,VERDADEIRO
PF050062,"Unsweetened baking chocolate in bars, drops, or pieces",PF050300,VERDADEIRO,VERDADEIRO
PF050091,Food & Food Ingredients - Jam/Jelly,PF050000,VERDADEIRO,VERDADEIRO
PF050117,Food & Food Ingredients - Chocolate a la taza and chocolate familiar a la taza,PF050300,VERDADEIRO,VERDADEIRO
PC040065,Clothing & related products - Mouth Guard - Customized,PC040400,VERDADEIRO,VERDADEIRO
PF051866,"Beverage / Nutrition Label / Non Carbonated / Contains Milk, Soy, Whey or Rice / Juice Content 25% - 50% / RTD",PF050200,VERDADEIRO,VERDADEIRO
PF051874,"Beverage / Nutrition Label / Non Carbonated / Milk is not the primary ingredient / Contains soy, whey, or rice and a juice content of 0% - 24.99% / RTD",PF050200,VERDADEIRO,VERDADEIRO
PF170000,Beverage Ingredients / Food Grade Carbon Dioxide / Soda Stream Refills,P0000000,VERDADEIRO,VERDADEIRO
PF052132,Beverage / Nutrition Label / Beverage powders with milk and coffee,PF050210,VERDADEIRO,VERDADEIRO
PF052133,Beverage / Nutrition Label / Nesquik and Ovaltine milk flavoring powders,PF050210,VERDADEIRO,VERDADEIRO
PF052138,Beverage / Nutrition Label / TANG Powdered Drink Mix / Sweetened / Mix With Water,PF050200,VERDADEIRO,VERDADEIRO
PF052210,Beverage / Water / Nutrition Label / Artificially Carbonated / Sweetened / Flavored,PF050100,VERDADEIRO,VERDADEIRO
PF050655,Water Pills Containing Pama Brom,PF050700,VERDADEIRO,VERDADEIRO
PF051370,Candy / Does Not Contain Flour / Contains Alcohol,,VERDADEIRO,VERDADEIRO
PC031034,Athletic Supporters With A Cup,PC030400,VERDADEIRO,VERDADEIRO
PF051714,Ice Cream Novelties Packaged Less Than A Pint (16 oz) AND 1 Count (Includes Cups Of Ice Cream and Popsicles w/ Greater Than 50% Juice),PF050900,VERDADEIRO,VERDADEIRO
PF040732,WI State Flag,PF040000,VERDADEIRO,VERDADEIRO
PF050067,Food & Food Ingredients - Ice cream - containers less than 200 ml (approximately 0.42 pint),PF050900,VERDADEIRO,VERDADEIRO
PF050118,Food & Food Ingredients - Coated Granola cereal,PF050300,VERDADEIRO,VERDADEIRO
PF051882,"Beverage/Nutrition Label/Non Carbonated/Contains Milk, Soy, Whey or Rice, juice content of 0% - 24% / RTD Non-body builder, non-athlete product. Added protein, designed to remedy a dietary deficiency",PF050200,VERDADEIRO,VERDADEIRO
PF051507,Food / Trail Mix / Does Not Contain Any Flour / Contains a Confection Item (Candy / Caramel Popcorn / Confection Nuts or Fruits) / Individual Sized Portion / Equal To  2.499 Ounces Or Less ,PF051506,VERDADEIRO,VERDADEIRO
PF052025,Beverage / Nutrition Label / Non Carbonated / Sweetened / Fruit Juice = 0% / Ready-to-Drink,PF050200,VERDADEIRO,VERDADEIRO
PF052234,Beverage / Water / Supplement Label / Non Carbonated / Sweetened / Flavored / No Juice,PF050200,VERDADEIRO,VERDADEIRO
PF051514,Food / Candy / Twix / Full Size Bars / Family Pack / 10 count,PF050309,VERDADEIRO,VERDADEIRO
PF051378,Food / Dried Fruit / Sweetened,PF050300,VERDADEIRO,VERDADEIRO
PC041034,Athletic Supporters With A Cup,PC040400,VERDADEIRO,VERDADEIRO
PF050667,Food With A Supplement Label / Items With A Supp Label But Could Commonly Be Thought of As Food / Flax Seed Oil,PF050600,VERDADEIRO,VERDADEIRO
PB100817,Comic Books,PB100000,VERDADEIRO,VERDADEIRO
PF051722,Popsicles And Italian Ices (Containing Less Than or Equal to 50% Juice) Packaged Equal To Or Greater Than A Pint (16 oz),PF050900,VERDADEIRO,VERDADEIRO
PF052026,Beverage / Nutrition Label / Non Carbonated / Fruit Juice = 0.1% to 9.99% / Ready to Drink (RTD),PF050200,VERDADEIRO,VERDADEIRO
PF040733,WV State Flag,PF040000,VERDADEIRO,VERDADEIRO
PF050094,"Food & Food Ingredients - Ready Meals (Sweets, Confectionery, Savory Snack Products)",PF050000,VERDADEIRO,VERDADEIRO
PF050119,Food & Food Ingredients - Coated Granola cereal bars (not flour-based),PF050300,VERDADEIRO,VERDADEIRO
PF051890,"Beverage/Nutrition Label/Non Carbonated/Contains Milk, Soy, Whey or Rice  and a juice content of 70-99%/RTD: Non-body builder, non-athlete products. Have added protein or claims of lots of protein and are designed to remedy a dietary deficiency",PF050200,VERDADEIRO,VERDADEIRO
PF052139,Beverage / Nutrition Label / Powdered Drink Mix / Sweetened / Intended to Be Mixed With Milk,PF050200,VERDADEIRO,VERDADEIRO
PB040000,"Bicycles, tricycles, motorcycles and similar equipment, and parts",P0000000,VERDADEIRO,FALSO
INTERNAL,AvaLocal Tax Rule Sync,,FALSO,FALSO
PB500000,Checkout Bag (any material),P0000000,VERDADEIRO,VERDADEIRO
PB500001,Checkout Bag (any material; for use by retailers not passing a Bag Tax on to customers when wholesaler already collected the Bag Tax; *See Additional Code Description),PB500000,VERDADEIRO,VERDADEIRO
PB500100,Checkout Bag (paper),PB500000,VERDADEIRO,VERDADEIRO
PB500101,Checkout Bag (paper; max. capacity 8# (approx. 5.2L); contains min. 20% postconsumer material; is compostable and recyclable; label shows percentage of recycled content),PB500100,VERDADEIRO,VERDADEIRO
PB500102,"Checkout Bag (paper; min. capacity 1/8th barrel (approx. 14.5L); contains min. 40% postconsumer material and no old growth fiber; is compostable and recyclable; label shows Recyclable, % of recycled content, name and location of manufacturer)",PB500100,VERDADEIRO,VERDADEIRO
PB500200,Checkout Bag (plastic),PB500000,VERDADEIRO,VERDADEIRO
PB500201,Checkout Bag (plastic; min. 4 mils thick; for long-term re-use),PB500200,VERDADEIRO,VERDADEIRO
PB500202,"Checkout Bag (plastic; min. 2.25 mils thick; for long-term re-use; min. capacity 15L; washable/disinfectable; label shows name and location of manufacturer, true statement that bag contains no heavy metals, percentage of postconsumer material, if any)",PB500200,VERDADEIRO,VERDADEIRO
PB500300,Checkout Bag (cloth),PB500000,VERDADEIRO,VERDADEIRO
PB500301,"Checkout Bag (cloth; for long-term re-use; min. capacity 15L; washable/disinfectable; label shows name and location of manufacturer, true statement that bag contains no heavy metals, percentage of postconsumer material, if any)",PB500300,VERDADEIRO,VERDADEIRO
SL090000,Lodging Parent Tax Code,,FALSO,FALSO
SL090100,Room or unit accommodation services for visitors: Commercial Lodging,55197,FALSO,FALSO
PR061200,Golf Cart Rental,PR060000,VERDADEIRO,VERDADEIRO
PH405210,Lotion - non-medicated,1140,VERDADEIRO,VERDADEIRO
PH050529,Hair Extensions,PH050500,VERDADEIRO,VERDADEIRO
PL018834,Labels & Price Tags not Attached to Merchandise,P0000000,VERDADEIRO,VERDADEIRO
PH400906,Exfoliation Tools,1140,VERDADEIRO,VERDADEIRO
PT118906,Tools,P0000000,VERDADEIRO,VERDADEIRO
PI040578,Non-Medicated Baby Powder,PI040000,VERDADEIRO,VERDADEIRO
PH400970,Lip Balm (Without Sunscreen),1140,VERDADEIRO,VERDADEIRO
PH400778,Dental Hygiene Products: Breath Spray,0900,VERDADEIRO,VERDADEIRO
PF232402,Fixtures,P0000000,VERDADEIRO,VERDADEIRO
PF050069,"Food & Food Ingredients -Potato snacks, unshelled roasted and/or salted nuts, and similar products",PF050900,VERDADEIRO,VERDADEIRO
PC040501,Clothing And Related Products (Business-To-Customer) - Children's Clothing (below age 11),PC040500,VERDADEIRO,VERDADEIRO
PH101013,Manual Can Openers,PH100000,VERDADEIRO,VERDADEIRO
PH403683,Equipment:  Humidifier / Dehumidifier,0750,VERDADEIRO,VERDADEIRO
PR082546,Rental or Lease / $1 Option Buyout Lease / Tangible Personal Property,,VERDADEIRO,VERDADEIRO
PG068810,Glassware,P0000000,VERDADEIRO,VERDADEIRO
PM008826,Heavy Equipment Parts and Accessories,P0000000,VERDADEIRO,VERDADEIRO
PH050530,Miscellaneous Beauty Aids,PH050500,VERDADEIRO,VERDADEIRO
PH400922,Foot Care Supplies - Non-Medicated,1140,VERDADEIRO,VERDADEIRO
PI040594,Baby Oil,PI040000,VERDADEIRO,VERDADEIRO
PH400787,Dental Hygiene Products: Antiseptic Mouth Wash,0900,VERDADEIRO,VERDADEIRO
PW032474,Window treatments - Ready made,P0000000,VERDADEIRO,VERDADEIRO
PF050081,Food & Food Ingredients - Yogurt,PF050000,VERDADEIRO,VERDADEIRO
PC040502,Clothing And Related Products (Business-To-Customer) - Children's Clothing (ages 11 - 14),PC040500,VERDADEIRO,VERDADEIRO
PH101014,Fire Extinguisher,PH100000,VERDADEIRO,VERDADEIRO
PH400986,Lotions - Non-Medicated (With Sunscreen),1140,VERDADEIRO,VERDADEIRO
S0557082,Specifically Taxed Services,S0000000,FALSO,VERDADEIRO
PH403684,Equipment:  Humidifier / Dehumidifier Replacement Parts,0750,VERDADEIRO,VERDADEIRO
PR082626,Rental or Lease / Capital Lease (Financing Lease) / Tangible Personal Property,,VERDADEIRO,VERDADEIRO
PH050531,Nail Products & Accessories,PH050500,VERDADEIRO,VERDADEIRO
PH400930,Fragrance,1140,VERDADEIRO,VERDADEIRO
PH403010,Hospital Furniture,0110,VERDADEIRO,VERDADEIRO
PH400788,Dental Hygiene Products: Non-Medicated Mouth Rinse,0900,VERDADEIRO,VERDADEIRO
PM030812,Magazines Published 2 or 3 Times a Year,PM030000,VERDADEIRO,VERDADEIRO
PF050088,Food & Food Ingredients - Cheeses and Foie,PF050000,VERDADEIRO,VERDADEIRO
PC040503,Clothing And Related Products (Business-To-Customer) - Children's Footwear (below age 11),PC040500,VERDADEIRO,VERDADEIRO
PH101015,Power Inverters & Interverter Power Cables,PH100000,VERDADEIRO,VERDADEIRO
PH405324,Non-Sterile Cotton,1150,VERDADEIRO,VERDADEIRO
PM062306,Maps,P0000000,VERDADEIRO,VERDADEIRO
PH400994,Lotions - Non-Medicated (Without Sunscreen),1140,VERDADEIRO,VERDADEIRO
PH403699,Breast Feeding:  Breast Milk Storage Bags / Breast Cream (Lanolin) / Softcup Feeders / Finger Feeders / Haberman Feeders / Supplemental Nursing Systems / Periodontal Syringes,0760,VERDADEIRO,VERDADEIRO
PH404228,Medical Supplies - General: Condoms (Includes Flavored BUT NOT Edible) and Female Barriers Without Spermicide,0810,VERDADEIRO,VERDADEIRO
PH000802,Toothbrushes & Floss,PH050500,VERDADEIRO,VERDADEIRO
PH405338,Batteries - non hearing aid,1210,VERDADEIRO,VERDADEIRO
PH400938,Hair Removal Products,1140,VERDADEIRO,VERDADEIRO
PI041074,Crib Blankets,PI040000,VERDADEIRO,VERDADEIRO
PF050673,Nutrition Bars: Nutrition Label / SNAP Eligible / DO NOT Contain FLOUR,PF050719,VERDADEIRO,VERDADEIRO
PA020738,"Food for farm animals, wild animals, or game",PA020100,VERDADEIRO,VERDADEIRO
PS081250,Sewing Supplies (Non-Commercial Use) - Sewing Supplies (Non-Commercial Use) - Clothing Dye,PS080100,VERDADEIRO,VERDADEIRO
SF072442,Furniture Repair - Upholstery - Fabrication and materials from upholsterer,SF070200,FALSO,VERDADEIRO
PH400789,Dental Hygiene Products: Mouth Wash w/ Drug Facts Panel,0900,VERDADEIRO,VERDADEIRO
PH101016,Ratchet Straps,PH100000,VERDADEIRO,VERDADEIRO
PH050533,Toothpaste Bearing a Drug Facts Panel,PH050000,VERDADEIRO,VERDADEIRO
SP106394,Publishing/Printing - Copying Services,SP100000,FALSO,VERDADEIRO
PH401002,Shampoos & Conditioners - Non-Medicated,1140,VERDADEIRO,VERDADEIRO
PS081266,Sewing Supplies (Non-Commercial Use) - Decorative Patches / Iron On Transfers / Girl And Boy Scout Patches,P0000000,VERDADEIRO,VERDADEIRO
PH403706,Camera and accessories,0760,VERDADEIRO,VERDADEIRO
PH405354,Bulbs - replacement light,1210,VERDADEIRO,VERDADEIRO
PH400946,Hair Spray & Hair Gels,1140,VERDADEIRO,VERDADEIRO
PC078954,Computer Hardware (B2B) - IT Equipment - Servers,PC070000,VERDADEIRO,VERDADEIRO
PH060754,Candles and Candle Accessories,PH060000,VERDADEIRO,VERDADEIRO
PP050736,Pet Supplies - Domestic pet - Pet Supplements,PP050100,VERDADEIRO,VERDADEIRO
PH050461,Sunglasses without prescription,PH050400,VERDADEIRO,VERDADEIRO
PH101017,Smoke Dectectors,PH100000,VERDADEIRO,VERDADEIRO
PH400954,Hair Treatment Products - Non Medicated,1140,VERDADEIRO,VERDADEIRO
PH401010,Skin Care Kits,1140,VERDADEIRO,VERDADEIRO
PH060762,Home Fragrance,PH060000,VERDADEIRO,VERDADEIRO
PH400834,Bath Products,1140,VERDADEIRO,VERDADEIRO
PP050737,Pet Supplies - Domestic pet - Flea And Tick Treatments For Pets,PP050100,VERDADEIRO,VERDADEIRO
PS101298,Shoe Polish / Shoe Wax / Shoe Paste / Mink Oil ,PS100000,VERDADEIRO,VERDADEIRO
PH050463,Sunglass Frames without prescription.,PH050400,VERDADEIRO,VERDADEIRO
PH101018,Water Storage Containers,PH100000,VERDADEIRO,VERDADEIRO
PH060770,Towels,PH060000,VERDADEIRO,VERDADEIRO
PH400842,Blotting Paper,1140,VERDADEIRO,VERDADEIRO
PH108866,Power Generator,PH100000,VERDADEIRO,VERDADEIRO
PS118898,Store Signs not Attached to Realty,PS110000,VERDADEIRO,VERDADEIRO
PF052202,Beverage / Water / Nutrition Label / Artificially Carbonated / Unsweetened / Flavored,PF050100,VERDADEIRO,VERDADEIRO
PC088954,Computer Hardware (B2C) - IT Equipment - Servers,PC080000,VERDADEIRO,VERDADEIRO
PP051195,Pet Supplies - Domestic pet - Pet Food:  Includes: Snacks / Treats,PP050100,VERDADEIRO,VERDADEIRO
PH401018,Sunscreen with less than SPF 8,1140,VERDADEIRO,VERDADEIRO
PH400955,Dandruff Preparations And Shampoos,1140,VERDADEIRO,VERDADEIRO
PH050465,Package - Non-Rx Lens package ,PH050400,VERDADEIRO,VERDADEIRO
PH403915,Home Care: Utensils / Shampoo Basins and Bathtubs / Zipper Pulls / Shoe Horns / Sock Pulls / Miscellaneous Items / Other,0760,VERDADEIRO,VERDADEIRO
PH050526,Eyelashes,PH050500,VERDADEIRO,VERDADEIRO
PH400882,Cosmetics - Non-Medicated (With Sunscreen),1140,VERDADEIRO,VERDADEIRO
PP198874,Promotional Merchandise,P0000000,VERDADEIRO,VERDADEIRO
PH400958,Lice Treatment: Combination Products With Treatments and Combs / Lice Combs Only / Lice Bedding & Furniture Sprays,1140,VERDADEIRO,VERDADEIRO
PH401019,Sun Blocks And Sun Screens,1140,VERDADEIRO,VERDADEIRO
PH060771,"Bedding, Blankets, Bath Rugs/Mats, Pillows, Shower Curtains",PH060000,VERDADEIRO,VERDADEIRO
PH405010,Cushions,1000,VERDADEIRO,VERDADEIRO
PH050527,General Cosmetic Tools,PH050500,VERDADEIRO,VERDADEIRO
PH400962,Lip Balm (With Sunscreen),1140,VERDADEIRO,VERDADEIRO
PH400653,Contact Lens Rewetting Solutions / Contact Lens Lubricants,0390,VERDADEIRO,VERDADEIRO
PH400898,Deodorants,0900,VERDADEIRO,VERDADEIRO
PF220744,Fireworks Excluding Sparklers and Novelties,PF220000,VERDADEIRO,VERDADEIRO
PH401021,Non-Medicated Cosmetic Feminine Hygiene Items / Feminine Wipes,1140,VERDADEIRO,VERDADEIRO
PF012394,Fabric Non-Commercial - Fabric (non-clothes use),PF010200,VERDADEIRO,VERDADEIRO
PH101011,Duct Tape,PH100000,VERDADEIRO,VERDADEIRO
PR060298,Rental or Lease / Operating Lease / Backhoe Without an Operator / 30 Days or Less,,VERDADEIRO,VERDADEIRO
PH050528,Hair Dye Products,PH050500,VERDADEIRO,VERDADEIRO
PH400899,Antiperspirants,0900,VERDADEIRO,VERDADEIRO
PC031210,Gloves:  Work / Chore / Garden / Jersey,PC030100,VERDADEIRO,VERDADEIRO
PF220745,Fireworks: Sparklers and Novelties (Party Poppers / Ammo for Cap Gun),PF220000,VERDADEIRO,VERDADEIRO
PH400963,Non-Medicated Lip Balms / Contains Sunscreen - Less Than 2 SPF / Drug Facts Panel,1140,VERDADEIRO,VERDADEIRO
PH101012,Bungee Cords & Rope,PH100000,VERDADEIRO,VERDADEIRO
PP050100,Pet and Pet Supplies,P0000000,VERDADEIRO,FALSO
SM076818,Moving Services,S0000000,FALSO,VERDADEIRO
PH050111,Health Care Products - Medical oxygen for animal use without a prescription,PP052400,VERDADEIRO,VERDADEIRO
SA040000,Pet Services,S0000000,FALSO,FALSO
SP156226,Project Management Services,SP150000,FALSO,VERDADEIRO
PH050112,Health Care Products - Medical oxygen for animal use with a prescription,PP052400,VERDADEIRO,VERDADEIRO
PP030300,Paper Products For Commercial Use,P0000000,VERDADEIRO,VERDADEIRO
OA029338,Admissions - Participatory Sports or Games,OA020000,FALSO,VERDADEIRO
ON030000,Non-Taxable Transaction,O0000000,FALSO,VERDADEIRO
OC040100,Convenience Fee Associated with the Sale of Green Fees for Municipally Owned Golf Course,OC040000,FALSO,VERDADEIRO
OC040200,Convenience Fee Associated with the Sale of Green Fees for Privately Owned Golf Course,OC040000,FALSO,VERDADEIRO
PM020700,Manufacturing Machinery,P0000000,VERDADEIRO,VERDADEIRO
PF050131,Food and Food ingredients - Ice Cream / Packaged / 500g (17.34z) or 500ml (16.9 fl oz) or more,PF050300,VERDADEIRO,FALSO
PF050228,"Beverage / Nutrition Label / Beverages (milks) made from non-animal sources, such as soy, rice, or almond milk / 600ml (20.288 fl oz) or more",PF050210,VERDADEIRO,FALSO
PF050241,Food And Food Ingredients-beverages (non-carbonated beverages)-100% juice content / 600ml (20.288 fl oz) or more,PF050200,VERDADEIRO,FALSO
PF051691,Ice Cream Novelties Packaged (Not Water Based Novelties) / Packaged / 500g (17.64z) or 500ml (16.9 fl oz) or more,PF050900,VERDADEIRO,FALSO
PF051795,Non-Alcoholic Cocktail Mixes: 25 - 50% Juice / 600ml (20.288 fl oz) or more,PF050200,VERDADEIRO,FALSO
PF051867,"Beverage / Nutrition Label / Non Carbonated / Contains Milk, Soy, Whey or Rice / Juice Content 25% - 50% / RTD / 600ml (20.288 fl oz) or more",PF050200,VERDADEIRO,FALSO
PF051907,Beverage / Nutrition Label / Coffee / Contains Milk / Ready to Drink (RTD) / 600ml (20.288 fl oz) or more,PF050200,VERDADEIRO,FALSO
PF052083,Beverage / Nutrition Label / Non Carbonated / Fruit Juice = 25% to 50% / Ready to Drink (RTD) / 600ml (20.288 fl oz) or more,PF050200,VERDADEIRO,FALSO
PF052115,Beverage / Nutrition Label / Non Carbonated / Fruit Juice = 70% to 99.99% / Ready to Drink (RTD) / 600ml (20.288 fl oz) or more,PF050200,VERDADEIRO,FALSO
PF052156,Beverage / Nutrition Label / Non Carbonated / Vegetable Juice = 100% / Ready to Drink (RTD) / 600ml (20.288 fl oz) or more,PF050200,VERDADEIRO,FALSO
PF052179,Beverage / Nutrition Label / Non Carbonated / Vegetable Juice = 70% to 99.99% / Ready to Drink (RTD) / 600ml (20.288 fl oz) or more,PF050200,VERDADEIRO,FALSO
PF052188,Beverage / Nutrition Label / Non Carbonated / Vegetable Juice = 10% to 24.99% / RTD / 600ml (20.288 fl oz) or more,PF050200,VERDADEIRO,FALSO
PH101150,Hatchets and Axes,PH100000,VERDADEIRO,VERDADEIRO
PM020704,Repair or Replacement Parts for Manufacturing Machinery,P0000000,VERDADEIRO,VERDADEIRO
OD020320,Dues/Membership - with No Transfer of TPP (Retail Shopping Club),O0000000,FALSO,VERDADEIRO
PF050136,"Food & Food Ingredients - Prepackaged, ready-to-eat, puddings and gelatin in multipacks or containers 425g (15z) or more",PF050300,VERDADEIRO,FALSO
PF050229,Beverage / Unflavored Milk from animal source / Less than 600ml (20.288 fl oz),PF050210,VERDADEIRO,FALSO
PF050240,"Food And Food Ingredients-beverages (non-carbonated beverages)-Tea (liquid, unsweetened) / 600ml (20.288 fl oz) or more",PF050200,VERDADEIRO,FALSO
PF050244,Food And Food Ingredients-beverages (non-carbonated beverages)-Water (plain bottled) / 600ml (20.288 fl oz) or more,PF050200,VERDADEIRO,FALSO
PF051787,Non-Alcoholic Cocktail Mixes: Containing 100% Juice / 600ml (20.288 fl oz) or more,PF050200,VERDADEIRO,FALSO
PF051803,Non-Alcoholic Cocktail Mixes: Containing  51-99% Juice - Most Bloody Mary Mixes / 600ml (20.288 fl oz) or more,PF050200,VERDADEIRO,FALSO
PF051891,"Beverage/Nutrition Label/Non Carbonated/Contains Milk, Soy, Whey or Rice  and a juice content of 70-99%/RTD / 600ml (20.288 fl oz) or more",PF050200,VERDADEIRO,FALSO
PF051963,Beverage / Nutrition Label / Tea & Coffee / Sweetened / No Milk or Milk Derivatives / Ready to Drink (RTD) / 600ml (20.288 fl oz) or more,PF050200,VERDADEIRO,FALSO
PF052099,Beverage / Nutrition Label / Non Carbonated / Fruit Juice = 50.01% to 69.99% / Ready to Drink (RTD) / 600ml (20.288 fl oz) or more,PF050200,VERDADEIRO,FALSO
PF052155,Beverage / Nutrition Label / Non Carbonated / Vegetable Juice = 25% to 50.00% / Ready to Drink (RTD) / 600ml (20.288 fl oz) or more,PF050200,VERDADEIRO,FALSO
PF052171,Beverage / Nutrition Label / Non Carbonated / Vegetable Juice = 50.01% to 69.99% / Ready to Drink (RTD) / 600ml (20.288 fl oz) or more,PF050200,VERDADEIRO,FALSO
PF052187,Beverage / Nutrition Label / Non Carbonated / Vegetable Juice = 0.1% to 9.99% / RTD / 600ml (20.288 fl oz) or more,PF050200,VERDADEIRO,FALSO
PH403701,Breast Feeding: Breast Milk Storage Bags,PH050000,VERDADEIRO,FALSO
PB040100,Bicycle - Wheel diameter >14 inches - costing =>$200,PB040000,VERDADEIRO,VERDADEIRO
PB040101,Bicycle - Wheel diameter >14 inches - costing <$200,PB040000,VERDADEIRO,VERDADEIRO
PB040102,Bicycle - Wheel diameter <14 inches - costing =>$200,PB040000,VERDADEIRO,VERDADEIRO
PB040103,Bicycle - Wheel diameter <14 inches - costing <$200,PB040000,VERDADEIRO,VERDADEIRO
PS078938,Security Systems,PS070000,VERDADEIRO,VERDADEIRO
PF199609,Irish Peat Turf and Logs,PF190200,VERDADEIRO,VERDADEIRO
PF050002,Food And Food Ingredients - Food for Home Consumption or Basic Groceries,PF050000,VERDADEIRO,VERDADEIRO
PP052552,Pet - Prosthetic Devices - Dental prosthesis with a prescription,PP052550,VERDADEIRO,VERDADEIRO
PP051197,Pet Supplies - Pet Food with a prescription: Includes: Snacks / Treats,PP050100,VERDADEIRO,VERDADEIRO
PP052252,Pet - Orthopedic Supplies,PP052250,VERDADEIRO,VERDADEIRO
PP052352,Pet - Dental Hygiene Products - Toothbrushes,PP052350,VERDADEIRO,VERDADEIRO
PP052109,"Pet - Syringes - not used by a veterinary hospital, clinic or office",PP052100,VERDADEIRO,VERDADEIRO
PS081274,Sewing Thread / Carpet Thread,PS080100,VERDADEIRO,VERDADEIRO
PA020661,Bulbs Fruit And Vegetable (Onions /  Potatoes),PA020200,VERDADEIRO,VERDADEIRO
PF199610,Fire Wood And Kindling,PF190200,VERDADEIRO,VERDADEIRO
PF199611,Processed Logs And Starters (DuraFlame),PF190200,VERDADEIRO,VERDADEIRO
PP030001,Toilet Tissue / Toilet Wet Wipes / Moist Towelettes/ Incontinence Wipes / Baby Wet Wipes,PP030000,VERDADEIRO,VERDADEIRO
PF050227,"Beverage / Nutrition Label / Beverages (milks) made from non-animal sources, such as soy, rice, or almond milk",PF050210,VERDADEIRO,VERDADEIRO
PF050125,"Food and food ingredients - Prepackaged, ready-to-eat, puddings and gelatin specifically for babies",PF050000,VERDADEIRO,VERDADEIRO
PF050126,Food and food ingredients - Granola,PF050000,VERDADEIRO,VERDADEIRO
PC070110,"Laptop computers, Notebook computers, Tablet computers, Netbook computers, Notepads, Mini notebooks, Lapdocks, and Devices commonly called Ultra Mobile PCs (UMPC) that utilize touch-sensitive screens, and that can operate the same, sold to Business",PC070000,VERDADEIRO,VERDADEIRO
PB100500,Books/other media published and sold by a 501(c)(3) (US) or qualified charitable (non-US) organization for the purpose of furthering its own mission,P0000000,VERDADEIRO,VERDADEIRO
PP051200,"Pet Supplies - Pet Vitamins with a prescription in pill, softgel or tablet form",PP050100,VERDADEIRO,VERDADEIRO
PP052106,"Pet - Eye drops, without a prescription",PP052100,VERDADEIRO,VERDADEIRO
PP052301,Pet - Shampoo - Medicated - without a prescription,PP052300,VERDADEIRO,VERDADEIRO
PP052501,"Pet - Mobility enhancing equipment, for home use, without a prescription",PP052500,VERDADEIRO,VERDADEIRO
PP052603,Pet - Warming blanket usage fees - during and post surgery,PP052600,VERDADEIRO,VERDADEIRO
PP052111,Pet - Tape - adhesive,PP052100,VERDADEIRO,VERDADEIRO
PP052302,Pet - Shampoo - Medicated - with a prescription,PP052300,VERDADEIRO,VERDADEIRO
PP052451,Pet - Feeding tubes without a prescription,PP052450,VERDADEIRO,VERDADEIRO
PP051198,Pet Supplies - Pet Vitamins with a prescription: Includes: Snacks / Treats,PP050100,VERDADEIRO,VERDADEIRO
PP052112,Pet - Bandages - Gauze,PP052100,VERDADEIRO,VERDADEIRO
PP052303,"Pet - Lotions, creams and ointments - Medicated - without a prescription",PP052300,VERDADEIRO,VERDADEIRO
PP052452,Pet - Feeding tubes with a prescription,PP052450,VERDADEIRO,VERDADEIRO
PP052601,Pet - Facility fee charged for surgery,PP052600,VERDADEIRO,VERDADEIRO
PP051199,Pet Supplies - Pill pockets for home use,PP050100,VERDADEIRO,VERDADEIRO
PP052105,"Pet - Sharps disposal container, for home use",PP052100,VERDADEIRO,VERDADEIRO
PP052602,Pet - Medical equipment usage fees,PP052600,VERDADEIRO,VERDADEIRO
PR060260,"Rental / Leases of Tangible Personal Property Pursuant to a Rental-Purchase Agreement (Rent-to-Own) excluding  rentals of Audio Media, Audio Equipment or Furniture.  NOTE:  Use of this code will apply Chicago Personal Property Lease Transaction Tax.",PR060000,VERDADEIRO,FALSO
PP030771,Household Paper: Toilet Seat Covers / Freezer Wrap And Tape / Placemats / Tablecovers / Baking Cups / Bags / Dinnerware / Coffee Filters / Napkins / Facial Tissue / Towels / Waxed / Vacuum Bags,PP030000,VERDADEIRO,VERDADEIRO
PF199606,Charcoal,PF190200,VERDADEIRO,VERDADEIRO
PR097018,Safe Deposit Box Rentals,P0000000,VERDADEIRO,VERDADEIRO
PP051196,Pet Medications,PP050100,VERDADEIRO,VERDADEIRO
SC100603,"Computer Software Maintenance (prewritten software) - Mandatory Agreement - Separately Stated Charges - Updates in Tangible Form - Upgrades, Bug Fixes, etc.",SC100600,VERDADEIRO,VERDADEIRO
PC080110,"Laptop computers, Notebook computers, Tablet computers, Netbook computers, Notepads, Mini notebooks, Lapdocks, and Devices commonly called Ultra Mobile PCs (UMPC) that utilize touch-sensitive screens, and that can operate the same, sold to Consumer",PC080000,VERDADEIRO,VERDADEIRO
PC090200,Desktop Computer without a Display,P0000000,VERDADEIRO,VERDADEIRO
PP052151,Pet - Drug testing kits for home use,PP052150,VERDADEIRO,VERDADEIRO
PP052351,Pet - Dental Hygiene Products - Mouthwash,PP052350,VERDADEIRO,VERDADEIRO
PP052502,"Pet - Mobility enhancing equipment, for home use, with a prescription",PP052500,VERDADEIRO,VERDADEIRO
PP052108,Pet - Ear washes,PP052100,VERDADEIRO,VERDADEIRO
PP052101,Pet - Pill cutter,PP052100,VERDADEIRO,VERDADEIRO
PP052304,"Pet - Lotions, creams and ointments - Medicated - with a prescription",PP052300,VERDADEIRO,VERDADEIRO
PP052551,Pet - Prosthetic Devices - Dental prosthesis without a prescription,PP052550,VERDADEIRO,VERDADEIRO
PR060777,Rental / Lease of Tangible Personal Property Pursuant to a Rental-Purchase Agreement (Rent-to-Own) NOTE:  The code only applies Illinois Rental Purchase Agreement Occupation Tax.  ,PR060000,VERDADEIRO,FALSO
PF050422,"Food combo pack #20 - Food 0%-50%, Dietary Supplements 1%-89%, Hard Goods 11%-49%",P0000000,VERDADEIRO,VERDADEIRO
PF050427,"Food combo pack #25 - Food 51%-74%, Dietary Supplements 1%-24%, Hard Goods 25%-48%",P0000000,VERDADEIRO,VERDADEIRO
PF050418,"Food combo pack #16 - Food 51%-74%, Dietary Supplements 26%-49%",P0000000,VERDADEIRO,VERDADEIRO
PF050423,"Food combo pack #21 - Food 0%-50%, Dietary Supplements 1%-99%, Hard Goods 1%-10%",P0000000,VERDADEIRO,VERDADEIRO
PF050428,"Food combo pack #26 - Food 75%-88%, Dietary Supplements 1%-14%, Hard Goods 11%-24%",P0000000,VERDADEIRO,VERDADEIRO
PF050419,"Food combo pack #17 - Food 75%-89%, Dietary Supplements 11%-25%",P0000000,VERDADEIRO,VERDADEIRO
PF050424,"Food combo pack #22 - Food 0%-50%, Dietary Supplements 0%-50%, Hard Goods 50%-100%",P0000000,VERDADEIRO,VERDADEIRO
PF050429,"Food combo pack #27 - Food 90%-98%, Dietary Supplements 1%-9%, Hard Goods 1%-9%",P0000000,VERDADEIRO,VERDADEIRO
PF050420,"Food combo pack #18 - Food 90%-99%, Dietary Supplements 1%-10%",P0000000,VERDADEIRO,VERDADEIRO
PF050425,"Food combo pack #23 - Food 51%-74%, Dietary Supplements 26%-49%, Hard Goods 1%-10%",P0000000,VERDADEIRO,VERDADEIRO
PF050421,"Food combo pack #19 - Food 1%-50%, Dietary Supplements 50%-99%",P0000000,VERDADEIRO,VERDADEIRO
PF050426,"Food combo pack #24 - Food 75%-89%, Dietary Supplements 1%-24%, Hard Goods 1%-10%",P0000000,VERDADEIRO,VERDADEIRO
PA0000000,Product / Food,P00000000,VERDADEIRO,FALSO
PA0100100,Product / Food / Self-Service Food / Salad Bar,PA0100000,VERDADEIRO,FALSO
SG030100,"Gift-Wrapping Service, optional, associated with the sale of TPP",SG030000,FALSO,VERDADEIRO
SG030200,"Gift-Wrapping Service, not associated with the sale of TPP",SG030000,FALSO,VERDADEIRO
PH402850,Diapers - Childrens,0040,VERDADEIRO,VERDADEIRO
PB0000000,Product / Consumer Electronics,P00000000,VERDADEIRO,FALSO
PB0010000,Product / Consumer Electronics / Portable Electronics,PB0000000,VERDADEIRO,VERDADEIRO
PB0010100,Product / Consumer Electronics / Portable Electronics / Radios,PB0010000,VERDADEIRO,VERDADEIRO
PB0010101,Product / Consumer Electronics / Portable Electronics / Radios / Clock Radio,PB0010100,VERDADEIRO,VERDADEIRO
PB0010102,Product / Consumer Electronics / Portable Electronics / Radios / Wi-Fi Internet Radio,PB0010100,VERDADEIRO,VERDADEIRO
PB0010103,Product / Consumer Electronics / Portable Electronics / Radios / Lamp with embedded Radio Alarm Clock,PB0010100,VERDADEIRO,VERDADEIRO
PB0010104,"Product / Consumer Electronics / Portable Electronics / Radios / Citizen Band (""CB"") Radio",PB0010100,VERDADEIRO,VERDADEIRO
PB0010105,"Product / Consumer Electronics / Portable Electronics / Radios / FRS or GMRS (""Walkie-Talkies"")",PB0010100,VERDADEIRO,VERDADEIRO
PB0010106,Product / Consumer Electronics / Portable Electronics / Radios / Personal FM Transmitter,PB0010100,VERDADEIRO,VERDADEIRO
PB0010107,Product / Consumer Electronics / Portable Electronics / Radios / Portable Audio Monitor,PB0010100,VERDADEIRO,VERDADEIRO
PB0010108,Product / Consumer Electronics / Portable Electronics / Radios / Satellite Radio,PB0010100,VERDADEIRO,VERDADEIRO
PB0010200,Product / Consumer Electronics / Portable Electronics / Playback and Recording Devices,PB0010000,VERDADEIRO,VERDADEIRO
PB0010201,Product / Consumer Electronics / Portable Electronics / Playback and Recording Devices / Portable Stereos,PB0010200,VERDADEIRO,VERDADEIRO
PB0010202,Product / Consumer Electronics / Portable Electronics / Playback and Recording Devices / Portable Docking Stations,PB0010200,VERDADEIRO,VERDADEIRO
PB0010203,Product / Consumer Electronics / Portable Electronics / Playback and Recording Devices / Portable Physical Media Player or Recorder,PB0010200,VERDADEIRO,VERDADEIRO
PB0010204,Product / Consumer Electronics / Portable Electronics / Playback and Recording Devices / Portable Digital Media Player,PB0010200,VERDADEIRO,VERDADEIRO
PB0010205,Product / Consumer Electronics / Portable Electronics / Playback and Recording Devices / Headphones,PB0010200,VERDADEIRO,VERDADEIRO
PB0010206,Product / Consumer Electronics / Portable Electronics / Playback and Recording Devices / Amplifier,PB0010200,VERDADEIRO,VERDADEIRO
PB0010207,Product / Consumer Electronics / Portable Electronics / Playback and Recording Devices / Microphone,PB0010200,VERDADEIRO,VERDADEIRO
PB0010300,Product / Consumer Electronics / Portable Electronics / Cameras and Photographic Equipment,PB0010000,VERDADEIRO,VERDADEIRO
PB0010301,Product / Consumer Electronics / Portable Electronics / Cameras and Photographic Equipment / Camera,PB0010300,VERDADEIRO,VERDADEIRO
PB0010302,Product / Consumer Electronics / Portable Electronics / Cameras and Photographic Equipment / Camera Lenses,PB0010300,VERDADEIRO,VERDADEIRO
PB0010303,Product / Consumer Electronics / Portable Electronics / Cameras and Photographic Equipment / Camera Flashes,PB0010300,VERDADEIRO,VERDADEIRO
PB0010304,Product / Consumer Electronics / Portable Electronics / Cameras and Photographic Equipment / Video Camera,PB0010300,VERDADEIRO,VERDADEIRO
PB0010305,Product / Consumer Electronics / Portable Electronics / Cameras and Photographic Equipment / Webcam,PB0010300,VERDADEIRO,VERDADEIRO
PB0010306,Product / Consumer Electronics / Portable Electronics / Cameras and Photographic Equipment / Portable Video Monitoring System,PB0010300,VERDADEIRO,VERDADEIRO
PB0010400,Product / Consumer Electronics / Portable Electronics / Portable Scanners and Printers,PB0010000,VERDADEIRO,VERDADEIRO
PB0010401,Product / Consumer Electronics / Portable Electronics / Portable Scanners and Printers / Portable Printer,PB0010400,VERDADEIRO,VERDADEIRO
PB0010402,Product / Consumer Electronics / Portable Electronics / Portable Scanners and Printers / Portable Label Maker,PB0010400,VERDADEIRO,VERDADEIRO
PB0010403,Product / Consumer Electronics / Portable Electronics / Portable Scanners and Printers / Pen Scanner,PB0010400,VERDADEIRO,VERDADEIRO
PB0010404,Product / Consumer Electronics / Portable Electronics / Portable Scanners and Printers / Portable Magnetic Stripe Reader,PB0010400,VERDADEIRO,VERDADEIRO
PB0010405,Product / Consumer Electronics / Portable Electronics / Portable Scanners and Printers / Handheld Barcode Scanner,PB0010400,VERDADEIRO,VERDADEIRO
PB0010406,Product / Consumer Electronics / Portable Electronics / Portable Scanners and Printers / Portable Receipt Printer,PB0010400,VERDADEIRO,VERDADEIRO
PB0010407,Product / Consumer Electronics / Portable Electronics / Portable Scanners and Printers / Wave Storage Device,PB0010400,VERDADEIRO,VERDADEIRO
PB0010408,Product / Consumer Electronics / Portable Electronics / Portable Scanners and Printers / Handheld Imager or Scanner,PB0010400,VERDADEIRO,VERDADEIRO
PB0010500,Product / Consumer Electronics / Portable Electronics / Personal Devices,PB0010000,VERDADEIRO,VERDADEIRO
PB0010501,Product / Consumer Electronics / Portable Electronics / Personal Devices / Digital Photo Key Chains,PB0010500,VERDADEIRO,VERDADEIRO
PB0010502,Product / Consumer Electronics / Portable Electronics / Personal Devices / Personal Digital Assistant (PDA),PB0010500,VERDADEIRO,VERDADEIRO
PB0010503,Product / Consumer Electronics / Portable Electronics / Personal Devices / Digital Picture Frame,PB0010500,VERDADEIRO,VERDADEIRO
PB0010504,Product / Consumer Electronics / Portable Electronics / Personal Devices / Handheld Video Game System,PB0010500,VERDADEIRO,VERDADEIRO
PB0010505,Product / Consumer Electronics / Portable Electronics / Personal Devices / E-book Reader,PB0010500,VERDADEIRO,VERDADEIRO
PB0010506,Product / Consumer Electronics / Portable Electronics / Personal Devices / Electronic Calculator,PB0010500,VERDADEIRO,VERDADEIRO
PB0010507,Product / Consumer Electronics / Portable Electronics / Personal Devices / Electronic Dictionary,PB0010500,VERDADEIRO,VERDADEIRO
PB0010508,Product / Consumer Electronics / Portable Electronics / Personal Devices / Sport or Leisure GPS,PB0010500,VERDADEIRO,VERDADEIRO
PB0010509,Product / Consumer Electronics / Portable Electronics / Personal Devices / Odometer,PB0010500,VERDADEIRO,VERDADEIRO
PB0010510,Product / Consumer Electronics / Portable Electronics / Personal Devices / White Noise Machine,PB0010500,VERDADEIRO,VERDADEIRO
PB0010511,Product / Consumer Electronics / Portable Electronics / Personal Devices / Recreational SONAR,PB0010500,VERDADEIRO,VERDADEIRO
PB0010512,Product / Consumer Electronics / Portable Electronics / Personal Devices / Portable Multimedia Projector,PB0010500,VERDADEIRO,VERDADEIRO
PB0010513,Product / Consumer Electronics / Portable Electronics / Personal Devices / Breathalyzer,PB0010500,VERDADEIRO,VERDADEIRO
PB0010514,Product / Consumer Electronics / Portable Electronics / Personal Devices / Handheld Mobile Computing Device,PB0010500,VERDADEIRO,VERDADEIRO
PB0010515,Product / Consumer Electronics / Portable Electronics / Personal Devices / HD Antenna,PB0010500,VERDADEIRO,VERDADEIRO
PB0010516,"Product / Consumer Electronics / Portable Electronics / Personal Devices / Satellite Receiver, hand-held",PB0010500,VERDADEIRO,VERDADEIRO
PI041082,Cloth Diapers,PI040000,VERDADEIRO,VERDADEIRO
OF040002,Original Interest,O0000000,FALSO,VERDADEIRO
OF040003,Re-Billed Interest,O0000000,FALSO,VERDADEIRO
OF040004,Third-Party Interest,O0000000,FALSO,VERDADEIRO
OE010220,Intercompany Expenses,OE010100,FALSO,FALSO
PM020790,Manufacturing parts billed on maintenance contracts,P0000000,VERDADEIRO,FALSO
SR060205,Repair labor on manufacturing equipment,SR060000,FALSO,FALSO
PF040739,POW Flags,PF040000,VERDADEIRO,VERDADEIRO
PF040740,Military Service Flags,PF040000,VERDADEIRO,VERDADEIRO
PM020755,Wear Parts > 3 years life ,P0000000,VERDADEIRO,VERDADEIRO
PM020757,Wear Parts < 1 year life,P0000000,VERDADEIRO,VERDADEIRO
PM020765,Lubricants and grease used and consumed within 25 days in the manufacturing process,P0000000,VERDADEIRO,VERDADEIRO
PE090001,Restaurant Industry - Cooking Equipment,PE090000,VERDADEIRO,VERDADEIRO
PE090003,Restaurant Industry - Preservation Equipment,PE090000,VERDADEIRO,VERDADEIRO
PE090005,Restaurant Industry - Beverage Equipment,PE090000,VERDADEIRO,VERDADEIRO
PE090007,Restaurant Industry - Food Preparation Equipment,PE090000,VERDADEIRO,VERDADEIRO
PE090009,Restaurant Industry - Warewash Equipment,PE090000,VERDADEIRO,VERDADEIRO
PE090100,Restaurant Industry - Smallwares,P0000000,VERDADEIRO,VERDADEIRO
PE090102,Restaurant Industry - Glassware,PE090100,VERDADEIRO,VERDADEIRO
PE090104,Restaurant Industry - Tabletop Items,PE090100,VERDADEIRO,VERDADEIRO
PE090106,Restaurant Industry - Janitorial Supplies,PE090100,VERDADEIRO,VERDADEIRO
PE090108,Restaurant Industry - Catering Supplies,PE090100,VERDADEIRO,VERDADEIRO
PE090300,Restaurant Industry - Disposables,P0000000,VERDADEIRO,VERDADEIRO
PE090500,Restaurant Industry - Kitchen Supplies,P0000000,VERDADEIRO,VERDADEIRO
PE090502,Restaurant Industry - Food Preparation Supplies,PE090500,VERDADEIRO,VERDADEIRO
PE090504,Restaurant Industry - Kitchen Racks and Shelving,PE090500,VERDADEIRO,VERDADEIRO
PE090700,Restaurant Industry - Bar Supplies,P0000000,VERDADEIRO,VERDADEIRO
PM020750,"Assembling, manufacturing or fabricating machinery and equipment used in existing facilities with a useful life of three years or more",P0000000,VERDADEIRO,VERDADEIRO
PM020756,Wear parts 1 to 3 years life,P0000000,VERDADEIRO,VERDADEIRO
PM020760,"Materials used and consumed in the assembling, manufacturing or fabricating process in existing facilities",P0000000,VERDADEIRO,VERDADEIRO
PM020770,Packaging equipment parts 1 to 3 years,P0000000,VERDADEIRO,VERDADEIRO
PE090000,Restaurant Industry - Equipment,P0000000,VERDADEIRO,VERDADEIRO
PE090002,Restaurant Industry - Holding Equipment,PE090000,VERDADEIRO,VERDADEIRO
PE090004,Restaurant Industry - Bar Equipment,PE090000,VERDADEIRO,VERDADEIRO
PE090006,Restaurant Industry - Concession Equipment,PE090000,VERDADEIRO,VERDADEIRO
PE090008,Restaurant Industry - Refrigeration,PE090000,VERDADEIRO,VERDADEIRO
PE090010,Restaurant Industry - Ice Machines,PE090000,VERDADEIRO,VERDADEIRO
PE090101,Restaurant Industry - Dinnerware,PE090100,VERDADEIRO,VERDADEIRO
PE090103,Restaurant Industry - Flatware,PE090100,VERDADEIRO,VERDADEIRO
PE090105,Restaurant Industry - Server Supplies,PE090100,VERDADEIRO,VERDADEIRO
PE090107,Restaurant Industry - Restroom Supplies,PE090100,VERDADEIRO,VERDADEIRO
PE090200,Restaurant Industry - Furniture,P0000000,VERDADEIRO,VERDADEIRO
PE090400,Restaurant Industry - Wrapping Supplies,P0000000,VERDADEIRO,VERDADEIRO
PE090501,Restaurant Industry - Cooking Supplies,PE090500,VERDADEIRO,VERDADEIRO
PE090503,Restaurant Industry - Kitchen Utensils,PE090500,VERDADEIRO,VERDADEIRO
PE090600,Restaurant Industry - Accessories and Replacement Parts,P0000000,VERDADEIRO,VERDADEIRO
PA0020000,Product / Food / Beverage,PA0000000,VERDADEIRO,FALSO
PA0030400,Expired Tax Code - Do Not Use,PA0030000,VERDADEIRO,FALSO
PA0030500,Expired Tax Code - Do Not Use,PA0030000,VERDADEIRO,FALSO
PA0030600,Expired Tax Code - Do Not Use,PA0030000,VERDADEIRO,FALSO
PA0040000,Expired Tax Code - Do Not Use,PA0000000,VERDADEIRO,FALSO
PA0050000,Expired Tax Code - Do Not Use,PA0000000,VERDADEIRO,FALSO
PA0060000,Expired Tax Code - Do Not Use,PA0000000,VERDADEIRO,FALSO
PA0070000,Expired Tax Code - Do Not Use,PA0000000,VERDADEIRO,FALSO
PA0070100,Expired Tax Code - Do Not Use,PA0070000,VERDADEIRO,FALSO
PA0070200,Expired Tax Code - Do Not Use,PA0070000,VERDADEIRO,FALSO
PA0080000,Expired Tax Code - Do Not Use,PA0000000,VERDADEIRO,FALSO
PA0080100,Expired Tax Code - Do Not Use,PA0080000,VERDADEIRO,FALSO
PA0080200,Expired Tax Code - Do Not Use,PA0080000,VERDADEIRO,FALSO
PA0080300,Expired Tax Code - Do Not Use,PA0080000,VERDADEIRO,FALSO
PA0090000,Expired Tax Code - Do Not Use,PA0000000,VERDADEIRO,FALSO
PA0090100,Expired Tax Code - Do Not Use,PA0090000,VERDADEIRO,FALSO
PA0090200,Expired Tax Code - Do Not Use,PA0090000,VERDADEIRO,FALSO
PA0090300,Expired Tax Code - Do Not Use,PA0090000,VERDADEIRO,FALSO
PA0090400,Expired Tax Code - Do Not Use,PA0090000,VERDADEIRO,FALSO
PA0100000,Expired Tax Code - Do Not Use,PA0000000,VERDADEIRO,FALSO
PA0100200,Expired Tax Code - Do Not Use,PA0100000,VERDADEIRO,FALSO
PA0100300,Expired Tax Code - Do Not Use,PA0100000,VERDADEIRO,FALSO
PA0110000,Expired Tax Code - Do Not Use,PA0000000,VERDADEIRO,FALSO
PA0120000,Expired Tax Code - Do Not Use,PA0000000,VERDADEIRO,FALSO
PA0130000,Expired Tax Code - Do Not Use,PA0000000,VERDADEIRO,FALSO
PA0140000,Expired Tax Code - Do Not Use,PA0000000,VERDADEIRO,FALSO
PA0020200,Product / Food / Beverage / Prepared Beverage,PA0020000,VERDADEIRO,FALSO
PA0020202,Product / Food / Beverage / Prepared Beverage / Tea,PA0020000,VERDADEIRO,FALSO
PA0020201,Product / Food / Beverage / Prepared Beverage / Coffee,PA0020200,VERDADEIRO,FALSO
PA0020100,Product / Food / Beverage / Bottled Water,PA0020000,VERDADEIRO,FALSO
PC040312,Clothing & related products (B2C) - Protective Gloves Not Suitable for Everyday Wear,PC040310,VERDADEIRO,VERDADEIRO
PA020121,Agricultural Livestock-commercial use - Cleaning Equipment and Supplies,PA020100,VERDADEIRO,VERDADEIRO
PA020123,Agricultural Livestock-commercial use - Vaccine Equipment,PA020100,VERDADEIRO,VERDADEIRO
PA020226,Agricultural Livestock-commercial use - Hygiene Supplies for Livestock,PA020100,VERDADEIRO,VERDADEIRO
PA020228,Agricultural Livestock-commercial use - Livestock Identification,PA020100,VERDADEIRO,VERDADEIRO
PA020230,Agricultural Livestock-commercial use - Safety Supplies,PA020100,VERDADEIRO,VERDADEIRO
PB308787,Lead-Acid Vehicle Battery (excludes core charge deposits),PB308786,VERDADEIRO,VERDADEIRO
PC030312,Clothing & related products (B2B) - Protective Gloves Not Suitable for Everyday Wear,PC030310,VERDADEIRO,VERDADEIRO
PA020120,Agricultural Livestock-commercial use - Testing Equipment,PA020100,VERDADEIRO,VERDADEIRO
PA020122,Agricultural Livestock-commercial use - Livestock Equipment,PA020100,VERDADEIRO,VERDADEIRO
PA020225,Agricultural Livestock-commercial use - Grooming Supplies for Livestock,PA020100,VERDADEIRO,VERDADEIRO
PA020227,"Agricultural Livestock-commercial use - Pesticides, Insecticides, and Herbicides for Livestock",PA020100,VERDADEIRO,VERDADEIRO
PA020229,Agricultural Livestock-commercial use - Livestock Feed,PA020100,VERDADEIRO,VERDADEIRO
PA020231,Agricultural Livestock-commercial use - Litter,PA020100,VERDADEIRO,VERDADEIRO
SL090300,Campground accommodations,55197,FALSO,FALSO
SD016410,Dance Lessons,SD010000,FALSO,VERDADEIRO
PH404962,Antiembolism stocking/supports/compression garments - sold on prescription,1000,VERDADEIRO,VERDADEIRO
PH405058,Orthopedic supplies - sold on prescription,1000,VERDADEIRO,VERDADEIRO
PI041075,Baby Supplies - Safety Items,PI040000,VERDADEIRO,VERDADEIRO
ON010100,Nonrefundable Deposit - Right to Purchase,O0000000,FALSO,VERDADEIRO
OD010400,Discount - Instant-Off Manufacturer Rebate for Taxable Item Only (Requires entry of rebate as a negative amount to ensure proper tax calculation),O0000000,FALSO,VERDADEIRO
PP052350,"Veterinary Products, Pet - Oral Care",PP052000,VERDADEIRO,FALSO
PP052000,"Veterinary Products, Pet",P0000000,VERDADEIRO,FALSO
PH403365,Saline - sold at retail,0400,VERDADEIRO,VERDADEIRO
PH405260,Burn treatment supplies - sold at retail,1150,VERDADEIRO,VERDADEIRO
SA050001,Agricultural Livestock-commercial use - General Livestock Care Services,SA050000,FALSO,VERDADEIRO
PA020400,Agricultural Livestock-commercial use - Medical Supplies,PA020000,VERDADEIRO,VERDADEIRO
PH405170,Alcohol & alcohol preps - sold on prescription,1140,VERDADEIRO,VERDADEIRO
PH405266,Burn treatment supplies - sold on prescription,1150,VERDADEIRO,VERDADEIRO
SI026666,Installation Services Separately Stated - Item Installed Becomes Real Property After Installation,SI020000,FALSO,VERDADEIRO
OD030000,Membership Discount Cards,O0000000,FALSO,VERDADEIRO
PI041076,Baby Supplies - Furniture & Accessories ,PI040000,VERDADEIRO,VERDADEIRO
DG010300,Games - Electronic Download - Permanent ownership,DG010000,FALSO,VERDADEIRO
PR058880,Rentals / Leases – Residential Real Property,PR050000,VERDADEIRO,VERDADEIRO
PP052100,"Veterinary Products, Pet - Medical Supplies",PP052000,VERDADEIRO,FALSO
PP052400,"Veterinary Products, Pet - Drugs & Medicine",PP052000,VERDADEIRO,FALSO
PH404121,Syringes - Insulin - Reusable - sold at retail,0790,VERDADEIRO,VERDADEIRO
PA020300,Agricultural Livestock-commercial use - Medicine,PA020000,VERDADEIRO,VERDADEIRO
PA020401,Agricultural Livestock-commercial use - Vaccine Stabilizers,PA020400,VERDADEIRO,VERDADEIRO
SA050002,Agricultural Livestock-commercial use - Livestock Emergency/Urgent Care Services,SA050000,FALSO,VERDADEIRO
PH404122,Syringes - Insulin - Reusable - sold on prescription,0790,VERDADEIRO,VERDADEIRO
PH405282,Dressing - medicated - sold on prescription,1150,VERDADEIRO,VERDADEIRO
PH405002,Collar - cervical - sold on prescription,1000,VERDADEIRO,VERDADEIRO
PI041077,Baby Supplies - Grooming,PI040000,VERDADEIRO,VERDADEIRO
DG010301,Games - Streaming / electronic download with less than permanent ownership,DG010000,FALSO,VERDADEIRO
OF050100,Batteries - Core Charge Fee (Refundable deposit),O0000000,FALSO,VERDADEIRO
PP052150,"Veterinary Products, Pet - Medical Products",PP052000,VERDADEIRO,FALSO
PP052450,"Veterinary Products, Pet - Durable Medical Equipment",PP052000,VERDADEIRO,FALSO
PH405171,Alcohol & alcohol preps - sold at retail,1140,VERDADEIRO,VERDADEIRO
SA050003,Agricultural Livestock-commercial use - Livestock Surgery Services,SA050000,FALSO,VERDADEIRO
PA020301,Agricultural Livestock-commercial use - Over the counter medicine and supplements,PA020300,VERDADEIRO,VERDADEIRO
PA020402,Agricultural Livestock-commercial use - Needles & Syringes and Related Equipment,PA020400,VERDADEIRO,VERDADEIRO
PH404690,Urinal bag - sold on prescription,0810,VERDADEIRO,VERDADEIRO
PH405314,Ointments - antibiotic - sold on prescription,1150,VERDADEIRO,VERDADEIRO
PH405026,Immobilizer - sold on prescription,1000,VERDADEIRO,VERDADEIRO
PH405034,Knee Immobilizers - sold on prescription,1000,VERDADEIRO,VERDADEIRO
PC020598,Clothing And Related Products - Youth Bicycle Helmets,PC020000,VERDADEIRO,VERDADEIRO
SW077260,Window Cleaning Services - Commercial,S0000000,FALSO,VERDADEIRO
PI041079,Baby Supplies - Strollers,PI040000,VERDADEIRO,VERDADEIRO
PI041078,Baby Supplies - Carriers,PI040000,VERDADEIRO,VERDADEIRO
SB046003,Beauty - Spray Tanning,S0000000,FALSO,VERDADEIRO
OF050200,Battery  Bulb  and Ballast Recycling Fee (Non-Refundable Stand-Alone Fee) ,O0000000,FALSO,VERDADEIRO
PP052200,"Veterinary Products, Pet - Prosthetics & Orthotics - Implanted",PP052000,VERDADEIRO,FALSO
PP052250,"Veterinary Products, Pet - Prosthetics & Orthotics - Not Implanted",PP052000,VERDADEIRO,FALSO
PP052550,"Veterinary Products, Pet - Prosthetic Devices",PP052000,VERDADEIRO,FALSO
SA046867,Pet Cremation Services,SA040000,FALSO,VERDADEIRO
PP052500,"Veterinary Products, Pet - Mobility-Enhancing Equipment",PP052000,VERDADEIRO,FALSO
SA046868,Pet Cremation Services - Urns sold with cremated pet remains,SA040000,FALSO,VERDADEIRO
PH050534,Toothpaste Not Bearing a Drug Facts Panel,PH050000,VERDADEIRO,VERDADEIRO
PH404688,Urinal bag - sold at retail,0810,VERDADEIRO,VERDADEIRO
PH405244,Dressing - medicated - sold at retail,1150,VERDADEIRO,VERDADEIRO
PH405310,Ointments - antibiotic - sold at retail,1150,VERDADEIRO,VERDADEIRO
PH405245,Bandages - sold at retail,1150,VERDADEIRO,VERDADEIRO
PA020302,Agricultural Livestock-commercial use - Prescription medicine,PA020300,VERDADEIRO,VERDADEIRO
PA020303,Agricultural Livestock-commercial use - Prescription medicine - sold to veterinarians,PA020300,VERDADEIRO,VERDADEIRO
SA050004,Agricultural Livestock-commercial use - Livestock Internal Medicine Services,SA050000,FALSO,VERDADEIRO
PH405250,Bandages - elastic - sold on prescription,1150,VERDADEIRO,VERDADEIRO
FR060000,International Freight Service - Canada,FR000000,FALSO,VERDADEIRO
OM010000,Monetary Donation,O0000000,FALSO,VERDADEIRO
SY010100,Yoga Classes - in yoga studio (only yoga classes offered),S0000000,FALSO,VERDADEIRO
PI041073,Baby Supplies - Bedding,PI040000,VERDADEIRO,VERDADEIRO
PI041080,Baby Supplies - Strollers and Car Seats sold as a Single Unit,PI040000,VERDADEIRO,VERDADEIRO
SB046004,Beauty - Manicures / Pedicures,S0000000,FALSO,VERDADEIRO
PP052600,"Veterinary Products, Pet - Fees/Charges",PP052000,VERDADEIRO,FALSO
PP052300,"Veterinary Products, Pet - Skin & Hygiene",PP052000,VERDADEIRO,FALSO
PA020304,Agricultural Livestock-commercial use - Vaccines - sold to veterinarians,PA020300,VERDADEIRO,VERDADEIRO
SA050000,Agricultural Livestock-commercial use - Medical Services,S0000000,FALSO,VERDADEIRO
SC070331,Computer Software Implementation - Training Only - Mandatory - Prewritten software - Electronically downloaded for business use only,SC070300,FALSO,VERDADEIRO
SC100221,Computer Software Maintenance Contracts / Agreements - Mandatory -  Prewritten Software (electronically-downloaded) for business use only - services only (remote support),SC100200,FALSO,VERDADEIRO
SC130222,Computer Software Mandatory - Technical Services - Downloads  updates  and support services - Prewritten Software (electronically downloaded) for business use only,SC130200,FALSO,VERDADEIRO
PH403298,Gel - sold on prescription,0400,VERDADEIRO,VERDADEIRO
PH404194,Colostomy/ileostomy - appliance - sold on prescription,0810,VERDADEIRO,VERDADEIRO
PH400033,Diabetic Supplies - sold on prescription,0780,VERDADEIRO,VERDADEIRO
PP148211,Prepaid Cellular Phone Cards,PP140000,VERDADEIRO,VERDADEIRO
PH404627,Trach Care supplies - sold at retail,0810,VERDADEIRO,VERDADEIRO
PC100101,Bullion Coins - U.S. Minted - Platinum Only - Meets Required Minimum Fineness,PC100000,VERDADEIRO,VERDADEIRO
PC100221,Bullion Coins - Minted by nations other than the U.S.  - Platinum Only - Fineness 90% or greater but less than minimum fineness standards,PC100000,VERDADEIRO,VERDADEIRO
PC100311,Bullion - Platinum Only - 90% pure or greater but less than minimum fineness standards,PC100000,VERDADEIRO,VERDADEIRO
SC100222,Computer Software Maintenance Contracts / Agreements - Mandatory - Prewritten Software (electronically downloaded) for business use only - downloaded updates and support services,SC100200,FALSO,VERDADEIRO
PH405306,Hydrogen Peroxide - sold on prescription,1150,VERDADEIRO,VERDADEIRO
PH404123,Diabetic Supplies:  Replacement Needles / Disposable Syringes - sold on prescription,0790,VERDADEIRO,VERDADEIRO
PH403314,Iodine - sold on prescription,0400,VERDADEIRO,VERDADEIRO
PH405042,Mastectomy bra/supplies - sold on prescription,1000,VERDADEIRO,VERDADEIRO
PP140029,Prepaid Internet Access Cards,PP140000,VERDADEIRO,VERDADEIRO
SC070104,Installation of Canned Software (optional),SC070100,FALSO,VERDADEIRO
PH404225,Contraceptive devices - sold at retail,0810,VERDADEIRO,VERDADEIRO
PH405187,Incontinence cream - sold at retail,1140,VERDADEIRO,VERDADEIRO
PC100001,Numismatic - Coins - U.S. Currency,PC100000,VERDADEIRO,VERDADEIRO
PC100102,Bullion Coins - U.S. Minted - Other Precious Metals - Meets Required Minimum Fineness,PC100000,VERDADEIRO,VERDADEIRO
PC100222,Bullion Coins - Minted by nations other than the U.S.  - Other Precious Metals - Fineness 90% or greater but less than minimum fineness standards,PC100000,VERDADEIRO,VERDADEIRO
PC100312,Bullion - Other Precious Metals - 90% pure or greater but less than minimum fineness standards,PC100000,VERDADEIRO,VERDADEIRO
SC070121,Computer Software Implementation - Optional - Prewritten Software - Electronically downloaded for business use only,SC070100,FALSO,VERDADEIRO
SC070131,Computer Software Implementation - Mandatory - Prewritten Software - Electronically downloaded for business use only,SC070100,FALSO,VERDADEIRO
SC080321,Computer Software Implementation - Training Only - Prewritten Software - Electronically downloaded for business use only,SC080300,FALSO,VERDADEIRO
SC100121,Computer Software Maintenance Contracts / Agreements - Optional -  Prewritten Software (electronically-downloaded) for business use only - services only (remote support),SC100100,FALSO,VERDADEIRO
SC130121,Computer software Optional - Technical Services Remote only - Prewritten Software (electronically downloaded) for business use only,SC130100,FALSO,VERDADEIRO
PH404282,Enema - Prefilled - sold on prescription,0810,VERDADEIRO,VERDADEIRO
PH405194,Laxatives - sold on prescription,1140,VERDADEIRO,VERDADEIRO
PH405066,Orthotic supplies - sold on prescription,1000,VERDADEIRO,VERDADEIRO
PH403067,Diabetic Equipment:  Reusable Lancet Devices - sold on prescription,0130,VERDADEIRO,VERDADEIRO
PH403378,Water - sterile - sold on prescription,0400,VERDADEIRO,VERDADEIRO
PF040729,NY State Flag and Related Accessories,PF040000,VERDADEIRO,VERDADEIRO
PP140235,Prepaid Cellular Phone Cards for Specific Monetary Value,PP140000,VERDADEIRO,VERDADEIRO
PH405195,Laxatives - sold at retail,1140,VERDADEIRO,VERDADEIRO
PH405307,Hydrogen Peroxide - sold at retail,1150,VERDADEIRO,VERDADEIRO
PH405043,Mastectomy bra/supplies - sold at retail,1000,VERDADEIRO,VERDADEIRO
PH403068,Diabetic Equipment: Reusable Lancet Devices - sold at retail,0130,VERDADEIRO,VERDADEIRO
PH404125,Diabetic Supplies: Replacement Needles / Disposable Syringes - sold at retail,0790,VERDADEIRO,VERDADEIRO
PH403315,Iodine - sold at retail,0400,VERDADEIRO,VERDADEIRO
PC100200,Bullion Coins - Minted by nations other than the U.S. - Gold or Silver Only - Meets Required Minimum Fineness,PC100000,VERDADEIRO,VERDADEIRO
SC100122,Computer Software Maintenance Contracts / Agreements - Optional - Prewritten Software (electronically downloaded) for business use only - downloaded updates and support services,SC100100,FALSO,VERDADEIRO
SC130122,Computer software Optional - Technical Services - Downloads  updates  and support services - Prewritten Software (electronically downloaded) for business use only,SC130100,FALSO,VERDADEIRO
PH405202,Lotion - medicated - sold on prescription,1140,VERDADEIRO,VERDADEIRO
PH404170,Cleanser - medicated - sold on prescription,0810,VERDADEIRO,VERDADEIRO
SI086690,IT Services,S0000000,FALSO,VERDADEIRO
SC070204,Installation of Custom Software (optional),SC070200,FALSO,VERDADEIRO
PP140236,Prepaid Landline Phone Cards for Specific Monetary Value,PP140000,VERDADEIRO,VERDADEIRO
PH404283,Enema - Prefilled - sold at retail,0810,VERDADEIRO,VERDADEIRO
PH403379,Water - sterile - sold at retail,0400,VERDADEIRO,VERDADEIRO
PC100003,Numismatic - Paper - U.S. Currency,PC100000,VERDADEIRO,VERDADEIRO
PC100201,Bullion Coins - Minted by nations other than the U.S.  - Platinum Only - Meets Required Minimum Fineness,PC100000,VERDADEIRO,VERDADEIRO
PC100004,Numismatic - Paper - Currency from nations other than the U.S.,PC100000,VERDADEIRO,VERDADEIRO
PC100202,Bullion Coins - Minted by nations other than the U.S.  - Other Precious Metals - Meets Required Minimum Fineness,PC100000,VERDADEIRO,VERDADEIRO
SC070321,Computer Software Implementation - Training Only - Optional - Prewritten software - Electronically downloaded for business use only,SC070300,FALSO,VERDADEIRO
SC130221,Computer software Mandatory - Technical Services Remote only - Prewritten Software (electronically downloaded) for business use only,SC130200,FALSO,VERDADEIRO
PP148090,Phone Card Charges and Re-Charges,PP140000,VERDADEIRO,VERDADEIRO
SC100203,Computer Software Maintenance (prewritten software) - Mandatory Agreement - Separately Stated Charges - Updates in Electronic Form - Upgrades  Bug Fixes  etc.,SC100200,FALSO,VERDADEIRO
PG050717,Prepaid Electronic Points Cards,PG050000,VERDADEIRO,VERDADEIRO
PH404171,Cleanser - medicated - sold at retail,0810,VERDADEIRO,VERDADEIRO
PH404080,Ostomy appliances and related supplies - sold at retail,0810,VERDADEIRO,VERDADEIRO
PH403297,Gel - sold at retail,0400,VERDADEIRO,VERDADEIRO
PC100100,Bullion Coins - U.S. Minted - Gold or Silver Only - Meets Required Minimum Fineness,PC100000,VERDADEIRO,VERDADEIRO
PC100220,Bullion Coins - Minted by nations other than the U.S.  - Gold or Silver Only - Fineness 90% or greater but less than minimum fineness standards,PC100000,VERDADEIRO,VERDADEIRO
PC100310,Bullion - Gold or Silver Only - 90% pure or greater but less than minimum fineness standards,PC100000,VERDADEIRO,VERDADEIRO
PH050462,Sunglass Frames with Rx,PH050400,VERDADEIRO,VERDADEIRO
PH150124,Sunglasses without Rx (non-corrective) sold by Optometrists ,PH050400,VERDADEIRO,VERDADEIRO
PH150148,Non-Rx Lens Package sold by Oculists,PH050400,VERDADEIRO,VERDADEIRO
PH150102,Corrective eyeglasses with a prescription sold to Ophthalmologists  Optometrists  Opticians  Oculists,PH050400,VERDADEIRO,VERDADEIRO
PH150126,Sunglass Frames without Rx sold by Optometrists ,PH050400,VERDADEIRO,VERDADEIRO
PH150128,Non-Rx Lens Package sold by Optometrists,PH050400,VERDADEIRO,VERDADEIRO
PH150105,Sunglass Frames with Rx sold to Ophthalmologists  Optometrists  Opticians  Oculists ,PH050400,VERDADEIRO,VERDADEIRO
PH150107,Rx Lens Package sold to Ophthalmologists  Optometrists  Opticians  Oculists,PH050400,VERDADEIRO,VERDADEIRO
PH150133,Sunglasses with Rx (corrective) sold by Opticians,PH050400,VERDADEIRO,VERDADEIRO
PH150111,Corrective eyeglasses without a prescription sold by Ophthalmologists,PH050400,VERDADEIRO,VERDADEIRO
PH150135,Sunglass Frames with Rx sold by Opticians ,PH050400,VERDADEIRO,VERDADEIRO
PH150113,Sunglasses with Rx (corrective) sold by Ophthalmologists,PH050400,VERDADEIRO,VERDADEIRO
PH150138,Non-Rx Lens Package sold by Opticians,PH050400,VERDADEIRO,VERDADEIRO
PH150115,Sunglass Frames with Rx sold by Ophthalmologists ,PH050400,VERDADEIRO,VERDADEIRO
PH150142,Corrective eyeglasses with a prescription sold by Oculists,PH050400,VERDADEIRO,VERDADEIRO
PH150117,Rx Lens Package sold by Ophthalmologists,PH050400,VERDADEIRO,VERDADEIRO
PH150144,Sunglasses without Rx (non-corrective) sold by Oculists ,PH050400,VERDADEIRO,VERDADEIRO
PH150122,Corrective eyeglasses with a prescription sold by Optometrists,PH050400,VERDADEIRO,VERDADEIRO
PH150146,Sunglass Frames without Rx sold by Oculists ,PH050400,VERDADEIRO,VERDADEIRO
PH050460,Sunglasses with Rx (corrective),PH050400,VERDADEIRO,VERDADEIRO
PH050464,Package - Rx Lens Package,PH050400,VERDADEIRO,VERDADEIRO
PH150123,Sunglasses with Rx (corrective) sold by Optometrists,PH050400,VERDADEIRO,VERDADEIRO
PH150147,Rx Lens Package sold by Oculists,PH050400,VERDADEIRO,VERDADEIRO
PH150125,Sunglass Frames with Rx sold by Optometrists ,PH050400,VERDADEIRO,VERDADEIRO
PH150103,Sunglasses with Rx (corrective) sold to Ophthalmologists  Optometrists  Opticians  Oculists,PH050400,VERDADEIRO,VERDADEIRO
PH150127,Rx Lens Package sold by Optometrists,PH050400,VERDADEIRO,VERDADEIRO
PH150106,Sunglass Frames without Rx sold to Ophthalmologists  Optometrists  Opticians  Oculists ,PH050400,VERDADEIRO,VERDADEIRO
PH150132,Corrective eyeglasses with a prescription sold by Opticians,PH050400,VERDADEIRO,VERDADEIRO
PH150108,Non-Rx Lens Package sold to Ophthalmologists  Optometrists  Opticians  Oculists,PH050400,VERDADEIRO,VERDADEIRO
PH150134,Sunglasses without Rx (non-corrective) sold by Opticians ,PH050400,VERDADEIRO,VERDADEIRO
PH150112,Corrective eyeglasses with a prescription sold by Ophthalmologists,PH050400,VERDADEIRO,VERDADEIRO
PH150137,Rx Lens Package sold by Opticians,PH050400,VERDADEIRO,VERDADEIRO
PH150114,Sunglasses without Rx (non-corrective) sold by Ophthalmologists ,PH050400,VERDADEIRO,VERDADEIRO
PH150141,Corrective eyeglasses without a prescription sold by Oculists,PH050400,VERDADEIRO,VERDADEIRO
PH150116,Sunglass Frames without Rx sold by Ophthalmologists ,PH050400,VERDADEIRO,VERDADEIRO
PH150143,Sunglasses with Rx (corrective) sold by Oculists,PH050400,VERDADEIRO,VERDADEIRO
PH150118,Non-Rx Lens Package sold by Ophthalmologists,PH050400,VERDADEIRO,VERDADEIRO
PH150145,Sunglass Frames with Rx sold by Oculists ,PH050400,VERDADEIRO,VERDADEIRO
SL090001,Commission fees charged for booking lodging accommodations,SL090000,FALSO,FALSO
PH404930,Ports - nonpermanent - FLD - sold to medical facility,0990,VERDADEIRO,VERDADEIRO
PH403066,Blood lancet,0130,VERDADEIRO,VERDADEIRO
PM039395,Periodical/Magazine Subscription - semimonthly publication,PM030100,VERDADEIRO,VERDADEIRO
PH404874,Staples  ligatures  clips - sold to medical facility,0840,VERDADEIRO,VERDADEIRO
PH405050,Orthopedic appliance - sold to medical facility,1000,VERDADEIRO,VERDADEIRO
SR087010,Research and Development Services,SR080000,FALSO,VERDADEIRO
SB045978,Body Hair Removal,SB040000,FALSO,VERDADEIRO
PH404498,Scrub brushes - medicated - sold to medical facility,0810,VERDADEIRO,VERDADEIRO
PN052314,Newspapers - Retail Sale,PN050814,VERDADEIRO,VERDADEIRO
PI040601,Diaper Rash Ointments Without Zinc,PI040000,VERDADEIRO,VERDADEIRO
PH403138,Cast materials - sold to medical facility,0210,VERDADEIRO,VERDADEIRO
PH404124,Glucose Tablets:  Nutrition Label /  SNAP Eligible,0780,VERDADEIRO,VERDADEIRO
PH403098,Porcine (pig) Tissue - Cosmetic Surgery - sold to medical facility,0130,VERDADEIRO,VERDADEIRO
PI041107,Paper Nursing Pads,PI040000,VERDADEIRO,VERDADEIRO
PH404027,Catheter - gastrostomy - sold at retail,0780,VERDADEIRO,VERDADEIRO
PH404891,Sutures - sold at retail,0840,VERDADEIRO,VERDADEIRO
OA020801,Admissions - Movies,OA020800,FALSO,VERDADEIRO
PH403858,Resuscitator - FLD - sold to medical facility,0760,VERDADEIRO,VERDADEIRO
PH404906,Bone Cement - sold to medical facility,0990,VERDADEIRO,VERDADEIRO
PH404922,Mesh and internal repair material - sold to medical facility,0990,VERDADEIRO,VERDADEIRO
PH404098,Catheter - wound drain/thoracic - sold to medical facility,0780,VERDADEIRO,VERDADEIRO
PH404026,Catheter - gastrostomy - sold to medical facility,0780,VERDADEIRO,VERDADEIRO
PH404938,Ports - permanent - sold to medical facility,0990,VERDADEIRO,VERDADEIRO
PH404946,Skin Graft Products - sold to medical facility,0990,VERDADEIRO,VERDADEIRO
PH404722,Wound care drain - sold to medical facility,0810,VERDADEIRO,VERDADEIRO
PH404115,Equipment:  Blood Testing Calibration Solutions,0790,VERDADEIRO,VERDADEIRO
OA026346,"Admissions - Billiards, Pool or Domino Parlors",OA020000,FALSO,VERDADEIRO
PH050532,Baby Wipes,PH050500,VERDADEIRO,VERDADEIRO
PH403282,Drug - radiology - sold to medical facility,0400,VERDADEIRO,VERDADEIRO
PH404138,Dialyzer - sold to medical facility,0800,VERDADEIRO,VERDADEIRO
PH404986,Boards - back - sold to medical facility,0400,VERDADEIRO,VERDADEIRO
PM039393,Periodical/Magazine Subscription - annual publication,PM030100,VERDADEIRO,VERDADEIRO
PH403306,Injectables - sold to medical facility,0400,VERDADEIRO,VERDADEIRO
PM039394,Periodical/Magazine Subscription - quarterly publication,PM030100,VERDADEIRO,VERDADEIRO
PH404162,Chest drain - sold to medical facility,0810,VERDADEIRO,VERDADEIRO
PM039396,Periodical/Magazine Subscription - weekly publication,PM030100,VERDADEIRO,VERDADEIRO
PM039397,Periodical/Magazine Subscription - religious content,PM030100,VERDADEIRO,VERDADEIRO
PH403242,Betadine - sold to medical facility,0400,VERDADEIRO,VERDADEIRO
PH404882,Suture substitutes - sold to medical facility,0840,VERDADEIRO,VERDADEIRO
PH403370,Viscosupplements - sold to medical facility,0400,VERDADEIRO,VERDADEIRO
PH404890,Sutures - sold to medical facility,0840,VERDADEIRO,VERDADEIRO
SB045994,Hair Dye Service,SB040000,FALSO,VERDADEIRO
PH403850,Resuscitator - sold to medical facility,0760,VERDADEIRO,VERDADEIRO
SB046010,Skin Treatment,SB040000,FALSO,VERDADEIRO
PH403114,Porcine (pig) Tissue - Reconstructive Surgery - sold to medical facility,0130,VERDADEIRO,VERDADEIRO
PH403122,Skin Substitutes - Synthetic or Xenograft - sold to medical facility,0130,VERDADEIRO,VERDADEIRO
PN058970,Newspapers - Sold by Subscription,PN050814,VERDADEIRO,VERDADEIRO
PI041106,Cloth Nursing Pads (Washable),PI040000,VERDADEIRO,VERDADEIRO
PM030811,Magazines Published 4 or More Times a Year (Example: Star Magazine),PM030000,VERDADEIRO,VERDADEIRO
SB046002,Miscellaneous Salon Services,SB040000,FALSO,VERDADEIRO
PN050814,Newspapers,P0000000,VERDADEIRO,VERDADEIRO
PN060815,Tabloids Printed on News Print,P0000000,VERDADEIRO,VERDADEIRO
PH403082,Human Tissue - Dental/Periodontal - sold to medical facility,0130,VERDADEIRO,VERDADEIRO
PI040006,Medicated Baby Powder,PI040000,VERDADEIRO,VERDADEIRO
PH403090,Human Tissue - Reconstructive Surgery - sold to medical facility,0130,VERDADEIRO,VERDADEIRO
PI041090,Diaper Pins,PI040000,VERDADEIRO,VERDADEIRO
PI040599,Breast Feeding:  Breast Shells and Nipple Enhancers,PI040000,VERDADEIRO,VERDADEIRO
PH403106,Porcine (pig) Tissue - Dental/Periodontal - sold to medical facility,0130,VERDADEIRO,VERDADEIRO
PI040610,Diaper Rash Ointments With Zinc,PI040000,VERDADEIRO,VERDADEIRO
PH400009,Miscellaneous Medical Durable Items - Items Used Directly on the Body,0760,VERDADEIRO,VERDADEIRO
PH404883,Suture substitutes - sold at retail,0840,VERDADEIRO,VERDADEIRO
OA020310,Admissions - Adult Entertainment,OA020300,FALSO,VERDADEIRO
OA020401,Admissions - Horse Race,OA020400,FALSO,VERDADEIRO
OA029339,Admissions - Bowling Alley,OA029338,FALSO,VERDADEIRO
OA020800,Admissions - Theatrical/Cinematic,OA020000,FALSO,VERDADEIRO
OA029340,Admissions - Bingo Game,OA029338,FALSO,VERDADEIRO
PH404418,Mask - inhalant/drug delivery - Sold to Medical Facility,0810,VERDADEIRO,VERDADEIRO
SS066906,Portable Toilet Services,SS060000,FALSO,VERDADEIRO
SA011060,Accounting Services performed by CPA,SA010000,FALSO,VERDADEIRO
SA035922,Advertising Media Inserts Sent Directly to Business Purchaser for Distribution,SA030000,VERDADEIRO,VERDADEIRO
PH403978,Wheelchair - spare parts,PH050300,VERDADEIRO,VERDADEIRO
PH404850,Cannula - Nasal - Sold to Medical Facility,0830,VERDADEIRO,VERDADEIRO
SA090103,Car Waxing Services,SA090000,FALSO,VERDADEIRO
SM016781,Facsimile Service - Charges for sending and receiving faxes,SM016778,FALSO,VERDADEIRO
PH404426,Mask - inhalant/drug delivery - FLD - Sold to Medical Facility,0810,VERDADEIRO,VERDADEIRO
PH405146,Traction Devices - Sold to Medical Facility,1000,VERDADEIRO,VERDADEIRO
SC166938,Professional Speaking Fees,SC160000,FALSO,VERDADEIRO
PH403946,Scooters,PH050300,VERDADEIRO,VERDADEIRO
SA016850,Payroll Services,SA010000,FALSO,VERDADEIRO
SA097130,Tire Recapping Services,SA090000,FALSO,VERDADEIRO
SA035930,Separately Stated Delivery Charges for Advertising Media Inserts Distributed via Newspaper Insert,SA030000,FALSO,VERDADEIRO
SF086522,Fur Repair,SF810000,FALSO,VERDADEIRO
SS087058,Sign Painting Services - Real Property,SS080000,FALSO,VERDADEIRO
PH404858,Filters - Ventilator - Sold to Medical Facility,0830,VERDADEIRO,VERDADEIRO
PH403979,Home Care:  Bath or Shower Chairs and Stools / Bath Bench,PH050300,VERDADEIRO,VERDADEIRO
PH404434,Mask - Oxygen FLD - Sold to Medical Facility,0810,VERDADEIRO,VERDADEIRO
PH404466,Oxygen Tent - Sold to Medical Facility,0810,VERDADEIRO,VERDADEIRO
SS046322,Armored Car Services,SS040000,FALSO,VERDADEIRO
PH404658,Tubes - Respiratory Prosthetic - Sold to Medical Facility,0810,VERDADEIRO,VERDADEIRO
SA186314,Alteration Services,S0000000,FALSO,VERDADEIRO
SB016682,Investment Advisor Services,SB010000,FALSO,VERDADEIRO
PH404994,Cast Boots/Shoes - Sold to Medical Facility,1000,VERDADEIRO,VERDADEIRO
SL066754,Lobbying Services,S0000000,FALSO,VERDADEIRO
PH403938,Crutches - accessories,PH050300,VERDADEIRO,VERDADEIRO
SA035914,Advertising Media Inserts Distributed via Solo Mail,SA030000,VERDADEIRO,VERDADEIRO
PH405051,Arch Supports / Ball Cushions / Heel Cups / Heel Supports (If It Says Support It Is A Support) (If It Says Cushion It Is CLIN),1000,VERDADEIRO,VERDADEIRO
PH403954,Walker,PH050300,VERDADEIRO,VERDADEIRO
PH403962,Walker - accessories,PH050300,VERDADEIRO,VERDADEIRO
SA035938,Separately Stated Delivery Charges for Advertising Media Inserts Distributed via Shared Mail Package,SA030000,FALSO,VERDADEIRO
PH403970,Wheelchair,PH050300,VERDADEIRO,VERDADEIRO
SB010300,Debt Counseling Services,SB010000,FALSO,VERDADEIRO
SA035946,Separately Stated Delivery Charges for Advertising Media Inserts Distributed via Solo Mail,SA030000,FALSO,VERDADEIRO
SS046634,Identity Theft Services,SS040000,FALSO,VERDADEIRO
PH405154,Traction Supplies - Sold to Medical Facility,1000,VERDADEIRO,VERDADEIRO
SA035954,Separately Stated Delivery Charges for Advertising Media Inserts Sent Directly to Business Purchaser for Distribution,SA030000,FALSO,VERDADEIRO
PH403939,Ambulatory:  Canes,PH050300,VERDADEIRO,VERDADEIRO
SA090101,Car Detailing Services,SA090000,FALSO,VERDADEIRO
PH403338,Oxygen supplies - Sold to Medical Facility,0400,VERDADEIRO,VERDADEIRO
PH403981,Home Care: Hand Rails and Grab Bars,PH050300,VERDADEIRO,VERDADEIRO
SA090102,Car Washing Services,SA090000,FALSO,VERDADEIRO
PH403982,Home Care: Recliner Lift Chairs / Lift Cushions (Must Push the Person Up),PH050300,VERDADEIRO,VERDADEIRO
PH403690,Batteries - hearing aid,0760,VERDADEIRO,VERDADEIRO
SA046866,Pet Grooming Services,SA040000,FALSO,VERDADEIRO
SF106514,Flying Lessons,S0000000,FALSO,VERDADEIRO
PH400031,Respiratory Aids - Sold to Medical Facility,0780,VERDADEIRO,VERDADEIRO
PG076546,Gift Wrapping Materials - Purchase by Retailer,P0000000,VERDADEIRO,VERDADEIRO
PH408930,Wheelchair - Sale to retailer for customer use,PH403970,VERDADEIRO,VERDADEIRO
SE040301,Temporary Help Services - Computer-Related Functions,SE040000,FALSO,VERDADEIRO
SM016780,Mailbox Occupancy - Rental of a mailbox,SM016778,FALSO,VERDADEIRO
PH403770,Equipment - medical spare parts - Sold to Medical Facility,0760,VERDADEIRO,VERDADEIRO
PH403004,Home Care: Over Bed Table or Tray - Sold to Medical Facility,0110,VERDADEIRO,VERDADEIRO
PH403802,Hardware - FLD - Sold to Medical Facility,0760,VERDADEIRO,VERDADEIRO
PH403003,Home Care: Bed Rails - Must Be A Medical Company Or In A Medical Department - Sold to Medical Facility,0110,VERDADEIRO,VERDADEIRO
PH403810,Infusor - Sold to Medical Facility,0760,VERDADEIRO,VERDADEIRO
PH403874,Sensors and accessories - Sold to Medical Facility,0760,VERDADEIRO,VERDADEIRO
PH403917,Equipment:  Vaporizer Replacement Parts - Sold to Medical Facility,0760,VERDADEIRO,VERDADEIRO
PH403746,Equipment - exercise/physical therapy - Sold to Medical Facility,0760,VERDADEIRO,VERDADEIRO
PS160751,Pipe Tobacco,PS160000,VERDADEIRO,VERDADEIRO
PS160749,Cigars - Premium - Costs More Than $2 Per Cigar,PS160000,VERDADEIRO,VERDADEIRO
OF020000,Cancellation Fees,O0000000,FALSO,VERDADEIRO
SE030003,"Event Labor - Skilled; Electrical, Rigging, Cabling, WiFi connectivity and Plumbing ",S0000000,FALSO,VERDADEIRO
PH403818,Nebulizer - Sold to Medical Facility,0760,VERDADEIRO,VERDADEIRO
SL027170,Tree Trimming Services,SL020000,FALSO,VERDADEIRO
SF096370,Catering Services,SF090000,FALSO,VERDADEIRO
PH403866,Scopes - spare parts - Sold to Medical Facility,0760,VERDADEIRO,VERDADEIRO
PH403658,ECG/EKG Accessories - Sold to Medical Facility,0750,VERDADEIRO,VERDADEIRO
SH026466,Drug Testing Services,SH020000,FALSO,VERDADEIRO
ST027106,Tattoo Services,ST020000,FALSO,VERDADEIRO
ST096306,Air Transportation Services,ST090000,FALSO,VERDADEIRO
PS160750,Tobacco: Smoking / Chewing / Snuff / DOES NOT INCLUDE Pipe Tobacco,PS160000,VERDADEIRO,VERDADEIRO
OF030000,Expedite Fees,S0000000,FALSO,VERDADEIRO
OL010000,License to Use Real Estate (commercial use),O0000000,FALSO,VERDADEIRO
SL006714,Lab Testing Services,S0000000,FALSO,VERDADEIRO
PH403786,Hardware - Sold to Medical Facility,0760,VERDADEIRO,VERDADEIRO
PH403794,Hardware - electrical - Sold to Medical Facility,0760,VERDADEIRO,VERDADEIRO
SH026626,Home Health Care Services,SH020000,FALSO,VERDADEIRO
PH403826,Oxygen tank - Sold to Medical Facility,0760,VERDADEIRO,VERDADEIRO
ST037114,Taxidermy,ST030000,FALSO,VERDADEIRO
PH403274,Drug - prescription diabetic,0390,VERDADEIRO,VERDADEIRO
PH403650,ECG Monitor - Implanted - Sold to Medical Facility,0750,VERDADEIRO,VERDADEIRO
PH403626,Blood Flow Imaging Equipment - FLD - Sold to Medical Facility,0750,VERDADEIRO,VERDADEIRO
PH403882,Sensors and accessories - FLD - Sold to Medical Facility,0760,VERDADEIRO,VERDADEIRO
PH403642,Blood pressure machine - spare parts - Sold to Medical Facility,0750,VERDADEIRO,VERDADEIRO
PH403890,Targeted Temperature Management Equipment - Sold to Medical Facility,0760,VERDADEIRO,VERDADEIRO
ST017098,Tanning Salon Services,ST010000,FALSO,VERDADEIRO
PH403666,ECG/EKGs - Sold to Medical Facility,0750,VERDADEIRO,VERDADEIRO
PH403674,Holter Accessories - Sold to Medical Facility,0750,VERDADEIRO,VERDADEIRO
PH403914,Transducer and accessories - Sold to Medical Facility,0760,VERDADEIRO,VERDADEIRO
PH403682,Holters - Sold to Medical Facility,0750,VERDADEIRO,VERDADEIRO
PH403922,X-ray screen - Sold to Medical Facility,0760,VERDADEIRO,VERDADEIRO
PH403916,Equipment:  Vaporizer - Sold to Medical Facility,0760,VERDADEIRO,VERDADEIRO
ST096738,Limousine Services,ST090000,FALSO,VERDADEIRO
ST097154,Transportation Services,ST090000,FALSO,VERDADEIRO
PH403714,Circuits - anesthesia - Sold to Medical Facility,0760,VERDADEIRO,VERDADEIRO
PH403722,Circuits - ventilator - Sold to Medical Facility,0760,VERDADEIRO,VERDADEIRO
PH403738,Defibrillator Accessories - Sold to Medical Facility,0760,VERDADEIRO,VERDADEIRO
PF190677,Cigarette Lighter Fluid,PF190000,VERDADEIRO,VERDADEIRO
SF072450,Upholstery - Fabrication from materials provided,SF070200,FALSO,VERDADEIRO
PR062482,Catering services - Equipment rental fees,PR060000,VERDADEIRO,VERDADEIRO
PS160747,Cigarettes,PS160000,VERDADEIRO,VERDADEIRO
PS160748,Cigars - Non Premium - Costs Less Than $2 Per Cigar,PS160000,VERDADEIRO,VERDADEIRO
PP210000,Packaging Materials,P0000000,VERDADEIRO,VERDADEIRO
SR060201,Repair (other)-performed on TPP (labor only charges),SP070000,FALSO,VERDADEIRO
SE030004,"Event Labor - Booth hosts/hostesses, presenters, audience gatherers - labor only",S0000000,FALSO,VERDADEIRO
SE030002,Event Labor - Dismantling technicians ,S0000000,FALSO,VERDADEIRO
SE030008,Event Design - Site Map and Plans / Trade Show Layouts / Display or Booth Layout (Digital Only - No Physical Media),S0000000,FALSO,VERDADEIRO
SE030007,"Event Refurbish / Maintain Displays - updating or repairing customer-owned displays to fit the customer’s needs. Includes materials - such as applying; laminate, graphics, flooring or fixtures.",S0000000,FALSO,VERDADEIRO
SE030005,Event Supervision - On-site supervisors / floor managers - labor only,S0000000,FALSO,VERDADEIRO
SE030001,Event Labor - Installation technicians ,S0000000,FALSO,VERDADEIRO
PH403834,Oxygen tank - FLD - Sold to Medical Facility,0760,VERDADEIRO,VERDADEIRO
PH403867,Equipment:  Stethoscope - Sold to Medical Facility,0760,VERDADEIRO,VERDADEIRO
ST147146,Towing Services,S0000000,FALSO,VERDADEIRO
PH403730,Defibrillator - Sold to Medical Facility,0760,VERDADEIRO,VERDADEIRO
PR062498,Catering services - Room rental charges,PR060000,VERDADEIRO,VERDADEIRO
SC155882,Carpentry Services - Tangible Personal Property,SC150000,FALSO,VERDADEIRO
SR060101,Repair (other)-performed on TPP (equipment/parts and labor) - separately stated charges,SP070000,FALSO,VERDADEIRO
SM016782,Packaging Service - Prepare customer goods (purchased elsewhere) for transport - Does not include packing materials,SM016778,FALSO,VERDADEIRO
OA020403,Admissions - Motorsports,OA020400,FALSO,VERDADEIRO
SE030006,"Event Logistics - Prepare displays for shipment to/from events. Includes handling, inspecting and packing displays.",S0000000,FALSO,VERDADEIRO
OA020402,Admissions - Combative Sports,OA020400,FALSO,VERDADEIRO
DC020200,Custom Computer Software - electronically downloaded (Business-To-Customer),DC020000,FALSO,VERDADEIRO
PC040605,Clothing And Related Products (Business-To-Customer)-Wetsuits,PC040600,VERDADEIRO,VERDADEIRO
PH404242,Medical Supplies - General: Electrodes - sold to medical facility,0810,VERDADEIRO,VERDADEIRO
PH404442,Medical Supplies - General: Measuring devices - sold to medical facility,0810,VERDADEIRO,VERDADEIRO
PH405386,Paper - EKG - sold to medical facility,1210,VERDADEIRO,VERDADEIRO
PH402930,Safety supplies - sold to medical facility,0040,VERDADEIRO,VERDADEIRO
PH404346,"Medical Supplies - General: Gloves - surgical, exam and chemical - sold to medical facility",0810,VERDADEIRO,VERDADEIRO
PH402842,Covers - sold to medical facility,0040,VERDADEIRO,VERDADEIRO
PH404018,Catheter - coronary/heart tray - sold to medical facility,0780,VERDADEIRO,VERDADEIRO
PH404106,Peripherally Inserted Central Catheter (PICC) - sold to medical facility,0780,VERDADEIRO,VERDADEIRO
PH403018,IV stands/poles - sold to medical facility,0110,VERDADEIRO,VERDADEIRO
PH400004,Denture Adhesives And Cushions,0900,VERDADEIRO,VERDADEIRO
PH400923,Lambs Wool Pads,1140,VERDADEIRO,VERDADEIRO
PE070220,Energy Efficient Equipment - Non-commercial (residential) - Clothes Dryers,PE070000,VERDADEIRO,VERDADEIRO
PE070228,Energy Efficient Equipment - Non-Commercial (residential) - Microwave Ovens,PE070000,VERDADEIRO,VERDADEIRO
DC010100,Custom Computer Software - physical media (Business-To-Business),DC010000,VERDADEIRO,VERDADEIRO
DC020300,"Custom Computer Software - ""load and leave"" (Business-To-Customer)",DC020000,FALSO,VERDADEIRO
PH404450,Medical Supplies - General: Measuring devices - FLD - sold to medical facility,0810,VERDADEIRO,VERDADEIRO
PH404250,Medical Supplies - General: Electrodes - accessories - sold to medical facility,0810,VERDADEIRO,VERDADEIRO
PH404362,Medical Supplies - General: Irrigation - accessories - sold to medical facility,0810,VERDADEIRO,VERDADEIRO
PH404146,Bedpans - sold to medical facility,0810,VERDADEIRO,VERDADEIRO
PH403034,Positioners/rolls - sold to medical facility,0110,VERDADEIRO,VERDADEIRO
PH405394,Paper supplies - sold to medical facility,1210,VERDADEIRO,VERDADEIRO
PH402938,Sheets/drapes - cloth or reusable - sold to medical facility,0040,VERDADEIRO,VERDADEIRO
PH402858,Eyewear - protective - sold to medical facility,0040,VERDADEIRO,VERDADEIRO
PH404034,Catheter - IV - sold to medical facility,0780,VERDADEIRO,VERDADEIRO
PF199605,Butane (Lighter Fluid For Cigarette Lighters) / Sterno / Small Tubes Of Propane (Coleman),PF190200,VERDADEIRO,VERDADEIRO
PH400924,Epsom Salts,1140,VERDADEIRO,VERDADEIRO
PS116242,Signs Attached to Realty,PS110000,VERDADEIRO,VERDADEIRO
PC040606,Clothing And Related Products (Business-To-Consumer)-Swim Fins,PC040600,VERDADEIRO,VERDADEIRO
PE070221,Energy Efficient Equipment - Non-commercial (residential) - Steam Cleaners,PE070000,VERDADEIRO,VERDADEIRO
DC010200,Custom Computer Software - electronically downloaded (Business-To-Business),DC010000,FALSO,VERDADEIRO
DC010300,"Custom Computer Software - ""load and leave"" (Business-To-Business)",DC010000,FALSO,VERDADEIRO
DC010400,Computer Software (prewritten/canned) physical media (Business-To-Business),DC010000,VERDADEIRO,VERDADEIRO
DC020400,Computer Software - (prewritten/canned) physical media (Business-To-Customer),DC020000,VERDADEIRO,VERDADEIRO
DC020500,Computer Software - (prewritten/canned) electronically downloaded (Business-To-Customer),DC020000,FALSO,VERDADEIRO
PE070212,Energy Efficient Equipment - Room Air conditioners,PE070200,VERDADEIRO,VERDADEIRO
PH404266,Medical Supplies - General: Electrodes - FLD - sold to medical facility,0810,VERDADEIRO,VERDADEIRO
PH404378,Medical Supplies - General: Irrigation supplies - sold to medical facility,0810,VERDADEIRO,VERDADEIRO
PH404202,Medical Supplies - General: Container - medical - sold to medical facility,0810,VERDADEIRO,VERDADEIRO
PH404274,Medical Supplies - General: Enema - accessories - sold to medical facility,0810,VERDADEIRO,VERDADEIRO
PH404386,Medical Supplies - General: Lab chemical supplies - sold to medical facility,0810,VERDADEIRO,VERDADEIRO
PH404178,Medical Supplies - General: Cleanser - non-medicated - sold to medical facility,0810,VERDADEIRO,VERDADEIRO
PH404258,Medical Supplies - General: Electrodes - accessories - FLD - sold to medical facility,0810,VERDADEIRO,VERDADEIRO
PH404370,Medical Supplies - General: Irrigation - accessories - FLD - sold to medical facility,0810,VERDADEIRO,VERDADEIRO
PH403042,Restraints - safety - sold to medical facility,0110,VERDADEIRO,VERDADEIRO
PH403050,Restraints - vests - sold to medical facility,0110,VERDADEIRO,VERDADEIRO
PH402946,Sheets/drapes - disposable - sold to medical facility,0040,VERDADEIRO,VERDADEIRO
PH402954,Sleeves - sold to medical facility,0040,VERDADEIRO,VERDADEIRO
PH402962,Towels - cloth - sold to medical facility,0040,VERDADEIRO,VERDADEIRO
SB071000,Marina/Dock Rentals,PF190200,FALSO,VERDADEIRO
PH405059,Non Medicated Breathe Right Strips,1000,VERDADEIRO,VERDADEIRO
PH405226,Patient personal hygiene - sold to medical facility,1140,VERDADEIRO,VERDADEIRO
PH402810,Apparel - patient - sold to medical facility,0040,VERDADEIRO,VERDADEIRO
PH402874,Diapers - Adult - sold at retail,0040,VERDADEIRO,VERDADEIRO
PH404050,Catheter - Other (Uncategorized) - sold to medical facility,0780,VERDADEIRO,VERDADEIRO
PH402882,Incontinent liners - sold at retail,0040,VERDADEIRO,VERDADEIRO
PH404042,Catheter - IV kit - sold to medical facility,0780,VERDADEIRO,VERDADEIRO
PH404058,Catheter - pressure monitoring - sold to medical facility,0780,VERDADEIRO,VERDADEIRO
PH409601,Antibacterial Hand Sanitizers,1140,VERDADEIRO,VERDADEIRO
PH409618,Medicated Lip Balms,1140,VERDADEIRO,VERDADEIRO
PH400007,Miscellaneous Medical Consumable Items - Ortho Wax,0900,VERDADEIRO,VERDADEIRO
PF199607,Charcoal Lighter Fluid,PF190200,VERDADEIRO,VERDADEIRO
PH400956,Hair Restoration Products - Medicated - Bearing a Drug Facts Panel,PG080000,VERDADEIRO,VERDADEIRO
PH400167,Medicated Douches,1140,VERDADEIRO,VERDADEIRO
PH404188,Reusable Therapy Products - sold to medical facility,0810,VERDADEIRO,VERDADEIRO
PM020780,Industrial Machine Tools,P0000000,VERDADEIRO,VERDADEIRO
PE070222,Energy Efficient Equipment - Non-commercial (residential) - Electric Cold Beverage Dispensers,PE070000,VERDADEIRO,VERDADEIRO
PA3000100,Furniture,P0000000,VERDADEIRO,VERDADEIRO
PE070215,Energy Efficient Equipment - Non-commercial (residential) - Trash Compactors,PE070000,VERDADEIRO,VERDADEIRO
PE070223,Energy Efficient Equipment - Non-commercial (residential) - Electric Hot Beverage Dispensers,PE070000,VERDADEIRO,VERDADEIRO
PA3000101,Furniture / Mattress (Home Use),P0000000,VERDADEIRO,VERDADEIRO
PE070216,Energy Efficient Equipment - Non-commercial (residential) - Food Waste Disposers,PE070000,VERDADEIRO,VERDADEIRO
DC010500,Computer Software (prewritten/canned) electronically downloaded (Business-To-Business),DC010000,FALSO,VERDADEIRO
DC010600,"Computer Software (prewritten/canned) delivered via ""load and leave"" (Business-To-Business)",DC010000,FALSO,VERDADEIRO
DC020100,Custom Computer Software - physical media (Business-To-Customer),DC020000,VERDADEIRO,VERDADEIRO
DC020600,"Computer Software - (prewritten/canned) delivered via ""load and leave"" (Business-To-Customer)",DC020000,FALSO,VERDADEIRO
PC030605,Clothing And Related Products (Business-To-Business)-Wetsuits,PC030600,VERDADEIRO,VERDADEIRO
PH050733,Breast radiation treatment catheter device - sold to medical facility,PH050700,VERDADEIRO,VERDADEIRO
PH404218,Medical Supplies - General: Container - nonmedical - sold to medical facility,0810,VERDADEIRO,VERDADEIRO
PH404322,Medical Supplies - General: Filters - sold to medical facility,0810,VERDADEIRO,VERDADEIRO
PH404402,Medical Supplies - General: Lab supplies - sold to medical facility,0810,VERDADEIRO,VERDADEIRO
PH404330,Medical Supplies - General: Filters - FLD - sold to medical facility,0810,VERDADEIRO,VERDADEIRO
PH404410,Medical Supplies - General: Lab supplies - FLD - sold to medical facility,0810,VERDADEIRO,VERDADEIRO
PH404210,Medical Supplies - General: Container - medical - FLD - sold to medical facility,0810,VERDADEIRO,VERDADEIRO
PH404234,Medical Supplies - General: Depressors - tongue - sold to medical facility,0810,VERDADEIRO,VERDADEIRO
PH404394,Medical Supplies - General: Lab chemical supplies - FLD - sold to medical facility,0810,VERDADEIRO,VERDADEIRO
PH404074,Catheter - suction kit - sold to medical facility,0780,VERDADEIRO,VERDADEIRO
PH402914,Paper - exam table - sold to medical facility,0040,VERDADEIRO,VERDADEIRO
PH402922,Pillows - orthopedic support - sold to medical facility,0040,VERDADEIRO,VERDADEIRO
PH404090,Catheter - urinary kit - sold to medical facility,0780,VERDADEIRO,VERDADEIRO
SP106914,Printing Services,SP100000,FALSO,VERDADEIRO
PH402986,Underpads - sold to medical facility,0040,VERDADEIRO,VERDADEIRO
PH402970,Towels - disposable - sold to medical facility,0040,VERDADEIRO,VERDADEIRO
PH402978,Towels - operating room - sold to medical facility,0040,VERDADEIRO,VERDADEIRO
SM146802,Marketing Services,S0000000,FALSO,VERDADEIRO
PH405370,Gift items - sold to medical facility,1210,VERDADEIRO,VERDADEIRO
PH402826,Blankets - sold to medical facility,0040,VERDADEIRO,VERDADEIRO
PH402834,Blankets - FLD - sold to medical facility,0040,VERDADEIRO,VERDADEIRO
PH400874,Cosmetics - Medicated,1140,VERDADEIRO,VERDADEIRO
PH403994,Catheter - angioplasty - sold to medical facility,0780,VERDADEIRO,VERDADEIRO
PH404002,Catheter - balloon - sold to medical facility,0780,VERDADEIRO,VERDADEIRO
PH404290,Medical Supplies - General: Eyecare supplies - sold to medical facility,0810,VERDADEIRO,VERDADEIRO
PH404066,Catheter - suction - sold to medical facility,0780,VERDADEIRO,VERDADEIRO
PH402906,Pads - decubitus - sold to medical facility,0040,VERDADEIRO,VERDADEIRO
PH405378,ID Bands and other identification - sold to medical facility,1210,VERDADEIRO,VERDADEIRO
PH400827,Cosmetic Astringents (DOES NOT Include Any Product W/ Acne Indications),1140,VERDADEIRO,VERDADEIRO
PH050859,Witch Hazel,PH050700,VERDADEIRO,VERDADEIRO
PH403986,Catheter - accessories - sold to medical facility,0780,VERDADEIRO,VERDADEIRO
SS227026,Sales Services,S0000000,FALSO,VERDADEIRO
PG081618,Mixed Products and Baskets Wherein Exempt Items Constitute 51% to 89% of the Total Value of the Basket or Container,PG080000,VERDADEIRO,VERDADEIRO
PR060230,Rental or Lease / Rental-Purchase Agreement (Rent-to-Own) / Audio-Visual (AV) Equipment / Non-Business Use,,VERDADEIRO,VERDADEIRO
PR060240,Rental or Lease / Rental-Purchase Agreement (Rent-to-Own) / Furniture / Non-Business Use,,VERDADEIRO,VERDADEIRO
PR060210,"Rental or Lease / Rental-Purchase Agreement (Rent-to-Own) / Tangible Personal Property / Excludes Audio Media, Audio-Visual (AV) Equipment, and Furniture / Non-Business Use",,VERDADEIRO,VERDADEIRO
PA3000102,Furniture / Box Spring (Home Use),P0000000,VERDADEIRO,VERDADEIRO
PE070217,Energy Efficient Equipment - Non-commercial (residential) - Compact Refrigerators,PE070000,VERDADEIRO,VERDADEIRO
PE070225,Energy Efficient Equipment - Non-Commercial (residential) - Surface Cooking Units,PE070000,VERDADEIRO,VERDADEIRO
PE070218,Energy Efficient Equipment - Non-commercial (residential) - Portable Air Conditioners,PE070000,VERDADEIRO,VERDADEIRO
PE070226,Energy Efficient Equipment - Non-Commercial (residential) - Ranges,PE070000,VERDADEIRO,VERDADEIRO
PC030606,Clothing And Related Products (Business-To-Business)-Swim Fins,PC030600,VERDADEIRO,VERDADEIRO
PE070219,Energy Efficient Equipment - Non-commercial (residential) - Range Hoods and Downdrafts,PE070000,VERDADEIRO,VERDADEIRO
PE070227,Energy Efficient Equipment - Non-Commercial (residential) - Ovens,PE070000,VERDADEIRO,VERDADEIRO
PH404130,Test Strips Used In Diabetes Treatment - Sold at Retail,0790,VERDADEIRO,VERDADEIRO
PH050731,Reagents - sold to medical facility,PH050700,VERDADEIRO,VERDADEIRO
PH404354,Heat pack,0810,VERDADEIRO,VERDADEIRO
PH404650,Medical Supplies - General: Tubes - rectal - sold to medical facility,0810,VERDADEIRO,VERDADEIRO
PH404154,Medical Supplies - General: Cannula - sold to medical facility,0810,VERDADEIRO,VERDADEIRO
PH404522,Medical Supplies - General: Skin marker - disposable - sold to medical facility,0810,VERDADEIRO,VERDADEIRO
PH404586,Medical Supplies - General: Supplies - sterilization - sold to medical facility,0810,VERDADEIRO,VERDADEIRO
PH403394,Food - Nutrients - sold to medical facility,0500,VERDADEIRO,VERDADEIRO
PH403594,Kits - surgical disposable - sold to medical facility,0670,VERDADEIRO,VERDADEIRO
PH402891,Home Care: Invalid Rings and Cushions,0040,VERDADEIRO,VERDADEIRO
PH403210,Dental Equipment - treatment - sold to dental facility,0320,VERDADEIRO,VERDADEIRO
PH403538,Kits - infusion - sold to medical facility,0670,VERDADEIRO,VERDADEIRO
PH404730,Needles - accessories - sold to medical facility,0820,VERDADEIRO,VERDADEIRO
PH405426,Instrument - surgical/medical disposable - sold to medical facility,1220,VERDADEIRO,VERDADEIRO
PH404786,Needles - spinal - sold to medical facility,0820,VERDADEIRO,VERDADEIRO
PH403474,Kits - custom procedure tray - sold to medical facility,0670,VERDADEIRO,VERDADEIRO
PH405298,Dressing - transparent,1150,VERDADEIRO,VERDADEIRO
PH404898,Tape - adhesive - sold to medical facility,0840,VERDADEIRO,VERDADEIRO
PH400008,Medical Equipment:  Therometer Replacement Tips,0670,VERDADEIRO,VERDADEIRO
PH404530,Medical Supplies - General: Specimen collection - sold to medical facility,0810,VERDADEIRO,VERDADEIRO
PH404594,Medical Supplies - General: Supplies - suction - sold to medical facility,0810,VERDADEIRO,VERDADEIRO
PH404227,Condoms / Foams / Jellies Containing Spermicide,0810,VERDADEIRO,VERDADEIRO
PH404538,Medical Supplies - General: Specimen collection - FLD - sold to medical facility,0810,VERDADEIRO,VERDADEIRO
PH404602,Medical Supplies - General: Tape - misc. - sold to medical facility,0810,VERDADEIRO,VERDADEIRO
PH404674,Medical Supplies - General: Tubing - FLD - sold to medical facility,0810,VERDADEIRO,VERDADEIRO
PH404474,Medical Supplies - General: Pads - defibrillator - sold to medical facility,0810,VERDADEIRO,VERDADEIRO
PH403610,Kits - trach. care - sold to medical facility,0670,VERDADEIRO,VERDADEIRO
PH404666,Medical Supplies - General - Tubing - sold to medical facility,0810,VERDADEIRO,VERDADEIRO
PH403218,Dental Instrument - treatment - sold to dental facility,0320,VERDADEIRO,VERDADEIRO
PH405242,Bandages - adhesive - non medicated,1150,VERDADEIRO,VERDADEIRO
PH403546,Kits - irrigation - sold to medical facility,0670,VERDADEIRO,VERDADEIRO
PH404738,Needles - accessories - FLD - sold to medical facility,0820,VERDADEIRO,VERDADEIRO
PH403554,Kits - IV - sold to medical facility,0670,VERDADEIRO,VERDADEIRO
PH405322,Swabs,1150,VERDADEIRO,VERDADEIRO
PH405018,Donuts,1000,VERDADEIRO,VERDADEIRO
PH405434,Instrument - surgical/medical disposable - FLD - sold to medical facility,1220,VERDADEIRO,VERDADEIRO
PH403602,Kits - testing - sold to medical facility,0670,VERDADEIRO,VERDADEIRO
PH405442,Instrument - surgical/medical reusable - sold to medical facility,1220,VERDADEIRO,VERDADEIRO
PH404802,Syringes - ear - sold to medical facility,0820,VERDADEIRO,VERDADEIRO
PH404746,Needles - disposable - sold to medical facility,0820,VERDADEIRO,VERDADEIRO
PH405323,Sterile Cotton Balls,1150,VERDADEIRO,VERDADEIRO
PH404810,Syringes - hypodermic disposable - sold to medical facility,0820,VERDADEIRO,VERDADEIRO
PH404458,Mouthpiece - sold to medical facility,0810,VERDADEIRO,VERDADEIRO
PH400014,Syringes - Not Diabetic Supply - sold to medical facility,0780,VERDADEIRO,VERDADEIRO
PH403482,Kits - custom procedure tray - FLD - sold to medical facility,0670,VERDADEIRO,VERDADEIRO
PH403490,Kits - Disposable Wound Drain - sold to medical facility,0670,VERDADEIRO,VERDADEIRO
PH150101,Corrective eyeglasses without a prescription sold to Ophthalmologists  Optometrists  Opticians  Oculists,PH050400,VERDADEIRO,VERDADEIRO
PH400063,Hypodermic Syringes - Insulin -  1.0 ML or smaller,0790,VERDADEIRO,VERDADEIRO
PH402923,Home Care: Cervical Pillows / Foam Wedges,0040,VERDADEIRO,VERDADEIRO
PA3000200,Architectural Paint,P0000000,VERDADEIRO,VERDADEIRO
PH404298,Medical Supplies - General: Film - sold to medical facility,0810,VERDADEIRO,VERDADEIRO
PH404482,Medical Supplies - General: Pads - grounding - FLD - sold to medical facility,0810,VERDADEIRO,VERDADEIRO
PH404570,Medical Supplies - General: Supplies - instrument cleaning - sold to medical facility,0810,VERDADEIRO,VERDADEIRO
PH404618,Medical Supplies - General: Test - Strep - sold to medical facility,0810,VERDADEIRO,VERDADEIRO
PH404698,Medical Supplies - General: Valve - Lopez - sold to medical facility,0810,VERDADEIRO,VERDADEIRO
PH404306,Medical Supplies - General: Film - x-ray - sold to medical facility,0810,VERDADEIRO,VERDADEIRO
PH404506,Medical Supplies - General: Scrub brushes - non-medicated - sold to medical facility,0810,VERDADEIRO,VERDADEIRO
PH404578,Medical Supplies - General: Supplies - medical disposable - sold to medical facility,0810,VERDADEIRO,VERDADEIRO
PH404634,Medical Supplies - General: Tubes - gas - sold to medical facility,0810,VERDADEIRO,VERDADEIRO
PH404314,Medical Supplies - General: Film Supplies - sold to medical facility,0810,VERDADEIRO,VERDADEIRO
PH404562,Medical Supplies - General: Supplies - adhesive - sold to medical facility,0810,VERDADEIRO,VERDADEIRO
PH404610,Medical Supplies - General: Targeted Temperature Management Supplies - sold to medical facility,0810,VERDADEIRO,VERDADEIRO
PH404642,Medical Supplies - General: Tubes - gas - FLD - sold to medical facility,0810,VERDADEIRO,VERDADEIRO
PH404682,Medical Supplies - General: Urinal - disposable - sold to medical facility,0810,VERDADEIRO,VERDADEIRO
PH404514,Medical Supplies - General: Sets - administrative & IV supplies - sold to medical facility,0810,VERDADEIRO,VERDADEIRO
PH403026,Mattress - sold to medical facility,0110,VERDADEIRO,VERDADEIRO
PH404554,Medical Supplies - General: Stopcock - FLD - sold to medical facility,0810,VERDADEIRO,VERDADEIRO
PH403442,Blood Flow Imaging Kit - FLD - sold to medical facility,0670,VERDADEIRO,VERDADEIRO
PH405402,Autotransfusion Device - sold to medical facility,1220,VERDADEIRO,VERDADEIRO
PH403466,Kits - anesthesia - sold to medical facility,0670,VERDADEIRO,VERDADEIRO
PH405410,Disposable Surgical Blades - sold to medical facility,1220,VERDADEIRO,VERDADEIRO
PH405418,Equipment - surgical - sold to medical facility,1220,VERDADEIRO,VERDADEIRO
PH404714,Medical Supplies - General: Wire - FLD - sold to medical facility,0810,VERDADEIRO,VERDADEIRO
PH405290,Dressing - non-adhesive,1150,VERDADEIRO,VERDADEIRO
PH404770,Needles - other disposable not hypo - sold to medical facility,0820,VERDADEIRO,VERDADEIRO
PH403618,Kits - wound care - sold to medical facility,0670,VERDADEIRO,VERDADEIRO
PH405450,Instrument - surgical/medical reusable - FLD - sold to medical facility,1220,VERDADEIRO,VERDADEIRO
PH404826,Syringes - irrigation - sold to medical facility,0820,VERDADEIRO,VERDADEIRO
PH405458,Shields - sold to medical facility,1220,VERDADEIRO,VERDADEIRO
PH404754,Needles - hypodermic disposable - sold to medical facility,0820,VERDADEIRO,VERDADEIRO
PH404834,Syringes - other (temporary category only) - sold to medical facility,0820,VERDADEIRO,VERDADEIRO
PH405466,Supplies - surgical disposable - sold to medical facility,1220,VERDADEIRO,VERDADEIRO
PH404762,Needles - hypodermic reusable - sold to medical facility,0820,VERDADEIRO,VERDADEIRO
PH405474,Supplies - surgical reusable - sold to medical facility,1220,VERDADEIRO,VERDADEIRO
PH404778,Needles - reusable - sold to medical facility,0820,VERDADEIRO,VERDADEIRO
PH405258,Bandages - gauze,1150,VERDADEIRO,VERDADEIRO
PH405274,Dressing - adhesive,1150,VERDADEIRO,VERDADEIRO
PH404818,Syringes - hypodermic reusable - sold to medical facility,0820,VERDADEIRO,VERDADEIRO
PH404842,Syringes - reusable - sold to medical facility,0820,VERDADEIRO,VERDADEIRO
PH405330,Wound care supplies,1150,VERDADEIRO,VERDADEIRO
PH403450,Dressing change trays - sold to medical facility,0670,VERDADEIRO,VERDADEIRO
SE109350,Embroidery Services - not associated with the sale of clothing or other TPP,SE100200,FALSO,VERDADEIRO
PH403458,Kits - amenities - sold to medical facility,0670,VERDADEIRO,VERDADEIRO
PH403562,Kits - lab - sold to medical facility,0670,VERDADEIRO,VERDADEIRO
PH403570,Kits - medical procedure (nonsurgical) - sold to medical facility,0670,VERDADEIRO,VERDADEIRO
PH404490,Medical Supplies - General: Salem sump tube - FLD - sold to medical facility,0810,VERDADEIRO,VERDADEIRO
PH403586,Kits - surgical - sold to medical facility,0670,VERDADEIRO,VERDADEIRO
PH403130,Tubes - hematology - sold to medical facility,0130,VERDADEIRO,VERDADEIRO
PH400914,Foot Care Supplies - Medicated,1140,VERDADEIRO,VERDADEIRO
SG046826,Outdoors Guide Services,SG040000,FALSO,VERDADEIRO
PH403498,Kits - eye - FLD - sold to medical facility,0670,VERDADEIRO,VERDADEIRO
PH403506,Kits - feeding - sold to medical facility,0670,VERDADEIRO,VERDADEIRO
PH403530,Kits - holter - FLD - sold to medical facility,0670,VERDADEIRO,VERDADEIRO
PH405243,Medicated Bandages:  Antiseptic / Anti-Itch /  Wart Medicated Pads / Callus And Corn Medicated Pads,1150,VERDADEIRO,VERDADEIRO
PH403578,Kits - pregnancy testing - sold to medical facility,0670,VERDADEIRO,VERDADEIRO
SP186834,Parking Lot Painting,S0000000,FALSO,VERDADEIRO
PH150104,Sunglasses without Rx (non-corrective) sold to Ophthalmologists  Optometrists  Opticians  Oculists ,PH050400,VERDADEIRO,VERDADEIRO
PH150131,Corrective eyeglasses without a prescription sold by Opticians,PH050400,VERDADEIRO,VERDADEIRO
PH150136,Sunglass Frames without Rx sold by Opticians ,PH050400,VERDADEIRO,VERDADEIRO
PH150121,Corrective eyeglasses without a prescription sold by Optometrists,PH050400,VERDADEIRO,VERDADEIRO
PH400972,Lip Balm /No Color or Tint / No Drug Facts Panel or Active Ingredients,1140,VERDADEIRO,VERDADEIRO
PA3000201,Automotive Paint,P0000000,VERDADEIRO,VERDADEIRO
PA3000202,Aerosol Paint,P0000000,VERDADEIRO,VERDADEIRO
PA3000203,Marine Paint,P0000000,VERDADEIRO,VERDADEIRO
PA3000204,Traffic Marking Paint,P0000000,VERDADEIRO,VERDADEIRO
PA3000205,Tree Marking Paint,P0000000,VERDADEIRO,VERDADEIRO
PH403402,Food product supplies,0500,VERDADEIRO,VERDADEIRO
PH403434,Utensils and amenities - disposable,0500,VERDADEIRO,VERDADEIRO
SD020904,Data - processing - for business use,SD020000,FALSO,VERDADEIRO
PH403426,Utensils & amenities - reusable,0500,VERDADEIRO,VERDADEIRO
PH403386,Food - Dietary supplies,0500,VERDADEIRO,VERDADEIRO
SD020903,Data - processing - electronic output - for business use,SD020900,FALSO,VERDADEIRO
FR070100,Mandatory Insurance Charges on Shipments,FR000000,FALSO,VERDADEIRO
DC020503,Computer Software - non-educational - prewritten/canned - electronically downloaded - (Business-To-Business),DC020500,FALSO,VERDADEIRO
PR060220,Rental or Lease / Operating Lease / Audio-Visual (AV) Equipment / Business Use,,VERDADEIRO,VERDADEIRO
PA3000300,Passenger Vehicle Tire,P0000000,VERDADEIRO,VERDADEIRO
PA3000301,Commercial Truck Tire,P0000000,VERDADEIRO,VERDADEIRO
PA3000302,Motorcycle Tire,P0000000,VERDADEIRO,VERDADEIRO
PA3000303,Tires Not Intended for Automotive Use,P0000000,VERDADEIRO,VERDADEIRO
PA3000400,Lumber - Solid Wood Product,P0000000,VERDADEIRO,VERDADEIRO
PA3000401,Lumber - Engineered Wood Product,P0000000,VERDADEIRO,VERDADEIRO
PR060110,Computer Use Access via Workstation,P0000000,VERDADEIRO,VERDADEIRO
SS010100,Scanning Services – Services Only – No Transfer of TPP,S0000000,FALSO,VERDADEIRO
SS010101,Scanning Services – Service and TPP transferred to customer,S0000000,FALSO,VERDADEIRO
PH403234,Dental supplies - sold to dental facility,0320,VERDADEIRO,VERDADEIRO
PR091000,Rental or Lease / Operating Lease / Tangible Personal Property,,VERDADEIRO,VERDADEIRO
PC100005,Numismatic - Coins - U.S. Currency - Gold and Silver Only,PC100000,VERDADEIRO,VERDADEIRO
PC100006,Numismatic - Coins - Currency from nations other than the U.S. - Gold and Silver Only,PC100000,VERDADEIRO,VERDADEIRO
PC100103,Bullion Coins - U.S. Minted - Palladium Only - Meets Required Minimum Fineness,PC100000,VERDADEIRO,VERDADEIRO
PC100203,Bullion Coins - Minted by nations other than the U.S. - Palladium Only - Meets Required Minimum Fineness,PC100000,VERDADEIRO,VERDADEIRO
PC100223,Bullion Coins - Minted by nations other than the U.S. - Palladium Only - Fineness 90% or greater but less than minimum fineness standards,PC100000,VERDADEIRO,VERDADEIRO
PC100313,Bullion - Palladium Only - 90% pure or greater but less than minimum fineness standards,PC100000,VERDADEIRO,VERDADEIRO
SC120600,Computer software technical services (custom software)-mandatory (physical media),SC120000,FALSO,VERDADEIRO
SC130600,Computer software technical services (prewritten software)-mandatory (physical media),SC130000,FALSO,VERDADEIRO
PA0030000,EXPIRED - DO NOT USE,PA0000000,VERDADEIRO,FALSO
PA0030200,EXPIRED - DO NOT USE,PA0030000,VERDADEIRO,FALSO
PA2000000,Alcohol,P0000000,VERDADEIRO,FALSO
PA2010100,By the Drink - Spirits,PA2010000,VERDADEIRO,VERDADEIRO
PA2010201,By the Drink - Cereal Malt Beverage,PA2010200,VERDADEIRO,VERDADEIRO
PA2010400,By the Drink - Hard Cider and Other Flavored Beverages,PA2010000,VERDADEIRO,VERDADEIRO
OA020901,Admissions - Facility Fee,OA020000,FALSO,FALSO
PA2020100,Packaged Alcohol - Spirits,PA2000000,VERDADEIRO,VERDADEIRO
PA2020201,Packaged Alcohol - Cereal Malt Beverage,PA2000000,VERDADEIRO,VERDADEIRO
PA2020301,Packaged Alcohol - Sparkling Wine,PA2000000,VERDADEIRO,VERDADEIRO
PA2020400,Packaged Alcohol - Hard Cider and Other Flavored Beverages,PA2000000,VERDADEIRO,VERDADEIRO
PB308788,Lead-Acid Farm Tractor Battery (excludes core charge deposits),PB308786,VERDADEIRO,VERDADEIRO
SC120400,Computer software technical services (custom software)-mandatory (load and leave),SC120000,FALSO,VERDADEIRO
SC130400,Computer software technical services (prewritten software)-mandatory (load and leave),SC130000,FALSO,VERDADEIRO
PA0030100,EXPIRED - DO NOT USE,PA0030000,VERDADEIRO,FALSO
PA0030300,EXPIRED - DO NOT USE,PA0030000,VERDADEIRO,FALSO
PA2010000,Alcoholic Beverage,PA2000000,VERDADEIRO,FALSO
PA2010200,By the Drink - Beer,PA2010000,VERDADEIRO,VERDADEIRO
PA2010300,By the Drink - Wine,PA2010000,VERDADEIRO,VERDADEIRO
PA2010500,By the Drink - Mixed Alcoholic Beverage,PA2010000,VERDADEIRO,VERDADEIRO
OA020900,Admissions - Service Processing Fee,OA020000,FALSO,FALSO
PA2020200,Packaged Alcohol - Beer,PA2000000,VERDADEIRO,VERDADEIRO
PA2020300,Packaged Alcohol - Wine,PA2000000,VERDADEIRO,VERDADEIRO
PA2020302,Packaged Alcohol - Fortified Wine,PA2000000,VERDADEIRO,VERDADEIRO
PA2020500,Packaged Alcohol - Mixed Alcoholic Beverages,PA2000000,VERDADEIRO,VERDADEIRO
SE031000,Service Contract for Use of Special Equipment - Control and discretion on equipment usage maintained by owner,S0000000,FALSO,VERDADEIRO
PF050230,"Beverage / Milk Substitute (non-animal source), Flavored Milk and Drinkable Yogurt / Less than 600ml (20.288 fl oz)",PF050210,VERDADEIRO,FALSO
PS081282123,Yarn,PS080100,VERDADEIRO,VERDADEIRO
SS197074,Snow Removal Services -Performed on Property Grounds - Excludes snow removal from atop structures,S0000000,FALSO,VERDADEIRO
ST157138,Title Search Services - related to real estate,S0000000,FALSO,VERDADEIRO
DN010000,Digital Newspaper Subscription - access to similar content as in the print edition - for non-business use,D0000000,FALSO,VERDADEIRO
PE070224,Energy Efficient Equipment Non-commercial (residential) use - Electric Hot and Cold Combo Beverage Dispensers,PE070000,VERDADEIRO,VERDADEIRO
OT010600,Reimbursed services and products expenses associated with legal services,OT010000,FALSO,VERDADEIRO
SL060100,Legal Services - In-person services,S0000000,FALSO,VERDADEIRO
SL060200,Legal Services - Online services,S0000000,FALSO,VERDADEIRO
SL060300,Notary Public Services,S0000000,FALSO,VERDADEIRO
SL060310,Patent Agent Services (i.e. patent filing and searching services),S0000000,FALSO,VERDADEIRO
SL060320,Paralegal Services,S0000000,FALSO,VERDADEIRO
SL060330,Process Serving Services,S0000000,FALSO,VERDADEIRO
ST157135,Settlement Services - related to real estate,S0000000,FALSO,VERDADEIRO
ST157136,Title Abstract Services - related to real estate,S0000000,FALSO,VERDADEIRO
ST157137,Title Services - related to real estate,S0000000,FALSO,VERDADEIRO
SL020159,Landscaping Services,SL020000,FALSO,VERDADEIRO
SA038000,Advertising Agency Services,SA030000,FALSO,VERDADEIRO
SC162000,"Process, Physical Distribution, and Logistics Consulting Services",SC160000,FALSO,VERDADEIRO
SD080100,Industrial Design Services,S0000000,FALSO,VERDADEIRO
SM150000,Media Representative Services,S0000000,FALSO,VERDADEIRO
SS140200,Surveying and Mapping (except Geophysical) Services,SS140000,FALSO,VERDADEIRO
SA037000,Outdoor Advertising,SA030000,FALSO,VERDADEIRO
SA070100,Landscape Architectural Services,SA070000,FALSO,VERDADEIRO
SC163000,Environmental Consulting Services,SC160000,FALSO,VERDADEIRO
SD150000,Drafting Services,S0000000,FALSO,VERDADEIRO
SS140100,Geophysical Surveying and Mapping Services,SS140000,FALSO,VERDADEIRO
ST160000,Translation and Interpretation Services,S0000000,FALSO,VERDADEIRO
PH404914,Implantable hardware - permanent - sold to medical facility,0990,VERDADEIRO,VERDADEIRO
PF052074,Beverage / Nutrition Label / Liquid Concentrate / Sweetened / Fruit Juice = 10% to 24.99%: ,PF050200,VERDADEIRO,VERDADEIRO
PF051778,Non-Alcoholic Cocktail Mixes: 10% - 24% Juice,PF050200,VERDADEIRO,VERDADEIRO
PF052142,Beverage / Nutrition Label / Frozen Concentrate / Fruit Juice = 10% to 24.99% ,PF050200,VERDADEIRO,VERDADEIRO
PF051777,Non-Alcoholic Cocktail Mixes: Containing Less Than Or Equal To 9.99% Juice,PF050200,VERDADEIRO,VERDADEIRO
PF052070,Beverage / Nutrition Label / Liquid Concentrate / Sweetened / Fruit Juice = 0.1% to 9.99%,PF050200,VERDADEIRO,VERDADEIRO
SC150200,"Construction services relating to real property (existing construction, commercial)",SC150000,FALSO,VERDADEIRO
SC150205,"Construction services relating to real property (existing construction, commercial)-major renovation of existing building",SC150200,FALSO,VERDADEIRO
SC150300,"Construction services/material relating to real property (existing construction, commercial)",SC150000,FALSO,VERDADEIRO
SC150305,"Construction services/material relating to real property (existing construction, commercial)-major renovation of existing building where sales or use tax was paid for materials purchased relating to the job",SC150300,FALSO,VERDADEIRO
SC150306,"Construction services/material relating to real property (existing construction, commercial)-Other Construction services/material where sales or use tax was paid for materials purchased relating to the job",SC150300,FALSO,VERDADEIRO
SP076882,Plumbing Services - Commercial Real Property (capital improvement),SP070000,FALSO,VERDADEIRO
SP076890,Plumbing Services - Residential Real Property (capital improvement),SP070000,FALSO,VERDADEIRO
SC155874,Carpentry Services - Residential Real Property (capital improvement),SC150000,FALSO,VERDADEIRO
SC155866,Carpentry Services - Commercial Real Property (capital improvement),SC150000,FALSO,VERDADEIRO
SC150600,"Construction services relating to real property (existing construction, residential, capital improvement)",SC150000,FALSO,VERDADEIRO
SC150601,"Construction services relating to real property (existing construction, residential, no capital improvement) ",SC150000,FALSO,VERDADEIRO
SC150604,"Construction services/material relating to real property (existing construction, residential, capital improvement)",SC150000,FALSO,VERDADEIRO
SC150605,"Construction services/material relating to real property (existing construction, residential, no capital improvement) ",SC150000,FALSO,VERDADEIRO
SC070301,Computer Software Implementation-Training Only-prewritten software - electronically downloaded,SC070300,FALSO,VERDADEIRO
PH403643,"Breast pump collection and storage supplies, not for home use, without a prescription",0760,VERDADEIRO,VERDADEIRO
PH403646,"Breast pump collection and storage supplies, not for home use, with a prescription reimbursed by Medicare",0760,VERDADEIRO,VERDADEIRO
PH403649,Breast pump collection and storage supplies for home use with a prescription,0760,VERDADEIRO,VERDADEIRO
PH403672,"Breast pump, not for home use, with a prescription reimbursed by Medicaid",0760,VERDADEIRO,VERDADEIRO
PH403694,Breast pump for home use with a prescription reimbursed by Medicare,0760,VERDADEIRO,VERDADEIRO
PH403697,Repair and replacement parts for breast pump which are for single patient use,0760,VERDADEIRO,VERDADEIRO
PH403702,Breast pump collection and storage supplies for home use with a prescription paid for by Medicare,0760,VERDADEIRO,VERDADEIRO
PH403705,Breast pump collection and storage supplies for home use with a prescription reimbursed by Medicaid,0760,VERDADEIRO,VERDADEIRO
PH403709,"Breast pump kit, not for home use, with a prescription paid for by Medicare",0760,VERDADEIRO,VERDADEIRO
PH403712,"Breast pump kit, not for home use, with a prescription reimbursed by Medicaid",0760,VERDADEIRO,VERDADEIRO
PH403725,Breast pump kit for home use with a prescription paid for by Medicare,0760,VERDADEIRO,VERDADEIRO
PH403728,Breast pump kit for home use with a prescription reimbursed by Medicaid,0760,VERDADEIRO,VERDADEIRO
SC150159,"Repairs to Real Property (commercial, no capital improvements)",SC150000,FALSO,VERDADEIRO
PH403698,Breast pump for home use without a prescription,0760,VERDADEIRO,VERDADEIRO
SC150157,Building/Facility Maintenance on Real Property,SC150000,FALSO,VERDADEIRO
SC150602,"Repairs to Real Property (residential, capital improvement)",SC150158,FALSO,VERDADEIRO
OF080000,"Inspection/Building/Permit Fees relating to real property - for repair, installation or maintenance services (no capital improvement) or for non-safety purposes",O0000000,FALSO,VERDADEIRO
PH403644,"Breast pump collection and storage supplies, not for home use, with a prescription",0760,VERDADEIRO,VERDADEIRO
PH403647,"Breast pump collection and storage supplies, not for home use, with a prescription paid for by Medicaid",0760,VERDADEIRO,VERDADEIRO
PH403667,"Breast pump, not for home use, without a prescription",0760,VERDADEIRO,VERDADEIRO
PH403670,"Breast pump, not for home use, with a prescription reimbursed by Medicare",0760,VERDADEIRO,VERDADEIRO
PH403692,Breast pump for home use with a prescription,0760,VERDADEIRO,VERDADEIRO
PH403695,Breast pump for home use with a prescription paid for by Medicaid,0760,VERDADEIRO,VERDADEIRO
PH403703,Breast pump collection and storage supplies for home use with a prescription reimbursed by Medicare,0760,VERDADEIRO,VERDADEIRO
PH403707,"Breast pump kit, not for home use, without a prescription",0760,VERDADEIRO,VERDADEIRO
PH403710,"Breast pump kit, not for home use, with a prescription reimbursed by Medicare",0760,VERDADEIRO,VERDADEIRO
PH403723,Breast pump kit for home use without a prescription,0760,VERDADEIRO,VERDADEIRO
PH403726,Breast pump kit for home use with a prescription reimbursed by Medicare,0760,VERDADEIRO,VERDADEIRO
PH403729,Repair and replacement parts for breast pump kit which are for single patient use,0760,VERDADEIRO,VERDADEIRO
PH403700,Breast pump collection and storage supplies for home use without a prescription,0760,VERDADEIRO,VERDADEIRO
SC150158,Repairs to Real Property (Capital Improvements),SC150000,FALSO,VERDADEIRO
SC150154,"Building/Facility Maintenance on Items Annexed to Realty, performed under a maintenance contract",SC150157,FALSO,VERDADEIRO
SC150603,"Repairs to Real Property (residential, no capital improvement)",SC150158,FALSO,VERDADEIRO
OF080001,Inspection/Building/Permit Fees relating to real property - for capital improvements or for safety purposes,O0000000,FALSO,VERDADEIRO
PH403645,"Breast pump collection and storage supplies, not for home use, with a prescription paid for by Medicare",0760,VERDADEIRO,VERDADEIRO
PH403648,"Breast pump collection and storage supplies, not for home use, with a prescription reimbursed by Medicaid",0760,VERDADEIRO,VERDADEIRO
PH403668,"Breast pump, not for home use, with a prescription",0760,VERDADEIRO,VERDADEIRO
PH403671,"Breast pump, not for home use, with a prescription paid by Medicaid",0760,VERDADEIRO,VERDADEIRO
PH403693,Breast pump for home use with a prescription paid for by Medicare,0760,VERDADEIRO,VERDADEIRO
PH403696,Breast pump for home use with a prescription reimbursed by Medicaid,0760,VERDADEIRO,VERDADEIRO
PH403704,Breast pump collection and storage supplies for home use with a prescription paid for by Medicaid,0760,VERDADEIRO,VERDADEIRO
PH403708,"Breast pump kit, not for home use, with a prescription",0760,VERDADEIRO,VERDADEIRO
PH403711,"Breast pump kit, not for home use, with a prescription paid for by Medicaid",0760,VERDADEIRO,VERDADEIRO
PH403724,Breast pump kit for home use with a prescription,0760,VERDADEIRO,VERDADEIRO
PH403727,Breast pump kit for home use with a prescription paid for by Medicaid,0760,VERDADEIRO,VERDADEIRO
SI026667,Installation Services Separately Stated - First-time installation into a new construction; item becomes part of real property (capital improvement),SI026666,FALSO,VERDADEIRO
SI026669,Installation Services Separately Stated - First-time Installation into a new residential structure; item becomes part of real property (capital improvement),SI026666,FALSO,VERDADEIRO
SR067004,Repair of TPP performed under a residential maintenance or service contract,SR060000,FALSO,VERDADEIRO
SC155875,Carpentry Services - Residential Real Property (no capital improvement),SC150000,FALSO,VERDADEIRO
SC155891,Carpeting - Installation Only (residential property),SC150000,FALSO,VERDADEIRO
SC155893,Flooring - Installation Only (residential property),SC150000,FALSO,VERDADEIRO
SP076891,Plumbing Services - Residential Real Property (no capital improvement),SP070000,FALSO,VERDADEIRO
PI011642,Ice Cubes Packaged Less Than or Equal to 10 lbs,PI010000,VERDADEIRO,VERDADEIRO
PI011658,Ice Cubes Packaged Greater Than 10 lbs,PI010000,VERDADEIRO,VERDADEIRO
SC155890,Carpeting - Installation Only (commercial property),SC150000,FALSO,VERDADEIRO
SI026668,Installation Services Separately Stated - First-time Installation into a new commercial structure; item becomes part of real property (capital improvement),SI026666,FALSO,VERDADEIRO
SR067003,Repair of TPP performed under a maintenance contract (not residential service contracts),SR060000,FALSO,VERDADEIRO
SI026665,Installation Services Separately Stated - Item Installed Becomes Real Property After Installation (capital improvement),SI026666,FALSO,VERDADEIRO
SC155867,Carpentry Services - Commercial Real Property (no capital improvement),SC150000,FALSO,VERDADEIRO
SC155892,Flooring - Installation Only (commercial property),SC150000,FALSO,VERDADEIRO
SP076883,Plumbing Services - Commercial Real Property (no capital improvement),SP070000,FALSO,VERDADEIRO
PF160041,Prepared Food / Bakery / Seller Prepared / Sold Cold / Serving Size 2-3 / Packaged,PF160000,VERDADEIRO,VERDADEIRO
PF160021,Prepared Food / Sandwiches / Individual / Seller Prepared / Sold Cold / Packaged,PF160000,VERDADEIRO,VERDADEIRO
PF160026,Prepared Food / Sushi / Seller Prepared / Packaged,PF160000,VERDADEIRO,VERDADEIRO
PF160054,Food / Salads / Third-Party Prepared / Serving Size 1-3 / Prepackaged,PF160000,VERDADEIRO,VERDADEIRO
ST080010,Online Skill Assessments,ST080000,FALSO,VERDADEIRO
ST080031,"Exam Preparation & Tutoring / Online / Non-interactive, on-demand",ST080000,FALSO,VERDADEIRO
ST087632,"Training / Webinar / SaaS Platform / Live, Non-Subscription and Materials (Tangible, Non-Electronic) / Lump Sum Price",ST080000,FALSO,VERDADEIRO
SW052030,Cloud Services - SaaS / Training Only / For non-business use only,SW052000,FALSO,VERDADEIRO
PF160027,Food / Sandwiches / Individual / Third-Party Prepared / Sold Cold / Prepackaged,PF160000,VERDADEIRO,VERDADEIRO
PF160056,"Prepared Food / Entrees, Appetizers, or Sides / Seller Prepared / Previously Heated, Cooked, or Baked by Seller / Sold Cold by Weight or Volume / Packaged",PF160000,VERDADEIRO,VERDADEIRO
PF160014,Prepared Food / Deli Salads / Seller Prepared / Hand Dipped or Scooped / Sold by Weight or Volume / Packaged,PF160000,VERDADEIRO,VERDADEIRO
PF160042,Prepared Food / Bakery / Seller Prepared / Single Serving / Packaged,PF160000,VERDADEIRO,VERDADEIRO
ST080020,Simulation Trainings / In-person / Use of basic equipment,ST080000,FALSO,VERDADEIRO
ST080032,Exam Preparation & Tutoring / In-person,ST080000,FALSO,VERDADEIRO
ST087650,Training / Webinar / SaaS Platform / Subscription / No download of course or course materials,ST080000,FALSO,VERDADEIRO
SW052031,Cloud Services - SaaS / Training Only / For business use only,SW052000,FALSO,VERDADEIRO
ST080000,Training and Seminar,S0000000,FALSO,VERDADEIRO
SA036298,Advertising Services - Online Advertising,SA030000,FALSO,VERDADEIRO
PF160016,Prepared Food / Party Trays and Platters / Seller Prepared / Sold Cold / Ingredients Combined and Packaged,PF160000,VERDADEIRO,VERDADEIRO
PF160045,Food / Sushi / Party Trays and Platters / Third-Party Prepared / Prepackaged,PF160000,VERDADEIRO,VERDADEIRO
PF160017,Food / Deli Salads / Third-Party Prepared / Serving Size 1-3 / Prepackaged,PF160000,VERDADEIRO,VERDADEIRO
PF160046,Prepared Food / Sushi / Party Trays and Platters / Seller Prepared / Packaged,PF160000,VERDADEIRO,VERDADEIRO
PF160024,Food / Sushi / Third-Party Prepared / Prepackaged,PF160000,VERDADEIRO,VERDADEIRO
PF160025,Food / Party Trays and Platters / Third-Party Prepared / Prepackaged,PF160000,VERDADEIRO,VERDADEIRO
PF160039,Prepared Food / Bakery / Party Trays and Platters / Seller Prepared / Packaged,PF160000,VERDADEIRO,VERDADEIRO
PF160040,Food / Bakery / Party Trays and Platters / Third-Party Prepared / Prepackaged,PF160000,VERDADEIRO,VERDADEIRO
SW052401,"Telephone support - hosted software, server not in state - for business use",SW052000,FALSO,VERDADEIRO
PR091100,"Hiring out of movable tangible property, except hiring out of all means of transport",PR060000,VERDADEIRO,FALSO
ST080021,Simulation Trainings / Online / Use of computer software,ST080000,FALSO,VERDADEIRO
ST087630,"Training / Webinar Only / SaaS Platform / Live, Non-Subscription",ST080000,FALSO,VERDADEIRO
ST080030,Exam Preparation & Tutoring / Online / Interactive,ST080000,FALSO,VERDADEIRO
ST087631,"Training / Webinar / SaaS Platform / Live, Non-Subscription and Materials (Electronic) / Lump Sum Price",ST080000,FALSO,VERDADEIRO
PH403074,Human Tissue - Cosmetic Surgery - sold to medical facility,0130,VERDADEIRO,VERDADEIRO
PH404131,Diabetic Travel Case,0790,VERDADEIRO,VERDADEIRO
SE066490,Engraving Services / Labor only,SE060000,FALSO,VERDADEIRO
PH402898,Face Mask / Cloth or Reusable / Sold at retail,0040,VERDADEIRO,VERDADEIRO
PF160023,Prepared Food / Bakery / Seller Prepared / Sold Cold / Serving Size 6 or More / Packaged,PF160000,VERDADEIRO,VERDADEIRO
PF050012,Vitamins And Minerals / Supplement Label / SNAP Ineligible / Actimel Yogurt Drink / TM Smooth Move Capsules / Energy Shots / Sold in Containers Greater or Equal to 4 oz,PF051100,VERDADEIRO,VERDADEIRO
PF050686,Beverage / Supplement Label / Non Carbonated / Energy Shots & Drinks / Liquid / Ready to Drink (RTD) / Sold in Containers Greater or Equal to 4 oz,PF051100,VERDADEIRO,VERDADEIRO
PF051994,Beverage / Supplement Label / Carbonated / Energy Drink / Some or No Juice / Ready to Drink (RTD) / Sold in Containers Greater or Equal to 4 oz,PF050100,VERDADEIRO,VERDADEIRO
PF050687,Beverage / Supplement Label / Energy Shot & Drinks / Sweetened Powder Form / Or Unsweetened Liquid Form / Sold in Containers Greater or Equal to 4 oz,PF051100,VERDADEIRO,VERDADEIRO
PF190214,Diesel / Dyed,PF190200,VERDADEIRO,VERDADEIRO
PE060000,Engraved Product / Engraving service bundled with the sale of tangible personal property,P0000000,VERDADEIRO,VERDADEIRO
PF050688,Beverage / Supplement Label / Non Carbonated / Energy Shots & Drinks / Liquid / Ready to Drink (RTD) / Sold in Containers Less Than 4 oz,PF051100,VERDADEIRO,VERDADEIRO
PF190215,Diesel / Undyed / Motor Vehicle Use,PF190200,VERDADEIRO,VERDADEIRO
PF190220,Gasoline / Motor Vehicle Use,PF190200,VERDADEIRO,VERDADEIRO
PH402899,Face Mask / Disposable / Sold at retail,0040,VERDADEIRO,VERDADEIRO
PH405179,Skin Care / Personal Lubricants,1140,VERDADEIRO,VERDADEIRO
SC020025,Chimney Cleaning Services / Residential,S0000000,FALSO,VERDADEIRO
SD130020,Drain or Gutter Cleaning Services / Residential,S0000000,FALSO,VERDADEIRO
SL070010,Locksmith Services / Mechanical device / Sold with TPP that becomes real property / Lump sum bill,S0000000,FALSO,VERDADEIRO
SL070016,Locksmith Services / Electronic device / Sold with TPP of significant value / Lump sum bill,SL070000,FALSO,VERDADEIRO
SL070025,Locksmith Services / Mechanical device / Sold with TPP / Itemized bill,S0000000,FALSO,VERDADEIRO
SL070031,Locksmith Services / Electronic device / Service only,SL070000,FALSO,VERDADEIRO
SP186850,Parking Garage Cleaning,S0000000,FALSO,VERDADEIRO
SS186890,Swimming Pool Cleaning and Maintenance Services / Indoor pools / Inground pools,S0000000,FALSO,VERDADEIRO
ST158010,Transcription Services / Live Speech,S0000000,FALSO,VERDADEIRO
SU010110,Upholstery Cleaning Services / Deodorant or protector added,S0000000,FALSO,VERDADEIRO
SB156300,"Building Exterior Cleaning Services (except sandblasting, window cleaning)",S0000000,FALSO,VERDADEIRO
SC020030,Chimney Cleaning Services / Commercial,S0000000,FALSO,VERDADEIRO
SF020010,Floor Stripping and Waxing Services / Residential,S0000000,FALSO,VERDADEIRO
SL070011,Locksmith Services / Electronic device / Sold with TPP that becomes real property / Lump sum bill,SL070000,FALSO,VERDADEIRO
SL070020,Locksmith Services / Mechanical device / Sold with TPP of insignificant value / Lump sum bill,S0000000,FALSO,VERDADEIRO
SL070026,Locksmith Services / Electronic device / Sold with TPP / Itemized bill,SL070000,FALSO,VERDADEIRO
SL070035,Locksmith Services / Key Duplication,S0000000,FALSO,VERDADEIRO
SR070010,Repossession Services / Tangible assets for the creditor as a result of delinquent debts,SR070000,FALSO,VERDADEIRO
SS186895,Swimming Pool Cleaning and Maintenance Services / Outdoor pools and hot tubs / Above ground pools,S0000000,FALSO,VERDADEIRO
ST158020,Transcription Services / Recorded Speech,S0000000,FALSO,VERDADEIRO
SV010010,Ventilation Duct Cleaning Services / Residential,S0000000,FALSO,VERDADEIRO
SS127090,Stenographic Services,SS120000,FALSO,VERDADEIRO
SS186898,Swimming Pool Cleaning and Maintenance Services / Outdoor pools / Inground pools,SS180000,FALSO,VERDADEIRO
SY010200,Yoga Classes - in facilities that offer services other than yoga classes,S0000000,FALSO,VERDADEIRO
SD130010,Drain or Gutter Cleaning Services / Commercial,S0000000,FALSO,VERDADEIRO
SF020020,Floor Stripping and Waxing Services / Commercial,S0000000,FALSO,VERDADEIRO
SL070015,Locksmith Services / Mechanical device / Sold with TPP of significant value / Lump sum bill,S0000000,FALSO,VERDADEIRO
SL070021,Locksmith Services / Electronic device / Sold with TPP of insignificant value / Lump sum bill,SL070000,FALSO,VERDADEIRO
SL070030,Locksmith Services / Mechanical device / Service only,S0000000,FALSO,VERDADEIRO
SP186840,Parking Lot Sweeping,S0000000,FALSO,VERDADEIRO
ST050110,Telephone Answering Services / Human Operator,S0000000,FALSO,VERDADEIRO
SU010100,Upholstery Cleaning Services / No deodorant or protector added,S0000000,FALSO,VERDADEIRO
SV010020,Ventilation Duct Cleaning Services / Commercial,S0000000,FALSO,VERDADEIRO
SE040400,Supply of staff - General services,S0000000,FALSO,VERDADEIRO
PA050500,Works of Art,P0000000,VERDADEIRO,VERDADEIRO
PA050600,Antiques,P0000000,VERDADEIRO,VERDADEIRO
PF050302,"Food And Food Ingredients-candy-Candy, caramel, chocolate, glazed, honey, or yogurt coated fruit",PF050300,VERDADEIRO,VERDADEIRO
PF050304,"Food And Food Ingredients-candy-Candy, caramel, chocolate, glazed, honey, or yogurt coated nuts",PF050300,VERDADEIRO,VERDADEIRO
PF050305,"Food And Food Ingredients-candy-Candy, caramel, chocolate, glazed, honey, or yogurt coated other",PF050300,VERDADEIRO,VERDADEIRO
PF050306,"Food And Food Ingredients-candy-Candy, caramel, chocolate, glazed, honey, or yogurt coated popcorn",PF050300,VERDADEIRO,VERDADEIRO
PF050307,"Food And Food Ingredients-candy-Candy, caramel, chocolate, glazed, honey, or yogurt coated potato chips",PF050300,VERDADEIRO,VERDADEIRO
PS160802,Vapor E-cigarettes / Nicotine refill cartridge only / Greater than 5mL,P0000000,VERDADEIRO,VERDADEIRO
PS160812,Vapor E-cigarettes / Nicotine refill cartridge only / Less than or equal to 5mL,P0000000,VERDADEIRO,VERDADEIRO
PS160846,Vapor Battery or Charger,PS160800,VERDADEIRO,VERDADEIRO
PS160841,Vapor Devices and Kits / Without vape liquid,PS160800,VERDADEIRO,VERDADEIRO
PS160845,Vapor Components and Accessories – excludes battery and charger,PS160800,VERDADEIRO,VERDADEIRO
PH400826,Antibacterial Soap with Drug Facts Panel,1140,VERDADEIRO,VERDADEIRO
OF090002,Resort Fee,OF090000,FALSO,VERDADEIRO
OF090006,In-Room Equipment Fee,OF090000,FALSO,VERDADEIRO
SL090210,Lost Room Key Charges,SL090000,FALSO,VERDADEIRO
SP010001,Valet Parking Fee,SP010000,FALSO,VERDADEIRO
PC040607,Clothing And Related Products / Business to Customer / Snorkels,P0000000,VERDADEIRO,VERDADEIRO
PH101160,Safety flares,P0000000,VERDADEIRO,VERDADEIRO
PO200103,Outdoor gear and supplies / Water skis,P0000000,VERDADEIRO,VERDADEIRO
PO200107,Outdoor gear and supplies / Kayak,P0000000,VERDADEIRO,VERDADEIRO
PO200111,Outdoor gear and supplies / Camping chairs,P0000000,VERDADEIRO,VERDADEIRO
PO200115,Outdoor gear and supplies / Recreational Fishing / Bait and tackle,P0000000,VERDADEIRO,VERDADEIRO
PO200119,Outdoor gear and supplies / Recreational Fishing / Tackle box,P0000000,VERDADEIRO,VERDADEIRO
PO200123,Outdoor gear and supplies / Water bottle,P0000000,VERDADEIRO,VERDADEIRO
PO200127,Outdoor gear and supplies / Oars,P0000000,VERDADEIRO,VERDADEIRO
PS300111,Solar / Alternating Current (AC) Cable And Conduit / Used In Transmission / Solar equipment sold at retail,P0000000,VERDADEIRO,VERDADEIRO
PS300126,Solar / Microinverters / Solar equipment sold at retail,P0000000,VERDADEIRO,VERDADEIRO
PS300145,Solar / Solar Panel Mounting Structures And Hardware / Solar equipment sold at retail,P0000000,VERDADEIRO,VERDADEIRO
PS300165,Solar / Batteries and Storage / Solar equipment sold at retail,P0000000,VERDADEIRO,VERDADEIRO
SS300220,Solar / Repair services for solar equipment / Residential / Labor only,S0000000,FALSO,VERDADEIRO
OF090003,Pet Fee,OF090000,FALSO,VERDADEIRO
SL090211,Room Lockout Charge,SL090000,FALSO,VERDADEIRO
OF300000,Solar / Homeowner Transfer Fee,O0000000,FALSO,VERDADEIRO
PC040608,Clothing And Related Products / Business to Customer / Swimming Mask,P0000000,VERDADEIRO,VERDADEIRO
PO200104,Outdoor gear and supplies / Paddleboard,P0000000,VERDADEIRO,VERDADEIRO
PO200108,Outdoor gear and supplies / Camping lantern,P0000000,VERDADEIRO,VERDADEIRO
PO200112,Outdoor gear and supplies / Portable hammocks,P0000000,VERDADEIRO,VERDADEIRO
PO200116,Outdoor gear and supplies / Recreational Fishing / Bait,P0000000,VERDADEIRO,VERDADEIRO
PO200120,Outdoor gear and supplies / Recreational Fishing / Reels and rods,P0000000,VERDADEIRO,VERDADEIRO
PO200124,Outdoor gear and supplies / Binoculars,P0000000,VERDADEIRO,VERDADEIRO
PO200128,Outdoor gear and supplies / Paddles,P0000000,VERDADEIRO,VERDADEIRO
PS300115,Solar / Direct Current (DC) Equipment / Solar equipment sold at retail,P0000000,VERDADEIRO,VERDADEIRO
PS300130,Solar / Solar Groundmount Posts / Solar equipment sold at retail,P0000000,VERDADEIRO,VERDADEIRO
PS300150,Solar / Solar Panel Tilt Brackets and Hardware / Solar equipment sold at retail,P0000000,VERDADEIRO,VERDADEIRO
PS300170,Solar / Cables and Connectors / Solar equipment sold at retail,P0000000,VERDADEIRO,VERDADEIRO
SS300110,Solar / Solar Monitoring Service,S0000000,FALSO,VERDADEIRO
SS300225,Solar / Repair services for solar equipment / Commercial / Labor only,S0000000,FALSO,VERDADEIRO
OF090000,Miscellaneous Lodging Fee - Related to Room Rental,O0000000,FALSO,VERDADEIRO
OF090004,Rollaway/Crib Fee,OF090000,FALSO,VERDADEIRO
SL090212,Additional Room Cleaning Charges,SL090000,FALSO,VERDADEIRO
PC030607,Clothing And Related Products / Business to Business / Snorkels,P0000000,VERDADEIRO,VERDADEIRO
PF050620,"Hemp-Derived CBD / Capsules, Tinctures & Elixirs",P0000000,VERDADEIRO,VERDADEIRO
PO200101,Outdoor gear and supplies / Kneeboard,P0000000,VERDADEIRO,VERDADEIRO
PO200105,Outdoor gear and supplies / Surfboard,P0000000,VERDADEIRO,VERDADEIRO
PO200109,Outdoor gear and supplies / Flashlight,P0000000,VERDADEIRO,VERDADEIRO
PO200113,Outdoor gear and supplies / Sleeping bags,P0000000,VERDADEIRO,VERDADEIRO
PO200117,Outdoor gear and supplies / Recreational Fishing / Tackle,P0000000,VERDADEIRO,VERDADEIRO
PO200121,Outdoor gear and supplies / Recreational Fishing / Reels,P0000000,VERDADEIRO,VERDADEIRO
PO200125,Outdoor gear and supplies / Gas grill,P0000000,VERDADEIRO,VERDADEIRO
PP051210,"Hemp-Derived CBD / Pet Capsules, Tinctures & Elixirs",P0000000,VERDADEIRO,VERDADEIRO
PS300120,Solar / Generator Tie Line / Solar equipment sold at retail,P0000000,VERDADEIRO,VERDADEIRO
PS300135,Solar / Solar Module or Panel / Solar equipment sold at retail,P0000000,VERDADEIRO,VERDADEIRO
PS300155,Solar / Switchgear / Solar equipment sold at retail,P0000000,VERDADEIRO,VERDADEIRO
PS300175,Solar / Accessories for Solar Energy System / Solar equipment sold at retail,P0000000,VERDADEIRO,VERDADEIRO
SS300210,Solar / Installation services for solar equipment / Residential / Labor only,S0000000,FALSO,VERDADEIRO
SS300300,Solar / Solar Energy System Design Services,S0000000,FALSO,VERDADEIRO
SL090213,Room Damage Charges,SL090000,FALSO,VERDADEIRO
OF090001,Early Arrival/Late Departure Fee,OF090000,FALSO,VERDADEIRO
OF090005,Mandatory Cleaning Fee,OF090000,FALSO,VERDADEIRO
PC030608,Clothing And Related Products / Business to Business / Swimming Mask,P0000000,VERDADEIRO,VERDADEIRO
PF050621,Hemp-Derived CBD / Isolates,P0000000,VERDADEIRO,VERDADEIRO
PO200102,Outdoor gear and supplies / Wakeboard,P0000000,VERDADEIRO,VERDADEIRO
PO200106,Outdoor gear and supplies / Canoe,P0000000,VERDADEIRO,VERDADEIRO
PO200110,Outdoor gear and supplies / Camping stove,P0000000,VERDADEIRO,VERDADEIRO
PO200114,Outdoor gear and supplies / Tents,P0000000,VERDADEIRO,VERDADEIRO
PO200118,Outdoor gear and supplies / Recreational Fishing / Bags,P0000000,VERDADEIRO,VERDADEIRO
PO200122,Outdoor gear and supplies / Recreational Fishing / Rods,P0000000,VERDADEIRO,VERDADEIRO
PO200126,Outdoor gear and supplies / Charcoal grill,P0000000,VERDADEIRO,VERDADEIRO
PS300110,Solar / Alternating Current (AC) Cable And Conduit / Used In Generation / Solar equipment sold at retail,P0000000,VERDADEIRO,VERDADEIRO
PS300125,Solar / Inverter / Solar equipment sold at retail,P0000000,VERDADEIRO,VERDADEIRO
PS300140,Solar / Solar Panel Grounding And Bonding Components / Solar equipment sold at retail,P0000000,VERDADEIRO,VERDADEIRO
PS300160,Solar / Solar Alternating Current (AC) Module or Panel Kits / Solar equipment sold at retail,P0000000,VERDADEIRO,VERDADEIRO
PS300180,Solar / Solar Monitoring System / Solar equipment sold at retail,P0000000,VERDADEIRO,VERDADEIRO
SS300215,Solar / Installation services for solar equipment / Commercial / Labor only,S0000000,FALSO,VERDADEIRO
PC020595,Clothing And Related Products / Hydration packs,P0000000,VERDADEIRO,VERDADEIRO
PH404114,Diabetic testing / blood glucose monitor / sold at retail / without a prescription,0790,VERDADEIRO,VERDADEIRO
PR082627,Rental or Lease / Capital Lease (Financing Lease) / Tangible Personal Property / Lease Fees,,VERDADEIRO,VERDADEIRO
PR091001,Rental or Lease / Operating Lease / Tangible Personal Property / Lease Fees,,VERDADEIRO,VERDADEIRO
SA030400,Advertising-Media Placement,SA030000,FALSO,VERDADEIRO
OS011130,Federal Excise Taxes,O0000000,FALSO,FALSO
SB070400,Boat / Installation / Associated with the sale of TPP,SB070000,FALSO,VERDADEIRO
SB070500,Boat / Installation / Not associated with the sale of TPP,SB070000,FALSO,VERDADEIRO
SS130000,Self-storage services,SS100000,FALSO,VERDADEIRO
SC080101,Computer Software Implementation - Not Associated With the Sale of Software-prewritten software-electronically downloaded,SC080100,FALSO,VERDADEIRO
SC080102,Computer Software Implementation - Not Associated With the Sale of Software-prewritten software-load and leave,SC080100,FALSO,VERDADEIRO
SC080103,Computer Software Implementation - Not Associated With the Sale of Software-prewritten software-physical media,SC080100,FALSO,VERDADEIRO
PH050511,Oral care / Denture products / Cleaners and adhesives,PH050510,VERDADEIRO,VERDADEIRO
SC080121,Computer Software Implementation - Prewritten Software - Electronically downloaded for business use only,SC080100,FALSO,VERDADEIRO
PH058922,Mobility enhancing equipment / Scooters / Sale to retailer for customer use,PH050300,VERDADEIRO,VERDADEIRO
PH403930,Durable medical equipment / Commode and spare parts / Sold on prescription,PH050300,VERDADEIRO,VERDADEIRO
PH405234,Skin care products / Petroleum jelly /  Unscented or uncolored / Sold on prescription,1140,VERDADEIRO,VERDADEIRO
PH402818,Medical facility supplies / Apparel / Staff,0040,VERDADEIRO,VERDADEIRO
SW117202,Warehouse storage / Storage of property held for sale,SW110000,FALSO,VERDADEIRO
PI011650,Ice Blocks / Bails Packaged Less Than or Equal to 10 lbs,PI010000,VERDADEIRO,VERDADEIRO
PI011666,Ice Blocks / Bails Packaged Greater Than 10 lbs,PI010000,VERDADEIRO,VERDADEIRO
PH405235,Skin care products / Petroleum jelly / Scented or colored / Sold at retail,1140,VERDADEIRO,VERDADEIRO
PH401023,"Skin care products / Acne Blackhead and Pimple Preventative Lotions, Creams, Cleansers, Soap Bars, and Scrubs / Sold at retail",1140,VERDADEIRO,VERDADEIRO
PH405233,Skin care products / Petroleum jelly / Unscented or uncolored / Sold at retail,1140,VERDADEIRO,VERDADEIRO
SC090600,Computer Software Maintenance (custom software)-mandatory (physical media),SC090000,FALSO,VERDADEIRO
SC090602,"Computer Software Maintenance (custom software)-mandatory (physical media)-physical media updates, etc. & services",SC090600,FALSO,VERDADEIRO
SC100602,"Computer Software Maintenance (prewritten software)-mandatory (physical media)-physical media updates, etc. & services",SC100600,FALSO,VERDADEIRO
SC120502,"Computer software technical services (custom software)-optional (physical media)-physical media updates, etc. & services",SC120500,FALSO,VERDADEIRO
SC120602,"Computer software technical services (custom software)-mandatory (physical media)-physical media updates, etc. & services",SC120600,FALSO,VERDADEIRO
SC130502,"Computer software technical services (prewritten software)-optional (physical media)-physical media updates, etc. & services",SC130500,FALSO,VERDADEIRO
SC130602,"Computer software technical services (prewritten software)-mandatory (physical media)-physical media updates, etc. & services",SC130600,FALSO,VERDADEIRO
SF096362,Butchering and Meat Services,SF090000,FALSO,VERDADEIRO
PS081282,Yarn,PS080100,VERDADEIRO,VERDADEIRO
PS081258,Sewing Notions (excludes thread),PS080100,VERDADEIRO,VERDADEIRO
PH400038,Antibacterial Hand Wipes,1140,VERDADEIRO,VERDADEIRO
PF055195,Metamucil Powder / Pills  (Does not include Metamucil Wafers),PF050700,VERDADEIRO,VERDADEIRO
PH401011,First aid / Styptics / Sold at retail,1140,VERDADEIRO,VERDADEIRO
DC020501,Computer Software - educational - prewritten/canned - electronically downloaded (Business-To-Business),DC020500,FALSO,VERDADEIRO
OD020500,"Dues (Social, Fraternal, non-entertainment)",OD020000,FALSO,VERDADEIRO
PH403410,Food substitutes - sold to medical facility,0500,VERDADEIRO,VERDADEIRO
PH403418,Food supplements - sold to medical facility,0500,VERDADEIRO,VERDADEIRO
SD086570,Graphic Design Services,SD080000,FALSO,VERDADEIRO
PH403058,Blood collection sets - sold to medical facility,0130,VERDADEIRO,VERDADEIRO
SF096386,Cooking and Food Preparation Services,SF090000,FALSO,VERDADEIRO
SM146794,Marketing Research Services,S0000000,FALSO,VERDADEIRO
PH405130,Suspense category - sold to medical facility,1000,VERDADEIRO,VERDADEIRO
SF086530,Fur Storage,SF810000,FALSO,VERDADEIRO
PH405138,Suspense category - FLD - sold to medical facility,1000,VERDADEIRO,VERDADEIRO
SW037234,Water Softening Services,SW030000,FALSO,VERDADEIRO
PH400005,Denture Repair / Temporary Fillings /  Tooth And Crown Repair,0900,VERDADEIRO,VERDADEIRO
SC117274,Customization of Canned Software,SC110000,FALSO,VERDADEIRO
OS031121,Subscriptions to electronically downloaded products,O0000000,FALSO,FALSO
PF051000,Food And Food Ingredients-supplements (nutritional facts included on label),PF050000,VERDADEIRO,VERDADEIRO
PF051004,Food And Food Ingredients-supplements (nutritional facts included on label) - Wheat germ,PF051000,VERDADEIRO,VERDADEIRO
SM020400,Mandatory maintenance agreements related to the sale of tangible personal property,SM020000,FALSO,VERDADEIRO
OR040000,Restocking Fees,O0000000,FALSO,VERDADEIRO
PH403762,Equipment - medical - FLD - Sold to Medical Facility,0760,VERDADEIRO,VERDADEIRO
PH403778,Equipment - medical spare parts - FLD - Sold to Medical Facility,0760,VERDADEIRO,VERDADEIRO
PH404626,Trach Care supplies - sold on prescription,0810,VERDADEIRO,VERDADEIRO
PH405123,Antiembolism stocking/supports/compression garments - sold at retail,1000,VERDADEIRO,VERDADEIRO
SM016778,Mailing Services - Preparation of items to be mailed,SM010000,FALSO,VERDADEIRO
PH404954,Abdominal belts - sold on prescription,1000,VERDADEIRO,VERDADEIRO
PH405122,Supports - elastic - sold on prescription,1000,VERDADEIRO,VERDADEIRO
ST117162,Travel Agency Services,ST110000,FALSO,VERDADEIRO
PH405082,Splint - sold on prescription,1000,VERDADEIRO,VERDADEIRO
PH405106,Supports - ankle - sold on prescription,1000,VERDADEIRO,VERDADEIRO
PH405114,Supports - back - sold on prescription,1000,VERDADEIRO,VERDADEIRO
PH405098,Supports - sold on prescription,1000,VERDADEIRO,VERDADEIRO
ST112506,Travel agency fees,ST090000,FALSO,VERDADEIRO
SW019478,Warranty Contract - (optional)-associated with the sale of TPP,SW010000,FALSO,VERDADEIRO
SC156194,Asbestos Removal or Abatement Services,SC150000,FALSO,VERDADEIRO
PF051842,Beverage / Non-Alcoholic Wines With Greater Than 50% Juice Content (Non-Alcoholic Is Less Than 1/2 Of 1% Or 0.5% ABV),PF050096,VERDADEIRO,VERDADEIRO
SI020200,Installation-not associated with the sale of TPP (labor only),SI020000,FALSO,VERDADEIRO
SM060500,Motorcycle / ATV-installation - not associated with the sale of TPP,SM060000,FALSO,VERDADEIRO
DM020100,Digital goods: Mailing Lists-Physical Media,DM020000,VERDADEIRO,VERDADEIRO
PH404338,Gloves - other,0810,VERDADEIRO,VERDADEIRO
PH404546,Stents and accessories - sold to medical facility,0810,VERDADEIRO,VERDADEIRO
SI046674,Interior Design Services,SI040000,FALSO,VERDADEIRO
PH404866,Staplers - skin internal and external - sold to medical facility,0840,VERDADEIRO,VERDADEIRO
PH403842,Respiratory - Accessory - Sold to Medical Facility,0830,VERDADEIRO,VERDADEIRO
PH403346,Oxygen supplies - FLD - Sold to Medical Facility,0400,VERDADEIRO,VERDADEIRO
PG081610,Mixed Products and Baskets Wherein Exempt Items Constitute 90% to 100% of the Total Value of the Basket or Container (i.e. Fruit Baskets),PG080000,VERDADEIRO,VERDADEIRO
PA300801,Automobile sales and lease / Automobile sales / Electric vehicle,P0000000,VERDADEIRO,FALSO
PR010447,Automobile sales and lease / Early purchase buyout / Electric vehicle / Long-term lease,P0000000,VERDADEIRO,FALSO
SM020200,Optional maintenance agreement - associated with the sale of tangible personal property (not including software),SM020000,FALSO,VERDADEIRO
PR010425,Automobile sales and lease / Lease payment / Short-term lease,P0000000,VERDADEIRO,FALSO
OR070000,"Royalty Fees / Intangible / Fees (periodic payment, one time charge, based on sales etc.) that are paid for the use of someone's patent, copyright, trademark, name etc that has some measurable economic value.",O0000000,FALSO,VERDADEIRO
PC168330,Telecommunications Provider / Cable,PC160000,VERDADEIRO,VERDADEIRO
PC168346,"Telecommunications Provider / Rack Accessories (screws, shelves, connectors, etc.)",PC160000,VERDADEIRO,VERDADEIRO
PC168354,Telecommunications Provider / Racks,PC160000,VERDADEIRO,VERDADEIRO
PH404978,Boards - arm - Sold to Medical Facility,1000,VERDADEIRO,VERDADEIRO
PH403522,Kits - gastrostomy - sold to medical facility,0670,VERDADEIRO,VERDADEIRO
PD078690,Telecommunications Provider / Hardware & Tape,PD070000,VERDADEIRO,VERDADEIRO
PD078666,Telecommunications Provider / Dark Fiber lease,PD070000,VERDADEIRO,VERDADEIRO
PD071521,Telecommunications Provider / Distribution Equipment / Servers,PD070000,VERDADEIRO,VERDADEIRO
PD078738,Telecommunications Provider / Trunk & Distribution Cable,PD070000,VERDADEIRO,VERDADEIRO
PD078658,Telecommunications Provider / Connectors & Adapters,PD070000,VERDADEIRO,VERDADEIRO
PD078746,Telecommunications Provider / Trunk & Distribution Connectors,PD070000,VERDADEIRO,VERDADEIRO
PH404706,Medical Supplies - General: Wire - sold to medical facility,0810,VERDADEIRO,VERDADEIRO
PH403290,Drug - vaccines - sold to medical facility,0400,VERDADEIRO,VERDADEIRO
PH401020,Feminine Hygiene Products,1140,VERDADEIRO,VERDADEIRO
SR066986,Repair of Tangible Personal Property / Includes Materials of Insignificant Value / Itemized Bill / Labor charges,SR060000,FALSO,VERDADEIRO
SR067002,Repair of Tangible Personal Property / Includes Material of Significant Value / Lump Sum Bill,SR060000,FALSO,VERDADEIRO
SR066978,Repair of Tangible Personal Property / Includes Materials of Insignificant Value / Lump Sum Bill,SR060000,FALSO,VERDADEIRO
SC090303,Optional computer software maintenance contracts with respect to non-prewritten (custom) computer software that only provide updates or upgrades delivered via load and leave with respect to the software,SC090300,FALSO,VERDADEIRO
SA030000,Advertising Services - No Transfer of TPP,S0000000,FALSO,VERDADEIRO
SP036858,Personal Training Services,SP030000,FALSO,VERDADEIRO
PN070816,Trader Magazines,P0000000,VERDADEIRO,VERDADEIRO
PH403215,Dental / General Dentistry / Free Samples Given To Dentists,0320,VERDADEIRO,VERDADEIRO
PH403220,Dental / Restorative Procedures / Composite and Amalgam Filling Materials / Sold to Dental Facility,0320,VERDADEIRO,VERDADEIRO
PH403221,Dental / Restorative Procedures / Single Use Materials Used in Teeth Restoration / Sold to Dental Facility,0320,VERDADEIRO,VERDADEIRO
PH403222,Dental / Restorative Procedures / Temporary Crown And Bridge Materials / Sold to Dental Facility,0320,VERDADEIRO,VERDADEIRO
PH403230,Dental / Restorative Procedures / Disposable Supplies Not Used Directly on Patient / Sold to Dental Facility,0320,VERDADEIRO,VERDADEIRO
PH403231,Dental / Restorative Procedures / Reusable Supplies Not Used Directly on Patient / Sold to Dental Facility,0320,VERDADEIRO,VERDADEIRO
PH403232,Dental / Restorative Procedures / Disposable Supplies Used Directly on Patient / Sold to Dental Facility,0320,VERDADEIRO,VERDADEIRO
SB070700,Boat / Repair,SB070000,FALSO,VERDADEIRO
SB070000,"Boat / Repair, installation, or other services",S0000000,FALSO,VERDADEIRO
PH401022,Skin care products / Acne Blackhead and Pimple Treatments Lotion and Cream Only / Sold on prescription,1140,VERDADEIRO,VERDADEIRO
PH400035,Braces and supports / Sold on prescription,1000,VERDADEIRO,VERDADEIRO
PH405186,Incontinence cream / Sold on prescription,1140,VERDADEIRO,VERDADEIRO
PH400036,Braces and supports / Sold at retail,1000,VERDADEIRO,VERDADEIRO
PF160047,"Prepared Beverage / Seller Prepared / Hot or Iced Coffees, Teas, or Cocoas / Intended for Immediate Consumption",PF160000,VERDADEIRO,VERDADEIRO
PF160022,Prepared Food / Entrees / Seller Prepared / Requires Heating / Packaged,PF160000,VERDADEIRO,VERDADEIRO
PF160036,Prepared Beverage / Self-Serve or Fountain Beverage / Intended for Immediate Consumption,PF160000,VERDADEIRO,VERDADEIRO
SC161100,Consulting Services related to software selection  design  etc.,SC160000,FALSO,VERDADEIRO
PF160052,Food / Fruit Salads and Dessert Parfaits / Third-Party Prepared / Prepackaged,PF160000,VERDADEIRO,VERDADEIRO
PS160800,Electronic cigarettes,PS160000,VERDADEIRO,VERDADEIRO
PF160058,Prepared Food / Meals or Combination Plates / Seller Prepared / Sold Cold / Packaged,PF160000,VERDADEIRO,VERDADEIRO
PF110301,Prepared Foods: Deli - tables and chairs available for eating-Beverages in non-sealed containers,PF110300,VERDADEIRO,FALSO
PF110400,Prepared Foods: Deli - tables and chairs are not available for eating,PF110000,VERDADEIRO,FALSO
PF110403,Prepared Foods: Deli - tables and chairs are not available for eating-Cold prepared food by weight or volume as a single item,PF110400,VERDADEIRO,FALSO
PF110701,Prepared Foods: Restaurant - tables and chairs available for eating-Beverages in non-sealed containers,PF110700,VERDADEIRO,FALSO
PF110702,Prepared Foods: Restaurant - tables and chairs available for eating-Cold prepared food,PF110700,VERDADEIRO,FALSO
PF110704,Prepared Foods: Restaurant - tables and chairs available for eating-Hot (or heated state) prepared food,PF110700,VERDADEIRO,FALSO
PF110800,Prepared Foods: Restaurant - tables and chairs not available for eating,PF110000,VERDADEIRO,FALSO
PF110803,Prepared Foods: Restaurant - tables and chairs not available for eating-Cold prepared food by weight or volume as a single item,PF110800,VERDADEIRO,FALSO
PF120101,Prepared Foods - Without Eating Utensils Provided By The Seller 1 to 5 items (non-heated state),PF120600,VERDADEIRO,FALSO
PF120603,Cold prepared food by weight or volume as a single item,PF120000,VERDADEIRO,FALSO
PF050077,Take-aways - Cold (Basic Foodstuffs),PF160000,VERDADEIRO,FALSO
PF120000,Prepared Foods - Without Eating Utensils Provided By The Seller,PF100000,VERDADEIRO,FALSO
PF110300,Prepared Foods: Deli - tables and chairs available for eating,PF110000,VERDADEIRO,FALSO
PF110303,Prepared Foods: Deli - tables and chairs available for eating-Cold prepared food by weight or volume as a single item,PF110300,VERDADEIRO,FALSO
PF110304,Prepared Foods: Deli - tables and chairs available for eating-Hot (or heated state) prepared food,PF110300,VERDADEIRO,FALSO
PF110401,Prepared Foods: Deli - tables and chairs are not available for eating-Beverages in non-sealed containers,PF110400,VERDADEIRO,FALSO
PF110404,Prepared Foods: Deli - tables and chairs are not available for eating-Hot (or heated state) prepared food,PF110400,VERDADEIRO,FALSO
PF110700,Prepared Foods: Restaurant - tables and chairs available for eating,PF110000,VERDADEIRO,FALSO
PF110703,Prepared Foods: Restaurant - tables and chairs available for eating-Cold prepared food by weight or volume as a single item,PF110700,VERDADEIRO,FALSO
PF110801,Prepared Foods: Restaurant - tables and chairs not available for eating-Beverages in non-sealed containers,PF110800,VERDADEIRO,FALSO
PF110802,Prepared Foods: Restaurant - tables and chairs not available for eating-Cold prepared food,PF110800,VERDADEIRO,FALSO
PF110804,Prepared Foods: Restaurant - tables and chairs not available for eating-Hot (or heated state) prepared food,PF110800,VERDADEIRO,FALSO
PF160015,Prepared Food / Salad Bars / Intended for Immediate Consumption,PF160000,VERDADEIRO,VERDADEIRO
PF160020,Prepared Food / Cooked Meats / Seller Prepared / Sold Cold / Packaged,PF160000,VERDADEIRO,VERDADEIRO
PF160048,Prepared Food / Salad Meal Kit / Seller Prepared / NOT Sold by Weight or Volume / Packaged,PF160000,VERDADEIRO,VERDADEIRO
PF160049,Food / Salad Meal Kit / Third-Party Prepared / Prepackaged,PF160000,VERDADEIRO,VERDADEIRO
PF160030,"Prepared Food / Ice Cream, Milkshakes, Smoothies, Slushies and Ice Cream Novelties, Seller Prepared / Intended for Immediate Consumption",PF160000,VERDADEIRO,VERDADEIRO
PF050078,Take-aways - Cold (Flour- or Egg-Based Bakery Items),PF160000,VERDADEIRO,FALSO
PF160050,Food / Deli Salads / Third-Party Prepared / Hand Dipped or Scooped and Repackaged / Sold by Weight or Volume / Packaged,PF160000,VERDADEIRO,VERDADEIRO
PF120012,"Bakery items sold without eating utensils provided by the seller, including bread, rolls, buns, biscuits, bagels, croissants, pastries, donuts, Danish, cakes, tortes, pies, tarts, muffins, bars, cookies, tortillas",PF120000,VERDADEIRO,FALSO
PF160051,Prepared Food / Fresh Fruit Salad / Fruit Only / Seller Prepared / Sold by Weight or Volume / Packaged,PF160000,VERDADEIRO,VERDADEIRO
PF160053,Prepared Food / Salads / Individual or Large-Sized / Seller Prepared / Packaged,PF160000,VERDADEIRO,VERDADEIRO
PF160055,Prepared Food / Appetizers or Sides / Seller Prepared / Sold Cold / Packaged,PF160000,VERDADEIRO,VERDADEIRO
PF160059,Prepared Food / Take and Bake Pizza / Seller Prepared / Sold Cold / Uncooked / Packaged,PF160000,VERDADEIRO,VERDADEIRO
PF160057,"Food / Seller Prepared Entrees / Previously heated, Cooked or Baked By the Seller, but sold cold / SOLD BY WEIGHT OR VOLUME",PF160000,VERDADEIRO,FALSO
PF110000,Prepared Foods - With Eating Utensils Provided By The Seller,PF100000,VERDADEIRO,FALSO
PF110302,Prepared Foods: Deli - tables and chairs available for eating-Cold prepared food,PF110300,VERDADEIRO,FALSO
PF110305,Prepared Foods: Deli - tables and chairs available for eating-Two or more food ingredients combined by the seller,PF110300,VERDADEIRO,FALSO
PF110402,Prepared Foods: Deli - tables and chairs are not available for eating-Cold prepared food,PF110400,VERDADEIRO,FALSO
PF110405,Prepared Foods: Deli - tables and chairs are not available for eating-Two or more food ingredients combined by the seller,PF110400,VERDADEIRO,FALSO
PF110705,Prepared Foods: Restaurant - tables and chairs available for eating-Two or more food ingredients combined by the seller,PF110700,VERDADEIRO,FALSO
PF110805,Prepared Foods: Restaurant - tables and chairs not available for eating-Two or more food ingredients combined by the seller,PF110800,VERDADEIRO,FALSO
PF160043,Hot Sandwiches Prepared by the Seller,PF160000,VERDADEIRO,FALSO
PF160019,Seller-Prepared Salads,PF160000,VERDADEIRO,FALSO
PF050076,Take-aways - Hot,PF160000,VERDADEIRO,FALSO
PF050079,"Take-aways - Cold (Sweets, Confectionery, Savory Snack Products)",PF160000,VERDADEIRO,FALSO
SW040400,Watercraft / Installation / Associated with the sale of TPP,SW040000,FALSO,VERDADEIRO
SW117218,Warehouse storage / Storage of refrigerated goods,SW110000,FALSO,VERDADEIRO
PH404187,Medical supplies / General / Disposable items / Patches and pads,0810,VERDADEIRO,VERDADEIRO
PH402994,Bed accessories / Sold to medical facility,0110,VERDADEIRO,VERDADEIRO
PF199608,Propane Tank / Exchange / Returning Empty Tank and Receiving New Tank Filled with Propane,PF190200,VERDADEIRO,VERDADEIRO
PF190212,Propane Tank / No Exchange / New Tank Filled with Propane,PF190200,VERDADEIRO,VERDADEIRO
SD086571,Graphics Production - various mediums; banners or signs,S0000000,VERDADEIRO,VERDADEIRO
SA070200,Architectural service / Includes designs and plans,SA070000,FALSO,VERDADEIRO
OD010501,Automobile sales and lease / Manufacturer rebate / Rebate sent directly to purchaser,O0000000,FALSO,VERDADEIRO
PR010430,Automobile sales and lease / Dealer service loaners / Long-term lease,P0000000,VERDADEIRO,VERDADEIRO
PR010441,Automobile sales and lease / Early termination charge / Long-term lease,P0000000,VERDADEIRO,VERDADEIRO
SA090806,"Automobile sales and lease / Optional fees / Long-term lease / Vehicle tire, wheel, and cosmetic coverage",S0000000,FALSO,VERDADEIRO
PA300800,Automobile sales and lease / Automobile sales,P0000000,VERDADEIRO,VERDADEIRO
PR010435,Automobile sales and lease / Optional fees / Long-term lease / Vehicle anti-theft system,P0000000,VERDADEIRO,VERDADEIRO
PR010444,Automobile sales and lease / Mandatory fees / Long-term lease,P0000000,VERDADEIRO,VERDADEIRO
SA090803,Automobile sales and lease / Optional fees / Long-term lease / Vehicle pinstriping,S0000000,FALSO,VERDADEIRO
SW040500,Watercraft / Installation / Not associated with the sale of TPP,SW040000,FALSO,VERDADEIRO
SW040000,"Watercraft / Repair, installation, or other services",S0000000,FALSO,VERDADEIRO
SW040700,Watercraft / Repair,SW040000,FALSO,VERDADEIRO
SD020901,Data processing - physical output,SD020900,VERDADEIRO,VERDADEIRO
PH403002,Bed and spare parts / Sold to medical facility,0110,VERDADEIRO,VERDADEIRO
PF050032,Vitamins and supplements / Sold on prescription,PF050700,VERDADEIRO,VERDADEIRO
ST087634,Online Training,ST080000,FALSO,VERDADEIRO
PH400656,Medicinal remedies / No active ingredient or drug,0390,VERDADEIRO,VERDADEIRO
PH050860,Medicine / Over-the-counter / Homeopathic / Active ingredient NOT a drug,PH050700,VERDADEIRO,VERDADEIRO
PF190210,Heating Fuel / Commercial use,PF190200,VERDADEIRO,VERDADEIRO
PF190211,Heating Fuel / Residential use,PF190200,VERDADEIRO,VERDADEIRO
PH403669,"Breast pump, not for home use, with a prescription paid by Medicare",0760,VERDADEIRO,VERDADEIRO
OF200100,Automobile sales and lease / Optional fees / Long-term lease / Vehicle guaranteed asset protection (GAP) insurance,O0000000,FALSO,VERDADEIRO
PR010420,Automobile sales and lease / Lease payment / Long-term lease,P0000000,VERDADEIRO,VERDADEIRO
PR010432,Automobile sales and lease / Corporate lease / Pool vehicle,P0000000,VERDADEIRO,VERDADEIRO
PR010436,Automobile sales and lease / Optional fees / Long-term lease / Vehicle theft recovery system,P0000000,VERDADEIRO,VERDADEIRO
PR010443,Automobile sales and lease / Last lease payment / Long-term lease,P0000000,VERDADEIRO,VERDADEIRO
PR010445,Automobile sales and lease / Mileage charges / Long-term lease,P0000000,VERDADEIRO,VERDADEIRO
SA090802,Automobile sales and lease / Optional fees / Long-term lease / Vehicle lease end protection,S0000000,FALSO,VERDADEIRO
SA090804,Automobile sales and lease / Optional fees / Long-term lease / Vehicle service protection plan,S0000000,FALSO,VERDADEIRO
SA090808,Automobile sales and lease / Optional fees / Long-term lease / Vehicle window tinting,S0000000,FALSO,VERDADEIRO
SA090810,Automobile sales and lease / Optional fees / Long-term lease / Vehicle certified pre-owned service protection,P0000000,FALSO,VERDADEIRO
OD010500,Automobile sales and lease / Manufacturer rebate / Rebate assigned to dealer or seller,O0000000,FALSO,VERDADEIRO
PR010410,Automobile sales and lease / Down payment / Long-term lease,P0000000,VERDADEIRO,VERDADEIRO
PR010431,Automobile sales and lease / Corporate lease / Assigned vehicle,P0000000,VERDADEIRO,VERDADEIRO
PR010440,Automobile sales and lease / Early purchase buyout / Long-term lease,P0000000,VERDADEIRO,VERDADEIRO
PR010442,Automobile sales and lease / Excess wear and tear / Long-term lease,P0000000,VERDADEIRO,VERDADEIRO
PR010446,Automobile sales and lease / Optional fees / Long-term lease,P0000000,VERDADEIRO,VERDADEIRO
SA090801,Automobile sales and lease / Optional fees / Long-term lease / Vehicle term protection,S0000000,FALSO,VERDADEIRO
SA090805,Automobile sales and lease / Optional fees / Long-term lease / Vehicle dent protection plan,S0000000,FALSO,VERDADEIRO
SA090807,Automobile sales and lease / Optional fees / Long-term lease / Vehicle VIN etching,S0000000,FALSO,VERDADEIRO
PF190216,Heating Fuel / Propane / Commercial use,P0000000,VERDADEIRO,VERDADEIRO
PF190217,Heating Fuel / Propane / Residential use,P0000000,VERDADEIRO,VERDADEIRO
SD020100,Data / Access fees / Individual use,SD020000,FALSO,VERDADEIRO
SP102800,Screen Printing / Performed on Articles of Clothing,SP100000,FALSO,VERDADEIRO
SW050300,Website / Domain registration / Individual use,SW050000,FALSO,VERDADEIRO
PH403691,Hearing aid accessories,0760,VERDADEIRO,VERDADEIRO
SB156266,Building inspection services,S0000000,FALSO,VERDADEIRO
PP208778,Postage Stamps,P0000000,VERDADEIRO,VERDADEIRO
PP140037,Ring Tone Cards,PP140000,VERDADEIRO,VERDADEIRO
SG016250,Site Cleanup / Waste Removal,SG010000,FALSO,VERDADEIRO
PR058882,Rentals / Leases - Commercial Real Property,PR050000,VERDADEIRO,VERDADEIRO
SG017226,Waste Removal,SG010000,FALSO,VERDADEIRO
SI010002,Information services / Canned data / Delivered electronically / Individual use,S0000000,FALSO,VERDADEIRO
SI010003,Information services / Custom data / Delivered in tangible form,S0000000,VERDADEIRO,VERDADEIRO
SI010004,Information services / Custom data / Delivered electronically,S0000000,FALSO,VERDADEIRO
OA020600,Admissions / Green fees / Municipally owned golf course,OA020000,FALSO,VERDADEIRO
OA020700,Admissions / Green fees / Privately owned golf course,OA020000,FALSO,VERDADEIRO
PP052102,Pet / Medical Supplies Used During Surgery,PP052100,VERDADEIRO,VERDADEIRO
PP052110,"Pet / Syringes / Used by a Veterinary Hospital, Clinic or Office",PP052100,VERDADEIRO,VERDADEIRO
PP052103,Pet / Disposable / One-Time Use Medical Supplies,PP052100,VERDADEIRO,VERDADEIRO
PP052201,Pet / Skin Graft Products,PP052200,VERDADEIRO,VERDADEIRO
PP052251,Pet / Splints,PP052250,VERDADEIRO,VERDADEIRO
PP052104,Pet / Sharps Disposal Container / Not For Home Use,PP052100,VERDADEIRO,VERDADEIRO
PP052152,Pet / Blood Products / Includes Plasma,PP052150,VERDADEIRO,VERDADEIRO
PP052202,Pet / Bone Graft Products,PP052200,VERDADEIRO,VERDADEIRO
PP052113,Pet / Cast Materials,PP052100,VERDADEIRO,VERDADEIRO
PP052153,Pet / Blood Administration Kits / Not for Home Use,PP052150,VERDADEIRO,VERDADEIRO
PP052203,"Pet / Implantable Hardware / Includes Screws, Plates, Contact Lenses",PP052200,VERDADEIRO,VERDADEIRO
SD020101,Data / Access fees / Business use,SD020000,FALSO,VERDADEIRO
SI010005,Information services / Canned data / Delivered electronically / Business use,S0000000,FALSO,VERDADEIRO
SW050301,Website / Domain registration / Business use,SW050000,FALSO,VERDADEIRO
PH101170,Portable power banks,P0000000,VERDADEIRO,VERDADEIRO
PP051150,Pet Supplies - Non-commercial - Portable Kennels,PP050100,VERDADEIRO,VERDADEIRO
PP051151,Pet Supplies - Non-commercial - Dry Pet Food - 15lbs or less,PP050100,VERDADEIRO,VERDADEIRO
PP051152,Pet Supplies - Non-commercial - Wet Pet Food - Cans or Pouches,PP050100,VERDADEIRO,VERDADEIRO
PP051153,"Pet Supplies - Non-commercial - Leashes, Collars, and Muzzles",PP050100,VERDADEIRO,VERDADEIRO
PP051154,Pet Supplies - Non-commercial - Collapsible or Travel-Sized Food/Water Bowls,PP050100,VERDADEIRO,VERDADEIRO
PP051155,Pet Supplies - Non-commercial - Cat Litter - 25lbs or less,PP050100,VERDADEIRO,VERDADEIRO
PP051156,Pet Supplies - Non-commercial - Cat Litter Pans,PP050100,VERDADEIRO,VERDADEIRO
PP051157,Pet Supplies - Non-commercial - Pet Waste Disposal Bags,PP050100,VERDADEIRO,VERDADEIRO
PP051158,Pet Supplies - Non-commercial - Pet Pads,PP050100,VERDADEIRO,VERDADEIRO
PP051159,Pet Supplies - Non-commercial - Hamster or Rabbit Substrate,PP050100,VERDADEIRO,VERDADEIRO
PP051160,Pet Supplies - Non-commercial - Pet Beds,PP050100,VERDADEIRO,VERDADEIRO
PH050152,Drugs / For Human Use / Sold to Hospital,PH050100,VERDADEIRO,VERDADEIRO
PH050153,Drugs / For Human Use / Sold to Medical Facility,PH050100,VERDADEIRO,VERDADEIRO
PH403898,Thermometer / Reusable / Home Use,0670,VERDADEIRO,VERDADEIRO
PH403906,Thermometer probe / sheath,0670,VERDADEIRO,VERDADEIRO
SW077250,Window Cleaning Services / Residential,P0000000,FALSO,VERDADEIRO
PH400652,Contact Lens Cleaner,0390,VERDADEIRO,VERDADEIRO
PC031042,Bowling Shoes / Business-to-Business,PC030400,VERDADEIRO,VERDADEIRO
PC041042,Bowling Shoes / Business-to-Consumer,PC040400,VERDADEIRO,VERDADEIRO
PH400957,Hair Care / Lice Treatment / Over-the-Counter,1140,VERDADEIRO,VERDADEIRO
PB100819,Books / Coupon or Discount Book,PB100000,VERDADEIRO,VERDADEIRO
PH400044,Thermometer / Disposable / Home Use,0760,VERDADEIRO,VERDADEIRO
PD010000,Materials Used in Direct Mail Services,P0000000,VERDADEIRO,VERDADEIRO
PP052107,Pet / Eye drops / Sold on prescription,PP052100,VERDADEIRO,VERDADEIRO
PC030317,Clothing and related products (Business to Business) – Protective coveralls,PC030000,VERDADEIRO,VERDADEIRO
PC040317,Clothing and related products (Business to Consumer) – Protective coveralls,PC040000,VERDADEIRO,VERDADEIRO
PH101180,Emergency equipment – Solar powered,PH100000,VERDADEIRO,VERDADEIRO
PH101210,Emergency candles,PH100000,VERDADEIRO,VERDADEIRO
PO200130,Outdoor gear and supplies / Residential pool supplies and replacement parts,P0000000,VERDADEIRO,VERDADEIRO
PS050305,"School Related Products (B2B) – Learning aids to include books, cards, puzzles, games, and toys to assist in reading, math, and other skills",PS050000,VERDADEIRO,VERDADEIRO
PT118801,Power tools,PT118906,VERDADEIRO,VERDADEIRO
PT118804,Duffle bags and tote bags designed for carrying tools,PT118906,VERDADEIRO,VERDADEIRO
PT118807,Electrical voltage and testing equipment,PT118906,VERDADEIRO,VERDADEIRO
PT118810,Plumbing inspection equipment,PT118906,VERDADEIRO,VERDADEIRO
PB100210,Code books and textbooks for the construction industry,PB100000,VERDADEIRO,VERDADEIRO
PE070229,Energy Efficient Equipment - Non-Commercial (residential) – Water Heaters,PE070000,VERDADEIRO,VERDADEIRO
PH050734,Health Care Products / COVID-19 Test Kit / No Rx Required / No Rx,P0000000,VERDADEIRO,VERDADEIRO
PH101190,Emergency or rescue stairs,PH100000,VERDADEIRO,VERDADEIRO
PH101220,Matches,PH100000,VERDADEIRO,VERDADEIRO
PO200131,Outdoor gear and supplies / Residential pool and spa chemicals purchased by individuals,P0000000,VERDADEIRO,VERDADEIRO
PS060305,"School Related Products (B2C) – Learning aids to include books, cards, puzzles, games, and toys to assist in reading, math, and other skills",PS060000,VERDADEIRO,VERDADEIRO
PT118802,Battery packs for power tools,PT118906,VERDADEIRO,VERDADEIRO
PT118805,Shop lights,PT118906,VERDADEIRO,VERDADEIRO
PT118808,Drain opening tools,PT118906,VERDADEIRO,VERDADEIRO
PT118811,Toolboxes designed for vehicle installation,PT118906,VERDADEIRO,VERDADEIRO
PH101111,Power Generator – Parts and products for repair and maintenance of portable generators,PH100000,VERDADEIRO,VERDADEIRO
PH101200,Fans – Battery or alternatively powered,PH100000,VERDADEIRO,VERDADEIRO
PH101300,"Doors, garage doors, and windows labeled impact-resistant or has impact-resistant rating",PH100000,VERDADEIRO,VERDADEIRO
PT118800,Hand tools,PT118906,VERDADEIRO,VERDADEIRO
PT118803,Toolboxes,PT118906,VERDADEIRO,VERDADEIRO
PT118806,LED flashlights,PT118906,VERDADEIRO,VERDADEIRO
PT118809,Pipe cutting tools – handheld,PT118906,VERDADEIRO,VERDADEIRO
PO200100,Outdoor gear and supplies / Inflatable water tubes and floats capable of being towed,P0000000,VERDADEIRO,VERDADEIRO
PO200132,"Outdoor gear and supplies / Inflatable tubes, floats, chairs and pool toys",P0000000,VERDADEIRO,VERDADEIRO
SE050400,Engineering services / Other,SE050000,FALSO,VERDADEIRO
SA035898,Advertising Media / Inserts Distributed via Newspaper Insert,SA030000,VERDADEIRO,VERDADEIRO
PH404226,Contraceptive devices / Sold to medical facility,0810,VERDADEIRO,VERDADEIRO
SC156210,Excavation & Grading Services / Commercial Real Property / Capital Improvement,SC150000,FALSO,VERDADEIRO
SW050401,Website / Hosting / Individual use / NOTE: Use of this code will return the rate for the Chicago Personal Property Lease Transaction Tax,SW050000,FALSO,VERDADEIRO
SW056001,Cloud Services / Platform as a Service (PaaS) / Individual use / NOTE: Use of this code will return the rate for the Chicago Personal Property Lease Transaction Tax,SW056000,FALSO,VERDADEIRO
SW053005,Cloud Services / Software as a Service (SaaS) / License Agreement / Business use / NOTE: Use of this code will return the rate for the Chicago Personal Property Lease Transaction Tax,SW053003,FALSO,VERDADEIRO
SW054005,Cloud Services / Software as a Service (SaaS) / Service Agreement / Business use / NOTE: Use of this code will return the rate for the Chicago Personal Property Lease Transaction Tax,SW054003,FALSO,VERDADEIRO
SW054105,Cloud Services / Software as a Service (SaaS) / Service Agreement / Database Products / Business use / NOTE: Use of this code will return the rate for the Chicago Personal Property Lease Transaction Tax,SW054103,FALSO,VERDADEIRO
SW090001,Word Processing / Business use,S0000000,FALSO,VERDADEIRO
SD021101,Data Services / Storage and retrieval / Business use,SD021000,FALSO,VERDADEIRO
ST040101,Technical Support Services / Phone support services / Business use,ST040000,FALSO,VERDADEIRO
PF160067,Prepared Food / Salads / Multiple-Serving / Seller Prepared / Packaged,PF160000,VERDADEIRO,VERDADEIRO
PF160061,Prepared Food / Party Trays and Platters / Seller Prepared / Only Cut and Packaged,PF160000,VERDADEIRO,VERDADEIRO
SE050100,Engineering services / Civil engineering,SE050000,FALSO,VERDADEIRO
SE050200,Engineering services / Electrical engineering,SE050000,FALSO,VERDADEIRO
SE050300,Engineering services / Mechanical engineering,SE050000,FALSO,VERDADEIRO
ST040100,Technical Support Services / Phone support services / Individual use,ST040000,FALSO,VERDADEIRO
ST050100,Automated Answering Services / Individual use,ST050000,FALSO,VERDADEIRO
SE050000,Engineering services,S0000000,FALSO,VERDADEIRO
SW050000,"Web design, maintenance or management services / Individual use",S0000000,FALSO,VERDADEIRO
SW090000,Word Processing / Individual use,S0000000,FALSO,VERDADEIRO
SC160900,Consulting / Systems / Business Use,SC160000,FALSO,VERDADEIRO
SD021100,Data Services / Storage and retrieval / Individual use,SD021000,FALSO,VERDADEIRO
SW050400,Website / Hosting / Individual use,SW050000,FALSO,VERDADEIRO
SW050500,Website / Information access / Individual use,SW050000,FALSO,VERDADEIRO
SI080000,IT Monitoring Services / Individual use,S0000000,FALSO,VERDADEIRO
PH404186,Medical supplies / Cold therapy packs / Reusable / Sold at retail,0810,VERDADEIRO,VERDADEIRO
SD036434,Online Dating Services,SD030000,FALSO,VERDADEIRO
PH404082,Catheter / Urinary / Disposable / Sold to Medical Facility,0780,VERDADEIRO,VERDADEIRO
FR059314,Freight Loading or Unloading / Charge by Seller / Mandatory,FR000000,FALSO,VERDADEIRO
SA035906,Advertising Media / Inserts Distributed via Shared Mail Package,SA030000,VERDADEIRO,VERDADEIRO
PH404970,"Belts, binders, and straps / Sold to medical facility",1000,VERDADEIRO,VERDADEIRO
SG016962,Recycling services,SG010000,FALSO,VERDADEIRO
PH403250,Deionized Water / Sold to Medical Facility,0400,VERDADEIRO,VERDADEIRO
PA300741,"Lubricants / Includes Grease, Motor Oil, Transmission Fluid, etc.",PA300000,VERDADEIRO,VERDADEIRO
PF051346,Food / Marshmallows,PF050500,VERDADEIRO,VERDADEIRO
PG050716,Prepaid Electronic Download Cards,PG050000,VERDADEIRO,VERDADEIRO
SC117314,Software Programming Services / Individual use,SC110000,FALSO,VERDADEIRO
SW057242,Web design services / Individual use,SW050000,FALSO,VERDADEIRO
PF050092,Food & Food Ingredients - Ready Meals (Basic Foodstuffs),PF050000,VERDADEIRO,VERDADEIRO
PF050093,Food & Food Ingredients - Ready Meals (Flour- or Egg-Based Bakery Items),PF050000,VERDADEIRO,VERDADEIRO
PF051818,Food / Items That Contain a Significant Amount of Alcohol / Not Candy,PF050000,VERDADEIRO,VERDADEIRO
SW053000,Cloud Services / Software as a Service (SaaS) / License Agreement / Individual use,SW050000,FALSO,VERDADEIRO
SW054000,Cloud Services / Software as a Service (SaaS) / Service Agreement / Individual use,SW050000,FALSO,VERDADEIRO
PS160801,Vapor E-cigarettes / Includes nicotine refill cartridge / Closed system,P0000000,VERDADEIRO,VERDADEIRO
SW054002,Cloud Services / Software as a Service (SaaS) / Service Agreement / Individual use / NOTE: Use of this code will return the rate for the Chicago Personal Property Lease Transaction Tax,SW054000,FALSO,VERDADEIRO
SW054100,Cloud Services / Software as a Service (SaaS) / Service Agreement / Database Products / Individual use,SW054000,FALSO,VERDADEIRO
SW054102,Cloud Services / Software as a Service (SaaS) / Service Agreement / Database Products / Individual use / NOTE: Use of this code will return the rate for the Chicago Personal Property Lease Transaction Tax,SW054100,FALSO,VERDADEIRO
SW053002,Cloud Services / Software as a Service (SaaS) / License Agreement / Individual use / NOTE: Use of this code will return the rate for the Chicago Personal Property Lease Transaction Tax,SW053000,FALSO,VERDADEIRO
SW055000,Cloud Services / Infrastructure as a Service (IaaS) / Individual use,SW050000,FALSO,VERDADEIRO
SW055001,Cloud Services / Infrastructure as a Service (IaaS) / Individual use / NOTE: Use of this code will return the rate for the Chicago Personal Property Lease Transaction Tax,SW055000,FALSO,VERDADEIRO
SW056000,Cloud Services / Platform as a Service (PaaS) / Individual use,SW050000,FALSO,VERDADEIRO
PH405099,Orthotic Supplies - sold at retail,1000,VERDADEIRO,VERDADEIRO
PH405057,Orthopedic supplies - sold at retail,1000,VERDADEIRO,VERDADEIRO
OF040005,Late payment / Penalty charge associated with recurring debt / extension of credit,O0000000,FALSO,VERDADEIRO
SW053003,Cloud Services / Software as a Service (SaaS) / License Agreement / Business use,SW050000,FALSO,VERDADEIRO
SW054003,Cloud Services / Software as a Service (SaaS) / Service Agreement / Business use,SW050000,FALSO,VERDADEIRO
SW054103,Cloud Services / Software as a Service (SaaS) / Service Agreement / Database Products / Business use,SW054003,FALSO,VERDADEIRO
SW055002,Cloud Services / Infrastructure as a Service (IaaS) / Business use,SW050000,FALSO,VERDADEIRO
SW055003,Cloud Services / Infrastructure as a Service (IaaS) / Business use / NOTE: Use of this code will return the rate for the Chicago Personal Property Lease Transaction Tax,SW055002,FALSO,VERDADEIRO
SW056002,Cloud Services / Platform as a Service (PaaS) / Business use,SW050000,FALSO,VERDADEIRO
SW056003,Cloud Services / Platform as a Service (PaaS) / Business use / NOTE: Use of this code will return the rate for the Chicago Personal Property Lease Transaction Tax,SW056002,FALSO,VERDADEIRO
SI080001,IT Monitoring Services / Business use,S0000000,FALSO,VERDADEIRO
ST050101,Automated Answering Services / Business use,ST050000,FALSO,VERDADEIRO
SW050403,Website / Hosting / Business use / NOTE: Use of this code will return the rate for the Chicago Personal Property Lease Transaction Tax,SW050000,FALSO,VERDADEIRO
SC117315,Software Programming Services / Business use,SC110000,FALSO,VERDADEIRO
SW050001,"Web design, maintenance or management services / Business use",S0000000,FALSO,VERDADEIRO
SW050402,Website / Hosting / Business use,SW050000,FALSO,VERDADEIRO
SW050501,Website / Information access / Business use,SW050000,FALSO,VERDADEIRO
SW057243,Web design services / Business use,SW050000,FALSO,VERDADEIRO
SC156211,Excavation & Grading Services / Residential Real Property / Capital Improvement,SC150000,FALSO,VERDADEIRO
SC156213,Excavation & Grading Services / Residential Real Property / No capital improvement,SC150000,FALSO,VERDADEIRO
SC156212,Excavation & Grading Services / Commercial Real Property / No Capital Improvement,SC150000,FALSO,VERDADEIRO
PF160062,Food / Sandwiches / Party Trays and Platters / Third-Party Prepared / Sold Cold / Prepackaged,PF160000,VERDADEIRO,VERDADEIRO
PF160066,Prepared Food / Sandwiches / Party Trays and Platters / Seller Prepared / Sold Cold / Packaged,PF160000,VERDADEIRO,VERDADEIRO
PF160063,Prepared Food / Bakery / Seller Prepared / Sold Cold / Serving Size 4-5 / Packaged,PF160000,VERDADEIRO,VERDADEIRO
PF160060,Food / Salads / Third-Party Prepared / Bulk / Serving Size =>4 / Prepackaged,PF160000,VERDADEIRO,VERDADEIRO
PF160064,Food / Deli Salads / Third-Party Prepared / Bulk / Serving Size =>4 / Prepackaged,PF160000,VERDADEIRO,VERDADEIRO
PF160065,Prepared Food / Party Trays and Platters / Seller Prepared / Sold Hot / Ingredients Combined and Packaged,PF160000,VERDADEIRO,VERDADEIRO
PS160811,Vapor E-cigarettes / Includes nicotine refill cartridge / Open system,P0000000,VERDADEIRO,VERDADEIRO
PR060350,Rental or Lease / Operating Lease / Scaffolding / Contractor Rental,,VERDADEIRO,VERDADEIRO
PA300802,Automotive / Electric Vehicle Charging Station / Business Purchaser,P0000000,VERDADEIRO,VERDADEIRO
SA090001,Automotive / Electric Vehicle Charging Service / Flat Fee,SA090000,FALSO,VERDADEIRO
SA090002,Automotive / Electric Vehicle Charging Service / Charge Per KiloWatt (kWh),P0000000,FALSO,VERDADEIRO
PA300742,Hydraulic Fluid / Includes Brake and Power Steering Fluids,PA300000,VERDADEIRO,VERDADEIRO
PA300743,Coolant / Antifreeze,PA300000,VERDADEIRO,VERDADEIRO
PH401026,Feminine hygiene products / Menstrual cups,PH401020,VERDADEIRO,VERDADEIRO
PH401027,Feminine hygiene products / Other,PH401020,VERDADEIRO,VERDADEIRO
PH401024,"Feminine hygiene products / Sanitary towels, pads, and napkins",PH401020,VERDADEIRO,VERDADEIRO
PH401025,Feminine hygiene products / Tampons,PH401020,VERDADEIRO,VERDADEIRO
OF060001,Credit card processing fees / Charged by seller,O0000000,FALSO,VERDADEIRO
PB100110,Childrens Books and Physical Media Containing Similar Content,P0000000,VERDADEIRO,VERDADEIRO
SA090700,Automotive / Repair,SA090000,FALSO,VERDADEIRO
SW052400,Telephone Support / Hosted software / Optional / Server not in the state / Individual use,SW052000,FALSO,VERDADEIRO
PH405090,Stabilizers / Sold to medical facility,1000,VERDADEIRO,VERDADEIRO
FR021004,Postage for Direct Mail,FR020700,FALSO,VERDADEIRO
PR100320,Rental and leasing / Passenger car rental / Optional fees,PR100300,VERDADEIRO,VERDADEIRO
PR100340,Rental and leasing / Passenger car rental / Accessory equipment,PR100300,VERDADEIRO,VERDADEIRO
PS160806,Vapor Vapeleaf,PS160800,VERDADEIRO,VERDADEIRO
PS160821,Vapor Pen / Closed / Contains nicotine,PS160800,VERDADEIRO,VERDADEIRO
PS160823,Vapor Pen / Refillable contains nicotine,PS160800,VERDADEIRO,VERDADEIRO
PS160825,Vapor Pen / CBD refill cartridge only / 5 mL or less,PS160800,VERDADEIRO,VERDADEIRO
PS160827,Vapor Pen /  Nicotine refill cartridge only / Greater than 5 mL,PS160800,VERDADEIRO,VERDADEIRO
PS160829,Vapor Pen / Does not contain Nicotine / Refill cartridge only / Greater than 5 mL,PS160800,VERDADEIRO,VERDADEIRO
PS160835,Vapor Liquids / Does not contain nicotine / 5 mL or less,PS160800,VERDADEIRO,VERDADEIRO
PS160837,Vapor Liquids / Contains nicotine / 5 mL or less,PS160800,VERDADEIRO,VERDADEIRO
PS160840,Vapor Devices and Kits / With vape liquid / Does not contain nicotine,PS160800,VERDADEIRO,VERDADEIRO
PC030610,Clothing and Related Products (Business to Business) / Infant and Toddler Clothing and Footwear / Ages 5 Years or Less,PC030000,VERDADEIRO,VERDADEIRO
PC040610,Clothing and Related Products (Business to Consumer) / Infant and Toddler Clothing and Footwear / Ages 5 Years or Less,PC040000,VERDADEIRO,VERDADEIRO
OA020500,Admissions / Events Other Than Entertainment or Amusement,OA020000,FALSO,VERDADEIRO
SI010001,Information services / Canned data / Delivered in tangible form,S0000000,VERDADEIRO,VERDADEIRO
PR100300,Rental and leasing / Passenger car rental,P0000000,VERDADEIRO,VERDADEIRO
PR100330,Rental and leasing / Passenger car rental / Mandatory fees,PR100300,VERDADEIRO,VERDADEIRO
PS160842,Vapor Devices and Kits / With vape liquid / Contains nicotine,PS160800,VERDADEIRO,VERDADEIRO
PS160805,Vapor Heat Sticks,PS160800,VERDADEIRO,VERDADEIRO
PS160820,Vapor Pen / Closed / Does not contain nicotine,PS160800,VERDADEIRO,VERDADEIRO
PS160822,Vapor Pen / CBD,PS160800,VERDADEIRO,VERDADEIRO
PS160824,Vapor Pen / Refillable does not contain nicotine,PS160800,VERDADEIRO,VERDADEIRO
PS160826,Vapor Pen / CBD refill cartridge only /Greater than 5 mL,PS160800,VERDADEIRO,VERDADEIRO
PS160828,Vapor Pen / Nicotine refill cartridge only  / 5 mL  or less,PS160800,VERDADEIRO,VERDADEIRO
PS160830,Vapor Pen / Does not contain Nicotine / Refill cartridge only / 5 mL or less,PS160800,VERDADEIRO,VERDADEIRO
PS160836,Vapor Liquids / Does not contain nicotine /greater than 5 mL,PS160800,VERDADEIRO,VERDADEIRO
PS160838,Vapor Liquids / Contains nicotine / Greater than 5 mL,PS160800,VERDADEIRO,VERDADEIRO
FR010300,Delivery by Personal Vehicle / Third-Party Mobile Platform,FR000000,FALSO,VERDADEIRO
PC030611,Clothing and Related Products (Business to Business) / Swimwear / Ages 5 Years or Less,PC030000,VERDADEIRO,VERDADEIRO
PC040611,Clothing and Related Products (Business to Consumer) / Swimwear / Ages 5 Years or Less,PC040000,VERDADEIRO,VERDADEIRO
PC030000,Clothing And Related Products (Business-To-Business),P0000000,VERDADEIRO,FALSO
PF050101,Food And Food Ingredients-beverages (carbonated beverages)100% juice content,PF050110,VERDADEIRO,FALSO
PF050200,Food And Food Ingredients-beverages (non-carbonated beverages),PF050000,VERDADEIRO,FALSO
PF050202,Food And Food Ingredients-beverages (non-carbonated beverages)-99%-70% juice content,PF050200,VERDADEIRO,FALSO
PF050203,Food And Food Ingredients-beverages (non-carbonated beverages)-69%-51% juice content,PF050200,VERDADEIRO,FALSO
PF050204,Food And Food Ingredients-beverages (non-carbonated beverages)-50%-25% juice content,PF050200,VERDADEIRO,FALSO
PF050205,Food And Food Ingredients-beverages (non-carbonated beverages)--24%-15% juice content,PF050200,VERDADEIRO,FALSO
PF050311,Food And Food Ingredients-candy-Candy item marketed as a candy item,PF050310,VERDADEIRO,FALSO
PF050600,"Food And Food Ingredients-dietary food (specialty, nutritional supplement)",PF050000,VERDADEIRO,FALSO
PF050802,"Food And Food Ingredients-health food (specialty, nutritional supplement)-Other health food products",PF050800,VERDADEIRO,FALSO
PH050100,Health Care Products - Drugs for human use,PH050000,VERDADEIRO,FALSO
PH050200,Health Care Products-durable medical equipment,PH050000,VERDADEIRO,FALSO
PH050201,Health Care Products-durable medical equipment-without a prescription,PH050200,VERDADEIRO,FALSO
PH050202,Health Care Products-durable medical equipment-with a prescription,PH050200,VERDADEIRO,FALSO
PH050300,Health Care Products-mobility enhancing equipment,PH050000,VERDADEIRO,FALSO
PS050000,School Related Products (Business-To-Business),P0000000,VERDADEIRO,FALSO
FR000000,Freight,PF050900,FALSO,FALSO
D0000000,Digital goods,PF050000,FALSO,FALSO
DA030000,Digital goods: Art (Digital Only -- No Physical Media),D0000000,FALSO,FALSO
DB020000,Digital goods: Books (Digital Only -- No Physical Media),D0000000,FALSO,FALSO
DG010000,Digital goods: Games,D0000000,VERDADEIRO,FALSO
DM020000,Digital goods: Mailing Lists,D0000000,VERDADEIRO,FALSO
DM030000,Digital goods: Movies,D0000000,VERDADEIRO,FALSO
DM040000,Digital goods: Music,D0000000,VERDADEIRO,FALSO
DP010000,Digital goods: Photographs,D0000000,VERDADEIRO,FALSO
DV010000,Digital goods: Videos,D0000000,VERDADEIRO,FALSO
SC070100,Computer Software Implementation - Associated With the Sale of Software-prewritten software,SC070000,FALSO,FALSO
SC070200,Computer Software Implementation - Associated With the Sale of Software-custom software,SC070000,FALSO,FALSO
SC080100,Computer Software Implementation - Not Associated With the Sale of Software-prewritten software,SC080000,FALSO,FALSO
SC080200,Computer Software Implementation - Not Associated With the Sale of Software-custom software,SC080000,FALSO,FALSO
SC090100,Computer Software Maintenance (custom software)-optional (electronically downloaded),SC090000,FALSO,FALSO
SC100100,Computer Software Maintenance (prewritten software)-optional (electronically downloaded),SC100000,FALSO,FALSO
SC130100,Computer software technical services (prewritten software)-optional (electronically downloaded),S0000000,FALSO,FALSO
SA090000,Automotive,S0000000,FALSO,FALSO
SC070000,"Computer Software Implementation (implementation, installation and training) - Associated With the Sale of Software",S0000000,FALSO,FALSO
SC080000,"Computer Software Implementation (implementation, installation and training) - Not Associated With the Sale of Software",S0000000,FALSO,FALSO
SC090000,Computer Software Maintenance Contracts/Agreements (custom software),S0000000,FALSO,FALSO
SC100000,Computer Software Maintenance Contracts/Agreements (prewritten software),S0000000,FALSO,FALSO
SC120000,Computer software technical services (custom software),SC100000,FALSO,FALSO
SC130000,Computer software technical services (prewritten software),SC100000,FALSO,FALSO
SI020000,Installation,S0000000,FALSO,FALSO
SM060000,Motorcycle / ATV Services,S0000000,FALSO,FALSO
SR060000,Repair (other),S0000000,FALSO,FALSO
PC040000,Clothing And Related Products (Business-To-Customer),P0000000,VERDADEIRO,FALSO
OD020000,Dues/Membership Fee,O0000000,FALSO,FALSO
ON010000,Non-Refundable Deposits,O0000000,FALSO,FALSO
SC070300,Computer Software Implementation-Training Only,SC070000,FALSO,FALSO
SC080300,Computer Software Implementation - Not Associated With the Sale of Software-Training Only,SC080000,FALSO,FALSO
SC090300,Computer Software Maintenance (custom software)-optional (load and leave),SC090000,FALSO,FALSO
SC090500,Computer Software Maintenance (custom software)-optional (physical media),SC090000,FALSO,FALSO
SC100300,Computer Software Maintenance (prewritten software)-optional (load and leave),SC100000,FALSO,FALSO
SC100500,Computer Software Maintenance (prewritten software)-Computer optional (physical media),SC100000,FALSO,FALSO
SC130300,Computer software technical services (prewritten software)-optional (load and leave),SC130000,FALSO,FALSO
PF050110,Food And Food Ingredients-beverages (carbonated beverages)-Other carbonated beverage (sweetened),PF050100,VERDADEIRO,FALSO
PF050114,Food And Food Ingredients-beverages (carbonated beverages)-Water (mineral bottled),PF050110,VERDADEIRO,FALSO
PF050206,Food And Food Ingredients-beverages (non-carbonated beverages)-<15% juice content,PF050200,VERDADEIRO,FALSO
PF050214,Food And Food Ingredients-beverages (non-carbonated beverages)-Hot chocolate mixes,PF050210,VERDADEIRO,FALSO
PF050215,Food And Food Ingredients-beverages (non-carbonated beverages)-Milk products,PF050210,VERDADEIRO,FALSO
PF050219,Food And Food Ingredients-beverages (non-carbonated beverages)-Tea (bags),PF050210,VERDADEIRO,FALSO
PF050903,"Food And Food Ingredients-snacks (non-candy, no eating utensils) Ice cream =/> than a quart",PF050900,VERDADEIRO,FALSO
PF050909,"Food And Food Ingredients-snacks (non-candy, no eating utensils) Single serving - other",PF050900,VERDADEIRO,FALSO
PH050509,Health Care Products-grooming /other-Dental hygiene products (mouthwash),PH050500,VERDADEIRO,FALSO
PS060000,School Related Products (Business-To-Customer),P0000000,VERDADEIRO,FALSO
DA040000,Digital goods: Audio (Digital Only -- No Physical Media),D0000000,FALSO,FALSO
DC020402,Computer Software - non-educational - prewritten/canned - physical media (Business-To-Business),DC020400,VERDADEIRO,FALSO
DC020502,Computer Software - non-educational - prewritten/canned - electronically downloaded (Business-To-Customer),DC020500,FALSO,FALSO
D9999999,Temporary Unmapped Digital Goods SKU - taxable default,D0000000,VERDADEIRO,FALSO
PH405218,Mouthwash - antiseptic,1140,VERDADEIRO,FALSO
PH403940,Ambulatory:  Quad Canes,PH050300,VERDADEIRO,FALSO
PR082658,Third Party Financing for $1 Purchase Payment Lease - Treatment as a Capital Lease,PR080000,VERDADEIRO,FALSO
PR082666,Third Party Financing for $1 Purchase Payment Lease - Treatment as a Financing Arrangement,PR080000,VERDADEIRO,FALSO
PH403883,Home Health Care / Sitz Bath,0670,VERDADEIRO,VERDADEIRO
PH403980,"Home Health Care / Mobility Enhancing Equipment / Transfer Chairs, Bench, Wheelchair Cushions",0670,VERDADEIRO,VERDADEIRO
PH403754,Equipment - medical - Sold to Medical Facility,0760,VERDADEIRO,FALSO
PH050051,Non-medicated over-the counter (OTC) products sold with prescription,PH050700,VERDADEIRO,FALSO
PF059392,Food and Food Ingredients - Beverages (carbonated) - 100% juice content,PF050100,VERDADEIRO,FALSO
PF052322,Snack items - Candy,PF050300,VERDADEIRO,FALSO
PF051522,Food Staples: Includes (Kelloggs Fruit Twistables / Stretch Island / Fruit Streamers / UNSWEETENED Baking Chocolate and UNSWEETENED Coconut),PF050300,VERDADEIRO,FALSO
PF051562,Rice Krispies Treats and Similar Products / Hershey Snacks Barz,PF050000,VERDADEIRO,FALSO
OO028842,Occasional Sales,O0000000,VERDADEIRO,FALSO
SI016642,Information services / Individual use,SI010000,FALSO,FALSO
PF050121,"Food & Food Ingredients - cooking/baking supplies - Cooking chocolate, icing sugar and icing mix",PF050500,VERDADEIRO,FALSO
PF050068,Food & Food Ingredients -Ice cream - containers 200 ml (approximately 0.42 pint) or more,PF050900,VERDADEIRO,FALSO
PF050070,"Food & Food Ingredients -Fruit snacks, non-roasted nuts and similar products.",PF050900,VERDADEIRO,FALSO
PF050072,Food & Food Ingredients -Bakery Products - Bread with ingredient weight limits,PF050900,VERDADEIRO,FALSO
PF050073,Food & Food Ingredients -Bakery Products - Flour- or egg-based products,PF050900,VERDADEIRO,FALSO
PF050075,"Food & Food Ingredients -Bakery Products - Sweets, Chocolates, Confectionery",PF050900,VERDADEIRO,FALSO
PF050096,Food & Food Ingredients -  Non-Alcoholic Beer and Wine,PF050000,VERDADEIRO,FALSO
PF050097,"Food & Food Ingredients - Chocolate, cocoa beans, cocoa butter, and chocolate cookies.",PF050300,VERDADEIRO,FALSO
PF050099,"Food & Food Ingredients - Milk chocolate, white chocolate, and filled chocolate",PF050300,VERDADEIRO,FALSO
PF050120,Food & Food Ingredients - Coated Granola cereal bars (flour-based),PF050300,VERDADEIRO,FALSO
DG010201,Games - Streaming / electronic download *See additional code description,DG010000,FALSO,FALSO
SW053001,Cloud Services / Software as a Service (SaaS) / License Agreement / Individual use,SW053000,FALSO,FALSO
SW054001,Cloud Services / Software as a Service (SaaS) / Service Agreement / Individual use,SW054000,FALSO,FALSO
SW054101,Cloud Services / Software as a Service (SaaS) / Service Agreement / Database Products / Individual use,SW054100,FALSO,FALSO
OC040000,Convenience Fee Associated with Online Reservation,O0000000,FALSO,FALSO
PH400034,Diabetic Supplies - sold at retail,0780,VERDADEIRO,FALSO
SW053004,Cloud Services / Software as a Service (SaaS) / License Agreement / Business use,SW053003,FALSO,FALSO
SW054004,Cloud Services / Software as a Service (SaaS) / Service Agreement / Business use,SW054003,FALSO,FALSO
SW054104,Cloud Services / Software as a Service (SaaS) / Service Agreement / Database Products / Business use,SW054103,FALSO,FALSO
SI016643,Information services / Business use,SI010000,FALSO,FALSO
OF020001,Cancellation Fees - Lodging,OF020000,FALSO,VERDADEIRO
SC020011,Carpet Cleaning Services / Residential / Deodorant or Protector Added,S0000000,FALSO,VERDADEIRO
SC020020,Carpet Cleaning Services / Commercial / No Deodorant or Protector Added,S0000000,FALSO,VERDADEIRO
SC020010,Carpet Cleaning Services / Residential / No Deodorant or Protector Added,S0000000,FALSO,VERDADEIRO
SC020021,Carpet Cleaning Services / Commercial / Deodorant or Protector Added,S0000000,FALSO,VERDADEIRO
OD010010,Discounts and Cash Allowances / Loyalty Rewards Points / Earned Through Purchases / Requires Negative Entry,OD010000,FALSO,VERDADEIRO
OD010102,Discounts and Cash Allowances / Cash Discount / Retailer Discounts For Early Payment / Discount Taken at Point of Sale / Requires Negative Entry,OD010000,FALSO,VERDADEIRO
OD010101,Discounts and Cash Allowances / Cash Discount / Retailer Discounts For Early Payment / Discount Taken After Point of Sale / Requires Negative Entry,OD010000,FALSO,VERDADEIRO
OD010103,Discounts and Cash Allowances / Retailer Discounts For Paying With Cash Rather Than Credit / Requires Negative Entry,OD010000,FALSO,VERDADEIRO
SB010100,Bank and Financial Services / Customer Fees & Charges / Service Charges / Checking Account,SB010000,FALSO,VERDADEIRO
SB010200,Bank and Financial Services / Customer Fees & Charges / Service Charges / Other,SB010000,FALSO,VERDADEIRO
SB010101,Financial and Banking / Customer Fees & Charges / Set Up Fee / Checking Account,SB010000,FALSO,VERDADEIRO
SB010103,Financial and Banking / Customer Fees & Charges / Set Up Fee / Other,SB010000,FALSO,VERDADEIRO
SB010105,Financial and Banking / Customer Fees & Charges / Services Charges / Savings Accounts,SB010000,FALSO,VERDADEIRO
SB010107,Financial and Banking / Customer Fees & Charges / Monthly Service Charges / Checking Accounts,SB010000,FALSO,VERDADEIRO
SB010109,Financial and Banking / Customer Fees & Charges / Monthly Service Charges / Other,SB010000,FALSO,VERDADEIRO
SB010111,Financial and Banking / Customer Fees & Charges / Automatic Teller Machine (ATM) Fees,SB010000,FALSO,VERDADEIRO
SB010113,Financial and Banking / Customer Fees & Charges / Dispute Fees,SB010000,FALSO,VERDADEIRO
SB010115,Financial and Banking / Customer Fees & Charges / Payment Processing Fee / Interchange,SB010000,FALSO,VERDADEIRO
SB010117,Financial and Banking / Customer Fees & Charges / Issuing Fee / Physical Card,SB010000,VERDADEIRO,VERDADEIRO
SB010119,Financial and Banking / Customer Fees & Charges / NSF Check Fees,SB010000,FALSO,VERDADEIRO
SB010121,Financial and Banking / Customer Fees & Charges / Identity Theft Protection Services,SB010000,FALSO,VERDADEIRO
SB010123,Financial and Banking / Customer Fees & Charges / Cash Advance Fees,SB010000,FALSO,VERDADEIRO
SC100223,Computer Software Maintenance (prewritten software) - Mandatory Agreement - Separately Stated Charges - Updates in Electronic Form - Upgrades Bug Fixes etc. / Business Use Only,SC100203,FALSO,VERDADEIRO
SB010102,Financial and Banking / Customer Fees & Charges / Set Up Fee / Savings Account,SB010000,FALSO,VERDADEIRO
SB010104,Financial and Banking / Customer Fees & Charges / ATM Card / Sale to Bank,SB010000,VERDADEIRO,VERDADEIRO
SB010106,Financial and Banking / ATM Replacement Card / Sale to Customer,SB010000,VERDADEIRO,VERDADEIRO
SB010108,Financial and Banking / Customer Fees & Charges / Monthly Service Charges / Savings Accounts,SB010000,FALSO,VERDADEIRO
SB010110,Financial and Banking / Customer Fees & Charges / 3-D Secure,SB010000,FALSO,VERDADEIRO
SB010112,Financial and Banking / Customer Fees & Charges / Credit Card Updater Fees,SB010000,FALSO,VERDADEIRO
SB010114,Financial and Banking / Customer Fees & Charges / Foreign Exchange Fees on Cross Border Transactions,SB010000,FALSO,VERDADEIRO
SB010116,Financial and Banking / Customer Fees & Charges / Issuing Fee / Virtual Card,SB010000,FALSO,VERDADEIRO
SB010118,"Financial and Banking / Customer Fees & Charges / Issuing Fee / Loading, Redemption, or Termination",SB010000,FALSO,VERDADEIRO
SB010120,Financial and Banking / Customer Fees & Charges / Payment Protection Services,SB010000,FALSO,VERDADEIRO
SB010122,Financial and Banking / Customer Fees & Charges / Over-Limit Fees,SB010000,FALSO,VERDADEIRO
SB010124,Financial and Banking / Customer Fees & Charges / Pay by Phone Fees,SB010000,FALSO,VERDADEIRO
SC100123,"Computer Software Maintenance (prewritten software) - Optional Agreement - Separately Stated Charges - Updates in Electronic Form - Upgrades, Bug Fixes, etc. / Business Use Only",SC100103,FALSO,VERDADEIRO
SW052000,ASP / Hosted software / Server not in the state / Individual use,SW050000,FALSO,VERDADEIRO
SA046706,Kennel Services,SA040000,FALSO,VERDADEIRO
SW052001,ASP / Hosted software / Server not in the state / Business use,SW050000,FALSO,VERDADEIRO
ST087642,"Training / Webinar / SaaS Platform / Pre-recorded, Non-Subscription and Materials (Tangible, Non-Electronic) / Lump Sum Price",ST080000,FALSO,VERDADEIRO
ST087640,"Training / Webinar Only / SaaS Platform / Pre-recorded, Non-Subscription",ST080000,FALSO,VERDADEIRO
ST087651,Training / Webinar / SaaS Platform / Subscription / Download of course or course materials,ST080000,FALSO,VERDADEIRO
ST087641,"Training / Webinar / SaaS Platform / Pre-recorded, Non-Subscription and Materials (Electronic) / Lump Sum Price",ST080000,FALSO,VERDADEIRO
PR100350,Rental and leasing / Moving truck rental,P0000000,VERDADEIRO,VERDADEIRO
PR100355,Rental and leasing / Moving truck rental / Mandatory administrative fee,P0000000,VERDADEIRO,VERDADEIRO
PR100356,Rental and leasing / Moving truck rental / Mandatory miscellaneous fees,P0000000,VERDADEIRO,VERDADEIRO
FR020100,Shipping Only common carrier - FOB destination,FR020000,FALSO,VERDADEIRO
FR020200,Shipping Only common carrier - FOB origin,FR020000,FALSO,VERDADEIRO
FR020400,Shipping Only non-common carrier - FOB destination,FR020000,FALSO,VERDADEIRO
FR020500,Shipping Only non-common carrier - FOB origin,FR020000,FALSO,VERDADEIRO
SC100200,Computer Software Maintenance (prewritten software)-mandatory (electronically downloaded),SC100000,FALSO,FALSO
SC100600,Computer Software Maintenance (prewritten software)-mandatory (physical media),SC100000,FALSO,FALSO
SC210000,Credit Reporting Services - Provided by Credit Reporting Agency,S0000000,FALSO,VERDADEIRO
PF050112,Food And Food Ingredients-beverages (carbonated beverages)-Soft drinks,PF050110,VERDADEIRO,FALSO
PF050501,Food And Food Ingredients-cooking/baking supplies-Baking powder,PF050500,VERDADEIRO,VERDADEIRO
FR022000,Shipping - non-common carrier - FOB origin - Customer has option to separately contract for shipping,FR000000,FALSO,VERDADEIRO
FR023000,Shipping - common carrier - FOB origin - Customer has option to separately contract for shipping,FR000000,FALSO,VERDADEIRO
OD010502,Automobile sales/ Trade-in credit,O0000000,FALSO,VERDADEIRO
FR025000,Common carrier/FOB destination - Customer has option to separately contract for shipping,FR000000,FALSO,VERDADEIRO
OD010503,Automobile lease / Trade-in credit,O0000000,FALSO,VERDADEIRO
SC060020,Labor to repair or alter watches or jewelry / No transfer of TPP / Labor only,SC060000,FALSO,VERDADEIRO
SM150105,Media Services and Distribution / Licensing Fee / Streaming Platform Software Device,S0000000,FALSO,VERDADEIRO
SM150107,Media Services and Distribution / Revenue Sharing / Streaming Platform Software,S0000000,FALSO,VERDADEIRO
SR067100,Roadside Assistance,S0000000,FALSO,VERDADEIRO
SS227030,Telemarketing Services,S0000000,FALSO,VERDADEIRO
FR024000,Non-common carrier/FOB destination - Customer has option to separately contract for shipping,FR000000,FALSO,VERDADEIRO
SM150104,Media Services and Distribution / Button Revenue / Television Remote,S0000000,FALSO,VERDADEIRO
SM150106,Media Services and Distribution / Managed Service Fee,S0000000,FALSO,VERDADEIRO
SR060211,"Repair performed on commercial refrigeration equipment and systems / No transfer of TPP / Labor, service, or trip charges",SR060000,FALSO,VERDADEIRO
SR087050,Public Opinion and Research Polling Services,SR080000,FALSO,VERDADEIRO
PF050221,"Food And Food Ingredients-beverages (non-carbonated beverages)-Tea (powder, loose, bag form)",PF050220,VERDADEIRO,VERDADEIRO
PF050301,Food And Food Ingredients-candy-Breath mints,PF050300,VERDADEIRO,VERDADEIRO
SC156101,Carpentry - Commercial Real Property - New Construction - Lump Sum Contract - Amount Attributable to Labor,SC150000,FALSO,VERDADEIRO
SC156105,Carpentry - Commercial Real Property - Repair - Lump Sum Contract,SC150000,FALSO,VERDADEIRO
SC156109,Carpentry - Commercial Real Property - Remodel - Lump Sum Contract,SC150000,FALSO,VERDADEIRO
SC156113,Carpentry - Commercial Real Property - Remodel - Time & Materials Contract - Amount Attributable to Materials,SC150000,FALSO,VERDADEIRO
SC156117,Framing - Commercial Real Property - New Construction - Time & Materials Contract - Amount Attributable to Labor,SC150000,FALSO,VERDADEIRO
SC156121,Framing - Commercial Real Property - Remodel - Lump Sum Contract - Amount Attributable to Materials,SC150000,FALSO,VERDADEIRO
SC156125,Framing - Commercial Real Property - Addition to Existing Property - Lump Sum Contract - Amount Attributable to Labor,SC150000,FALSO,VERDADEIRO
SC156129,Roofing - Commercial Real Property - Mandatory Maintenance Contract - Repair Made Under Contract - Amount Attributable to Labor,SC150000,FALSO,VERDADEIRO
SC156133,Roofing - Commercial Real Property - New Construction - Lump Sum Contract,SC150000,FALSO,VERDADEIRO
SC156137,Roofing - Commercial Real Property - New Construction - Time & Materials Contract - Amount Attributable to Materials,SC150000,FALSO,VERDADEIRO
SC156141,Roofing - Commercial Real Property - New Addition - Time & Materials Contract - Amount Attributable to Labor,SC150000,FALSO,VERDADEIRO
SC156145,Roofing - Commercial Real Property - Repair - Lump Sum Contract - Amount Attributable to Materials,SC150000,FALSO,VERDADEIRO
SC156149,Roofing - Commercial Real Property - Replacement - Lump Sum Contract - Amount Attributable to Labor,SC150000,FALSO,VERDADEIRO
SC156153,Gutters and Downspouts - Commercial Real Property - New Construction - Lump Sum Contract,SC150000,FALSO,VERDADEIRO
SC156157,Gutters and Downspouts - Commercial Real Property - New Construction - Time & Materials Contract - Amount Attributable to Materials,SC150000,FALSO,VERDADEIRO
SC156161,Gutters and Downspouts - Commercial Real Property - New Addition - Time & Materials Contract - Amount Attributable to Labor,SC150000,FALSO,VERDADEIRO
SC156165,Gutters and Downspouts - Commercial Real Property - Repair - Lump Sum Contract - Amount Attributable to Materials,SC150000,FALSO,VERDADEIRO
SC156169,Gutters and Downspouts - Commercial Real Property - Replacement - Lump Sum Contract - Amount Attributable to Labor,SC150000,FALSO,VERDADEIRO
SC156102,Carpentry -  Commercial Real Property - New Construction - Lump Sum Contract - Amount Attributable to Materials,SC150000,FALSO,VERDADEIRO
SC156106,Carpentry - Commercial Real Property - Repair - Lump Sum Contract - Amount Attributable to Labor,SC150000,FALSO,VERDADEIRO
SC156110,Carpentry - Commercial Real Property - Remodel - Lump Sum Contract - Amount Attributable to Labor,SC150000,FALSO,VERDADEIRO
SC156114,Framing - Commercial Real Property - New Construction - Lump Sum Contract,SC150000,FALSO,VERDADEIRO
SC156118,Framing - Commercial Real Property - New Construction - Time & Materials Contract - Amount Attributable to Materials,SC150000,FALSO,VERDADEIRO
SC156122,Framing - Commercial Real Property - Remodel - Time & Materials Contract - Amount Attributable to Labor,SC150000,FALSO,VERDADEIRO
SC156126,Framing - Commercial Real Property - Addition to Existing Property - Lump Sum Contract - Amount Attributable to Materials,SC150000,FALSO,VERDADEIRO
SC156130,Roofing - Commercial Real Property - Mandatory Maintenance Contract - Repair Made Under Contract - Amount Attributable to Materials,SC150000,FALSO,VERDADEIRO
SC156134,Roofing - Commercial Real Property - New Construction - Lump Sum Contract - Amount Attributable to Labor,SC150000,FALSO,VERDADEIRO
SC156138,Roofing - Commercial Real Property - New Addition - Lump Sum Contract,SC150000,FALSO,VERDADEIRO
SC156142,Roofing - Commercial Real Property - New Addition - Time & Materials Contract - Amount Attributable to Materials,SC150000,FALSO,VERDADEIRO
SC156146,Roofing - Commercial Real Property - Repair - Time & Materials Contract - Amount Attributable to Labor,SC150000,FALSO,VERDADEIRO
SC156150,Roofing - Commercial Real Property - Replacement - Lump Sum Contract - Amount Attributable to Materials,SC150000,FALSO,VERDADEIRO
SC156154,Gutters and Downspouts - Commercial Real Property - New Construction - Lump Sum Contract - Amount Attributable to Labor,SC150000,FALSO,VERDADEIRO
SC156158,Gutters and Downspouts - Commercial Real Property - New Addition - Lump Sum Contract,SC150000,FALSO,VERDADEIRO
SC156162,Gutters and Downspouts - Commercial Real Property - New Addition - Time & Materials Contract - Amount Attributable to Materials,SC150000,FALSO,VERDADEIRO
SC156166,Gutters and Downspouts - Commercial Real Property - Repair - Time & Materials Contract - Amount Attributable to Labor,SC150000,FALSO,VERDADEIRO
SC156170,Gutters and Downspouts - Commercial Real Property - Replacement - Lump Sum Contract - Amount Attributable to Materials,SC150000,FALSO,VERDADEIRO
SC156103,Carpentry -  Commercial Real Property - New Construction - Time & Materials Contract - Amount Attributable to Labor,SC150000,FALSO,VERDADEIRO
SC156107,Carpentry - Commercial Real Property - Repair - Lump Sum Contract - Amount Attributable to Materials,SC150000,FALSO,VERDADEIRO
SC156111,Carpentry - Commercial Real Property - Remodel - Lump Sum Contract - Amount Attributable to Materials,SC150000,FALSO,VERDADEIRO
SC156115,Framing - Commercial Real Property - New Construction - Lump Sum Contract - Amount Attributable to Labor,SC150000,FALSO,VERDADEIRO
SC156119,Framing - Commercial Real Property - Remodel - Lump Sum Contract,SC150000,FALSO,VERDADEIRO
SC156123,Framing - Commercial Real Property - Remodel - Time & Materials Contract - Amount Attributable to Materials,SC150000,FALSO,VERDADEIRO
SC156127,Framing - Commercial Real Property - Addition to Existing Property - Time & Materials Contract - Amount Attributable to Labor,SC150000,FALSO,VERDADEIRO
SC156131,Roofing - Commercial Real Property - Optional Maintenance Contract - Repair Made Under Contract - Amount Attributable to Labor,SC150000,FALSO,VERDADEIRO
SC156135,Roofing - Commercial Real Property - New Construction - Lump Sum Contract - Amount Attributable to Materials,SC150000,FALSO,VERDADEIRO
SC156139,Roofing - Commercial Real Property - New Addition - Lump Sum Contract - Amount Attributable to Labor,SC150000,FALSO,VERDADEIRO
SC156143,Roofing - Commercial Real Property - Repair - Lump Sum Contract,SC150000,FALSO,VERDADEIRO
SC156147,Roofing - Commercial Real Property - Repair - Time & Materials Contract - Amount Attributable to Materials,SC150000,FALSO,VERDADEIRO
SC156151,Roofing - Commercial Real Property - Replacement - Time & Materials Contract - Amount Attributable to Labor,SC150000,FALSO,VERDADEIRO
SC156155,Gutters and Downspouts - Commercial Real Property - New Construction - Lump Sum Contract - Amount Attributable to Materials,SC150000,FALSO,VERDADEIRO
SC156159,Gutters and Downspouts - Commercial Real Property - New Addition - Lump Sum Contract - Amount Attributable to Labor,SC150000,FALSO,VERDADEIRO
SC156163,Gutters and Downspouts - Commercial Real Property - Repair - Lump Sum Contract,SC150000,FALSO,VERDADEIRO
SC156167,Gutters and Downspouts - Commercial Real Property - Repair - Time & Materials Contract - Amount Attributable to Materials,SC150000,FALSO,VERDADEIRO
SC156171,Gutters and Downspouts - Commercial Real Property - Replacement - Time & Materials Contract - Amount Attributable to Labor,SC150000,FALSO,VERDADEIRO
SC156100,Carpentry - Commercial Real Property - New Construction - Lump Sum Contract,SC150000,FALSO,VERDADEIRO
SC156104,Carpentry - Commercial Real Property - New Construction - Time & Materials Contract - Amount Attributable to Materials,SC150000,FALSO,VERDADEIRO
SC156108,Carpentry - Commercial Real Property - Repair - Time & Materials Contract - Amount Attributable to Materials,SC150000,FALSO,VERDADEIRO
SC156112,Carpentry - Commercial Real Property - Remodel - Time & Materials Contract - Amount Attributable to Labor,SC150000,FALSO,VERDADEIRO
SC156116,Framing - Commercial Real Property - New Construction - Lump Sum Contract - Amount Attributable to Materials,SC150000,FALSO,VERDADEIRO
SC156120,Framing - Commercial Real Property - Remodel - Lump Sum Contract - Amount Attributable to Labor,SC150000,FALSO,VERDADEIRO
SC156124,Framing - Commercial Real Property - Addition to Existing Property - Lump Sum Contract,SC150000,FALSO,VERDADEIRO
SC156128,Framing - Commercial Real Property - Addition to Existing Property - Time & Materials Contract - Amount Attributable to Materials,SC150000,FALSO,VERDADEIRO
SC156132,Roofing - Commercial Real Property - Optional Maintenance Contract - Repair Made Under Contract - Amount Attributable to Materials,SC150000,FALSO,VERDADEIRO
SC156136,Roofing - Commercial Real Property - New Construction - Time & Materials Contract - Amount Attributable to Labor,SC150000,FALSO,VERDADEIRO
SC156140,Roofing - Commercial Real Property - New Addition - Lump Sum Contract - Amount Attributable to Materials,SC150000,FALSO,VERDADEIRO
SC156144,Roofing - Commercial Real Property - Repair - Lump Sum Contract - Amount Attributable to Labor,SC150000,FALSO,VERDADEIRO
SC156148,Roofing - Commercial Real Property - Replacement - Lump Sum Contract,SC150000,FALSO,VERDADEIRO
SC156152,Roofing - Commercial Real Property - Replacement - Time & Materials Contract - Amount Attributable to Materials,SC150000,FALSO,VERDADEIRO
SC156156,Gutters and Downspouts - Commercial Real Property - New Construction - Time & Materials Contract - Amount Attributable to Labor,SC150000,FALSO,VERDADEIRO
SC156160,Gutters and Downspouts - Commercial Real Property - New Addition - Lump Sum Contract - Amount Attributable to Materials,SC150000,FALSO,VERDADEIRO
SC156164,Gutters and Downspouts - Commercial Real Property - Repair - Lump Sum Contract - Amount Attributable to Labor,SC150000,FALSO,VERDADEIRO
SC156168,Gutters and Downspouts - Commercial Real Property - Replacement - Lump Sum Contract,SC150000,FALSO,VERDADEIRO
SC156172,Gutters and Downspouts - Commercial Real Property - Replacement - Time & Materials Contract - Amount Attributable to Materials,SC150000,FALSO,VERDADEIRO
PC010010,Laundry detergent and supplies,P0000000,VERDADEIRO,VERDADEIRO
PC010030,Cleaning and disinfecting sprays or wipes,P0000000,VERDADEIRO,VERDADEIRO
PC030425,Clothing and related products / Business-to-Business / Children's sports equipment,P0000000,VERDADEIRO,VERDADEIRO
PF190221,Gasoline Blendstocks,P0000000,VERDADEIRO,VERDADEIRO
PF190223,Jet Fuel,P0000000,VERDADEIRO,VERDADEIRO
PF190225,Biodiesel 100% Undyed,P0000000,VERDADEIRO,VERDADEIRO
PF190227,Biodiesel Blends Undyed,P0000000,VERDADEIRO,VERDADEIRO
PF190229,Biodiesel 99.9% Dyed,P0000000,VERDADEIRO,VERDADEIRO
PF190231,Ethanol,P0000000,VERDADEIRO,VERDADEIRO
PF190233,Methanol,P0000000,VERDADEIRO,VERDADEIRO
PF190235,Other Hydrocarbons,P0000000,VERDADEIRO,VERDADEIRO
PF190237,Recycled Feedstocks,P0000000,VERDADEIRO,VERDADEIRO
PP051161,Pet supplies - non-commercial - dry pet food - 50lbs or less,P0000000,VERDADEIRO,VERDADEIRO
PC010020,Dish soap and detergents including dishwasher products,P0000000,VERDADEIRO,VERDADEIRO
PC010200,Trash bags,P0000000,VERDADEIRO,VERDADEIRO
PC040425,Clothing and related products / Business-to-Consumer / Children's sports equipment,P0000000,VERDADEIRO,VERDADEIRO
PF190224,Sustainable Aviation Fuel 100%,P0000000,VERDADEIRO,VERDADEIRO
PF190226,Biodiesel 99.9% Undyed,P0000000,VERDADEIRO,VERDADEIRO
PF190228,Biodiesel 100% Dyed,P0000000,VERDADEIRO,VERDADEIRO
PF190230,Biodiesel Blends Dyed,P0000000,VERDADEIRO,VERDADEIRO
PF190232,Ethanol Blends,P0000000,VERDADEIRO,VERDADEIRO
PF190234,Methanol Blends,P0000000,VERDADEIRO,VERDADEIRO
PF190236,Renewable Crude,P0000000,VERDADEIRO,VERDADEIRO
PH400825,"Hand soap, bar soap, and body wash",P0000000,VERDADEIRO,VERDADEIRO
PT012300,Children's toys,P0000000,VERDADEIRO,VERDADEIRO
PB040200,Bicycle accessory - Child carrier seat or trailer,P0000000,VERDADEIRO,VERDADEIRO
PI041072,"Baby exercisers, jumpers, bouncer seats, and swings",P0000000,VERDADEIRO,VERDADEIRO
PI041108,Baby changing pads,P0000000,VERDADEIRO,VERDADEIRO
SC150001,Contractor Expense - Real Property Construction - Surety Bond Purchase,SC150000,FALSO,VERDADEIRO
PF050500,Food And Food Ingredients-cooking/baking supplies,SB010000,VERDADEIRO,FALSO
OF070001,"Marketplace Facilitator Commission - Commissions charged by the Marketplace Facilitator to the Seller for facilitating sales of tangible personal property or services, other than lodging",SB010000,FALSO,VERDADEIRO
PF190222,Liquefied Petroleum Gas (Used as Motor Fuel),P0000000,VERDADEIRO,VERDADEIRO
PC030159,Clothing & related products (business-to-business) - high visibility safety vests,P0000000,VERDADEIRO,VERDADEIRO
PC040159,Clothing & related products (business-to-consumer) - high visibility safety vests,P0000000,VERDADEIRO,VERDADEIRO
PT118812,Ladders,P0000000,VERDADEIRO,VERDADEIRO
PT118813,Rakes,P0000000,VERDADEIRO,VERDADEIRO
PT118814,Shovels,P0000000,VERDADEIRO,VERDADEIRO
PC100002,Numismatic - Coins - Currency from nations other than the U.S.,PC100000,VERDADEIRO,VERDADEIRO
PT118815,Chainsaws - gas-powered,P0000000,VERDADEIRO,VERDADEIRO
PT118816,Chainsaws - electric,P0000000,VERDADEIRO,VERDADEIRO
PT118817,Chainsaw accessories,P0000000,VERDADEIRO,VERDADEIRO
PH000794,Teeth Whitening Products / Contains Drug Fact Panel,PC040200,VERDADEIRO,VERDADEIRO
PC100300,Bullion - Gold or Silver Only - Minimum fineness standard,PC100000,VERDADEIRO,VERDADEIRO
PC100301,Bullion - Platinum Only - Minimum fineness standard,PC100000,VERDADEIRO,VERDADEIRO
PC100302,Bullion - Other Precious Metals - Minimum fineness standard,PC100000,VERDADEIRO,VERDADEIRO
PC100303,Bullion - Palladium Only - Minimum fineness standards,PC100000,VERDADEIRO,VERDADEIRO
PF190238,Kerosene Undyed / Not for Home Heating Use,P0000000,VERDADEIRO,VERDADEIRO
PF190239,Kerosene Dyed / Not for Home Heating Use,P0000000,VERDADEIRO,VERDADEIRO
PF190240,Aviation Gasoline,P0000000,VERDADEIRO,VERDADEIRO
PF190241,Transmix / Fuel Byproduct,P0000000,VERDADEIRO,VERDADEIRO
PF190242,Liquefied Petroleum Gas / Off Road Use,P0000000,VERDADEIRO,VERDADEIRO
PF190243,Compressed Natural Gas / Motor Fuel for On Road Use,P0000000,VERDADEIRO,VERDADEIRO
PF190244,Compressed Natural Gas / Off Road Use,P0000000,VERDADEIRO,VERDADEIRO
PF190245,Liquefied Natural Gas / Motor Fuel for On Road Use,P0000000,VERDADEIRO,VERDADEIRO
PF190246,Liquefied Natural Gas / Off Road Use,P0000000,VERDADEIRO,VERDADEIRO
PF190247,Crude Oil,P0000000,VERDADEIRO,VERDADEIRO
PF190248,Asphalt,P0000000,VERDADEIRO,VERDADEIRO
PF190249,Soy Oil / Biodiesel Feedstock,P0000000,VERDADEIRO,VERDADEIRO
DI010201,Digital Images - Streaming / electronic download *See additional code description,DG010000,FALSO,FALSO
DP010201,Photographs - Streaming / electronic download *See additional code description,DM030000,FALSO,FALSO
DV021010,Digital Audio Visual Works (with rights of less than permanent use) *See Additional AvaTax System Tax Code Information,DV010000,FALSO,FALSO
DG010302,Games - Streaming / electronic download with less than permanent ownership - NOTE: Use of this code will apply the Chicago Amusement Tax to all transactions made to Chicago addresses,DG010000,FALSO,FALSO
SC156205,Demolition / Commercial Real Property / Remodel / Lump Sum Contract,SC150200,FALSO,VERDADEIRO
SC156301,Paving / Commercial Real Property / New Construction / Lump Sum Contract,SC150100,FALSO,VERDADEIRO
SC156307,Paving / Commercial Real Property / Repair / Lump Sum Contract / Amount Attributable To Labor,SC150159,FALSO,VERDADEIRO
SC156313,Paving / Commercial Real Property / Replacement / Lump Sum Contract / Amount Attributable To Materials,SC150200,FALSO,VERDADEIRO
SC156402,Signage / Commercial Real Property / Monument / New Construction / Lump Sum Contract / Amount Attributable To Materials,SC150100,FALSO,VERDADEIRO
SC156408,Signage / Commercial Real Property / Illuminated / Monument / Repair / Time & Materials Contract / Amount Attributable To Labor,SC150159,FALSO,VERDADEIRO
SC156414,Signage / Commercial Real Property / Non-Illuminated / Monument / Repair / Time & Materials Contract / Amount Attributable To Materials,SC150159,FALSO,VERDADEIRO
SC156505,Signage / Commercial Real Property / Illuminated / Pole / Repair / Lump Sum Contract,SC150159,FALSO,VERDADEIRO
SC156511,Signage / Commercial Real Property / Non-Illuminated / Pole / Repair / Lump Sum Contract / Amount Attributable To Labor,SC150159,FALSO,VERDADEIRO
SC156602,Signage / Commercial Real Property / Wall / New Construction / Lump Sum Contract / Amount Attributable To Materials,SC150100,FALSO,VERDADEIRO
SC156608,Signage / Commercial Real Property / Illuminated / Wall / Repair / Time & Materials Contract / Amount Attributable To Labor,SC150159,FALSO,VERDADEIRO
SC156614,Signage / Commercial Real Property / Non-Illuminated / Wall / Repair / Time & Materials Contract / Amount Attributable To Materials,SC150159,FALSO,VERDADEIRO
SC156705,"Signage / Commercial Real Property / Illuminated / Foundations, Poles, And Pylons / Repair / Lump Sum Contract",SC150159,FALSO,VERDADEIRO
SC156711,"Signage / Commercial Real Property / Non-Illuminated / Foundations, Poles, And Pylons / Repair / Lump Sum Contract / Amount Attributable To Labor",SC150159,FALSO,VERDADEIRO
SC157902,Awning Fabrication / Commercial Real Property / New Construction / Installed By In-State Fabricator / Time & Materials Contract / Materials Charges,SC150100,FALSO,VERDADEIRO
SC157916,Canopy Fabrication / Commercial Real Property / New Construction / Installed By In-State Fabricator / Lump Sum Contract,SC150100,FALSO,VERDADEIRO
SC157926,Canopy Fabrication / Commercial Real Property / Remodel / Installed By In-State Fabricator / Time & Materials Contract / Materials Charges,SC150200,FALSO,VERDADEIRO
SC156200,Demolition / Commercial Real Property / New Construction / Lump Sum Contract,SC150100,FALSO,VERDADEIRO
SC156206,Demolition / Commercial Real Property / Remodel / Lump Sum Contract / Amount Attributable To Labor,SC150200,FALSO,VERDADEIRO
SC156302,Paving / Commercial Real Property / New Construction / Lump Sum Contract / Amount Attributable To Labor,SC150100,FALSO,VERDADEIRO
SC156308,Paving / Commercial Real Property / Repair / Lump Sum Contract / Amount Attributable To Materials,SC150159,FALSO,VERDADEIRO
SC156314,Paving / Commercial Real Property / Replacement / Time & Materials Contract / Amount Attributable To Labor,SC150200,FALSO,VERDADEIRO
SC156403,Signage / Commercial Real Property / Monument / New Construction / Time & Materials Contract / Amount Attributable To Labor,SC150100,FALSO,VERDADEIRO
SC156409,Signage / Commercial Real Property / Illuminated / Monument / Repair / Time & Materials Contract / Amount Attributable To Materials,SC150159,FALSO,VERDADEIRO
SC156500,Signage / Commercial Real Property / Pole / New Construction / Lump Sum Contract,SC150100,FALSO,VERDADEIRO
SC156506,Signage / Commercial Real Property / Illuminated / Pole / Repair / Lump Sum Contract / Amount Attributable To Labor,SC150159,FALSO,VERDADEIRO
SC156512,Signage / Commercial Real Property / Non-Illuminated / Pole / Repair / Lump Sum Contract / Amount Attributable To Materials,SC150159,FALSO,VERDADEIRO
SC156603,Signage / Commercial Real Property / Wall / New Construction / Time & Materials Contract / Amount Attributable To Labor,SC150100,FALSO,VERDADEIRO
SC156609,Signage / Commercial Real Property / Illuminated / Wall / Repair / Time & Materials Contract / Amount Attributable To Materials,SC150159,FALSO,VERDADEIRO
SC156700,"Signage / Commercial Real Property / Foundations, Poles, And Pylons / New Construction / Lump Sum Contract",SC150100,FALSO,VERDADEIRO
SC156706,"Signage / Commercial Real Property / Illuminated / Foundations, Poles, And Pylons / Repair / Lump Sum Contract / Amount Attributable To Labor",SC150159,FALSO,VERDADEIRO
SC156712,"Signage / Commercial Real Property / Non-Illuminated / Foundations, Poles, And Pylons / Repair / Lump Sum Contract / Amount Attributable To Materials",SC150159,FALSO,VERDADEIRO
SC157906,Awning Fabrication / Commercial Real Property / New Construction / In-State Fabricator / Delivered To Real Property Owner For Third Party Installation,SC150100,FALSO,VERDADEIRO
SC157917,Canopy Fabrication / Commercial Real Property / New Construction / Installed By In-State Fabricator / Time & Materials Contract / Labor Charges,SC150100,FALSO,VERDADEIRO
SC157930,Canopy Fabrication / Commercial Real Property / Remodel / In-State Fabricator / Delivered To Real Property Owner For Third Party Installation,SC150200,FALSO,VERDADEIRO
SC156201,Demolition / Commercial Real Property / New Construction / Lump Sum Contract / Amount Attributable To Labor,SC150100,FALSO,VERDADEIRO
SC156207,Demolition / Commercial Real Property / Remodel / Lump Sum Contract / Amount Attributable To Materials,SC150200,FALSO,VERDADEIRO
SC156303,Paving / Commercial Real Property / New Construction / Lump Sum Contract / Amount Attributable To Materials,SC150100,FALSO,VERDADEIRO
SC156309,Paving / Commercial Real Property / Repair / Time & Materials Contract / Amount Attributable To Labor,SC150159,FALSO,VERDADEIRO
SC156315,Paving / Commercial Real Property / Replacement / Time & Materials Contract / Amount Attributable To Materials,SC150200,FALSO,VERDADEIRO
SC156404,Signage / Commercial Real Property / Monument / New Construction / Time & Materials Contract / Amount Attributable To Materials,SC150100,FALSO,VERDADEIRO
SC156410,Signage / Commercial Real Property / Non-Illuminated / Monument / Repair / Lump Sum Contract,SC150159,FALSO,VERDADEIRO
SC156501,Signage / Commercial Real Property / Pole / New Construction / Lump Sum Contract / Amount Attributable To Labor,SC150100,FALSO,VERDADEIRO
SC156507,Signage / Commercial Real Property / Illuminated / Pole / Repair / Lump Sum Contract / Amount Attributable To Materials,SC150159,FALSO,VERDADEIRO
SC156513,Signage / Commercial Real Property / Non-Illuminated / Pole / Repair / Time & Materials Contract / Amount Attributable To Labor,SC150159,FALSO,VERDADEIRO
SC156604,Signage / Commercial Real Property / Wall / New Construction / Time & Materials Contract / Amount Attributable To Materials,SC150100,FALSO,VERDADEIRO
SC156610,Signage / Commercial Real Property / Non-Illuminated / Wall / Repair / Lump Sum Contract,SC150159,FALSO,VERDADEIRO
SC156701,"Signage / Commercial Real Property / Foundations, Poles, And Pylons / New Construction / Lump Sum Contract / Amount Attributable To Labor",SC150100,FALSO,VERDADEIRO
SC156707,"Signage / Commercial Real Property / Illuminated / Foundations, Poles, And Pylons / Repair / Lump Sum Contract / Amount Attributable To Materials",SC150159,FALSO,VERDADEIRO
SC156713,"Signage / Commercial Real Property / Non-Illuminated / Foundations, Poles, And Pylons / Repair / Time & Materials Contract / Amount Attributable To Labor",SC150159,FALSO,VERDADEIRO
SC157908,Awning Fabrication / Commercial Real Property / Remodel / Installed By In-State Fabricator / Lump Sum Contract,SC150200,FALSO,VERDADEIRO
SC157918,Canopy Fabrication / Commercial Real Property / New Construction / Installed By In-State Fabricator / Time & Materials Contract / Materials Charges,SC150100,FALSO,VERDADEIRO
SC156202,Demolition / Commercial Real Property / New Construction / Lump Sum Contract / Amount Attributable To Materials,SC150100,FALSO,VERDADEIRO
SC156208,Demolition / Commercial Real Property / Remodel / Time & Materials Contract / Amount Attributable To Labor,SC150200,FALSO,VERDADEIRO
SC156304,Paving / Commercial Real Property / New Construction / Time & Materials Contract / Amount Attributable To Labor,SC150100,FALSO,VERDADEIRO
SC156310,Paving / Commercial Real Property / Repair / Time & Materials Contract / Amount Attributable To Materials,SC150159,FALSO,VERDADEIRO
SC156316,Paving / Commercial Real Property / Testing,SC150100,FALSO,VERDADEIRO
SC156405,Signage / Commercial Real Property / Illuminated / Monument / Repair / Lump Sum Contract,SC150159,FALSO,VERDADEIRO
SC156411,Signage / Commercial Real Property / Non-Illuminated / Monument / Repair / Lump Sum Contract / Amount Attributable To Labor,SC150159,FALSO,VERDADEIRO
SC156502,Signage / Commercial Real Property / Pole / New Construction / Lump Sum Contract / Amount Attributable To Materials,SC150100,FALSO,VERDADEIRO
SC156508,Signage / Commercial Real Property / Illuminated / Pole / Repair / Time & Materials Contract / Amount Attributable To Labor,SC150159,FALSO,VERDADEIRO
SC156514,Signage / Commercial Real Property / Non-Illuminated / Pole / Repair / Time & Materials Contract / Amount Attributable To Materials,SC150159,FALSO,VERDADEIRO
SC156605,Signage / Commercial Real Property / Illuminated / Wall / Repair / Lump Sum Contract,SC150159,FALSO,VERDADEIRO
SC156611,Signage / Commercial Real Property / Non-Illuminated / Wall / Repair / Lump Sum Contract / Amount Attributable To Labor,SC150159,FALSO,VERDADEIRO
SC156702,"Signage / Commercial Real Property / Foundations, Poles, And Pylons / New Construction / Lump Sum Contract / Amount Attributable To Materials",SC150100,FALSO,VERDADEIRO
SC156708,"Signage / Commercial Real Property / Illuminated / Foundations, Poles, And Pylons / Repair / Time & Materials Contract / Amount Attributable To Labor",SC150159,FALSO,VERDADEIRO
SC156714,"Signage / Commercial Real Property / Non-Illuminated / Foundations, Poles, And Pylons / Repair / Time & Materials Contract / Amount Attributable To Materials",SC150159,FALSO,VERDADEIRO
SC157909,Awning Fabrication / Commercial Real Property / Remodel / Installed By In-State Fabricator / Time & Materials Contract / Labor Charges,SC150200,FALSO,VERDADEIRO
SC157922,Canopy Fabrication / Commercial Real Property / New Construction / In-State Fabricator / Delivered To Real Property Owner For Third Party Installation,SC150100,FALSO,VERDADEIRO
SC156203,Demolition / Commercial Real Property / New Construction / Time & Materials Contract / Amount Attributable To Labor,SC150100,FALSO,VERDADEIRO
SC156209,Demolition / Commercial Real Property / Remodel / Time & Materials Contract / Amount Attributable To Materials,SC150200,FALSO,VERDADEIRO
SC156305,Paving / Commercial Real Property / New Construction / Time & Materials Contract / Amount Attributable To Materials,SC150100,FALSO,VERDADEIRO
SC156311,Paving / Commercial Real Property / Replacement / Lump Sum Contract,SC150200,FALSO,VERDADEIRO
SC156400,Signage / Commercial Real Property / Monument / New Construction / Lump Sum Contract,SC150100,FALSO,VERDADEIRO
SC156406,Signage / Commercial Real Property / Illuminated / Monument / Repair / Lump Sum Contract / Amount Attributable To Labor,SC150159,FALSO,VERDADEIRO
SC156412,Signage / Commercial Real Property / Non-Illuminated / Monument / Repair / Lump Sum Contract / Amount Attributable To Materials,SC150159,FALSO,VERDADEIRO
SC156503,Signage / Commercial Real Property / Pole / New Construction / Time & Materials Contract / Amount Attributable To Labor,SC150100,FALSO,VERDADEIRO
SC156509,Signage / Commercial Real Property / Illuminated / Pole / Repair / Time & Materials Contract / Amount Attributable To Materials,SC150159,FALSO,VERDADEIRO
SC156600,Signage / Commercial Real Property / Wall / New Construction / Lump Sum Contract,SC150100,FALSO,VERDADEIRO
SC156606,Signage / Commercial Real Property / Illuminated / Wall / Repair / Lump Sum Contract / Amount Attributable To Labor,SC150159,FALSO,VERDADEIRO
SC156612,Signage / Commercial Real Property / Non-Illuminated / Wall / Repair / Lump Sum Contract / Amount Attributable To Materials,SC150159,FALSO,VERDADEIRO
SC156703,"Signage / Commercial Real Property / Foundations, Poles, And Pylons / New Construction / Time & Materials Contract / Amount Attributable To Labor",SC150100,FALSO,VERDADEIRO
SC156709,"Signage / Commercial Real Property / Illuminated / Foundations, Poles, And Pylons / Repair / Time & Materials Contract / Amount Attributable To Materials",SC150159,FALSO,VERDADEIRO
SC157900,Awning Fabrication / Commercial Real Property / New Construction / Installed By In-State Fabricator / Lump Sum Contract,SC150100,FALSO,VERDADEIRO
SC157910,Awning Fabrication / Commercial Real Property / Remodel / Installed By In-State Fabricator / Time & Materials Contract / Materials Charges,SC150200,FALSO,VERDADEIRO
SC157924,Canopy Fabrication / Commercial Real Property / Remodel / Installed By In-State Fabricator / Lump Sum Contract,SC150200,FALSO,VERDADEIRO
SC156204,Demolition / Commercial Real Property / New Construction / Time & Materials Contract / Amount Attributable To Materials,SC150100,FALSO,VERDADEIRO
SC156300,Paving / Commercial Real Property / Disposal Of Concrete Or Asphalt,SC150159,FALSO,VERDADEIRO
SC156306,Paving / Commercial Real Property / Repair / Lump Sum Contract,SC150159,FALSO,VERDADEIRO
SC156312,Paving / Commercial Real Property / Replacement / Lump Sum Contract / Amount Attributable To Labor,SC150200,FALSO,VERDADEIRO
SC156401,Signage / Commercial Real Property / Monument / New Construction / Lump Sum Contract / Amount Attributable To Labor,SC150100,FALSO,VERDADEIRO
SC156407,Signage / Commercial Real Property / Illuminated / Monument / Repair / Lump Sum Contract / Amount Attributable To Materials,SC150159,FALSO,VERDADEIRO
SC156413,Signage / Commercial Real Property / Non-Illuminated / Monument / Repair / Time & Materials Contract / Amount Attributable To Labor,SC150159,FALSO,VERDADEIRO
SC156504,Signage / Commercial Real Property / Pole / New Construction / Time & Materials Contract / Amount Attributable To Materials,SC150100,FALSO,VERDADEIRO
SC156510,Signage / Commercial Real Property / Non-Illuminated / Pole / Repair / Lump Sum Contract,SC150159,FALSO,VERDADEIRO
SC156601,Signage / Commercial Real Property / Wall / New Construction / Lump Sum Contract / Amount Attributable To Labor,SC150100,FALSO,VERDADEIRO
SC156607,Signage / Commercial Real Property / Illuminated / Wall / Repair / Lump Sum Contract / Amount Attributable To Materials,SC150159,FALSO,VERDADEIRO
SC156613,Signage / Commercial Real Property / Non-Illuminated / Wall / Repair / Time & Materials Contract / Amount Attributable To Labor,SC150159,FALSO,VERDADEIRO
SC156704,"Signage / Commercial Real Property / Foundations, Poles, And Pylons / New Construction / Time & Materials Contract / Amount Attributable To Materials",SC150100,FALSO,VERDADEIRO
SC156710,"Signage / Commercial Real Property / Non-Illuminated / Foundations, Poles, And Pylons / Repair / Lump Sum Contract",SC150159,FALSO,VERDADEIRO
SC157901,Awning Fabrication / Commercial Real Property / New Construction / Installed By In-State Fabricator / Time & Materials Contract / Labor Charges,SC150100,FALSO,VERDADEIRO
SC157914,Awning Fabrication / Commercial Real Property / Remodel / In-State Fabricator / Delivered To Real Property Owner For Third Party Installation,SC150200,FALSO,VERDADEIRO
SC157925,Canopy Fabrication / Commercial Real Property / Remodel / Installed By In-State Fabricator / Time & Materials Contract / Labor Charges,SC150200,FALSO,VERDADEIRO
OI070000,"Transfers and Assignments of Copyrights, Patents, Licences, Trademarks and Similar Rights / NOT Applicable To North America",O0000000,FALSO,VERDADEIRO
PC031100,Clothing and Related Products (Business to Business) / Period Underwear,P0000000,VERDADEIRO,VERDADEIRO
PC031101,Clothing and Related Products (Business to Business) / Period Clothing,P0000000,VERDADEIRO,VERDADEIRO
PC031102,Clothing and Related Products (Business to Business) / Period Swimwear,P0000000,VERDADEIRO,VERDADEIRO
PC041100,Clothing and Related Products (Business to Consumer) / Period Underwear,P0000000,VERDADEIRO,VERDADEIRO
PC041101,Clothing and Related Products (Business to Consumer) / Period Clothing,P0000000,VERDADEIRO,VERDADEIRO
PC041102,Clothing and Related Products (Business to Consumer) / Period Swimwear,P0000000,VERDADEIRO,VERDADEIRO
PR091200,Rental and Leasing / Hiring of Means of Transport Without a Driver / Not Including Vessels or Pleasure Boats / NOT Applicable To North America,P0000000,VERDADEIRO,VERDADEIRO
PR091300,Rental and Leasing / Hiring of Means of Transport Without a Driver / Vessels / NOT Applicable To North America,P0000000,VERDADEIRO,VERDADEIRO
PR091400,Rental and Leasing / Hiring of Means of Transport Without a Driver / Pleasure Boats / NOT Applicable To North America,P0000000,VERDADEIRO,VERDADEIRO
SC164000,Intermediary Services / NOT Applicable To North America,S0000000,FALSO,VERDADEIRO
SC165000,Services Related To Immovable Property / NOT Applicable To North America,S0000000,FALSO,VERDADEIRO
SF096400,Restaurant Services Including Food / General / NOT Applicable To North America,S0000000,FALSO,VERDADEIRO
SF096410,"Restaurant and Catering Services Including Food / Provided on Board Ships, Aircraft, or Trains / NOT Applicable To North America",P0000000,FALSO,VERDADEIRO
PE069900,Gas appliances – Ranges and cooktops – non-commercial (residential) use,P0000000,VERDADEIRO,VERDADEIRO
PE090011,Restaurant industry – Gas ranges and cooktops,P0000000,VERDADEIRO,VERDADEIRO
PC100320,Bullion - Gold or Silver Only - 35% pure or greater,PC100000,VERDADEIRO,VERDADEIRO
PC100321,Bullion - Platinum - 35% pure or greater,PC100000,VERDADEIRO,VERDADEIRO
PC100322,Bullion - Palladium - 35% pure or greater,PC100000,VERDADEIRO,VERDADEIRO
PC100323,Bullion - Copper Only - 35% pure or greater,PC100000,VERDADEIRO,VERDADEIRO
PB040150,Electric Scooters,P0000000,VERDADEIRO,VERDADEIRO
DC060000,Canned Software - License Renewals  - periodic license-to-use fee on previously purchased software,D0000000,FALSO,VERDADEIRO
OF400000,Retail Delivery Fee,O0000000,FALSO,VERDADEIRO
PB200742,Boats / Does Not Include Jon Boats,P0000000,VERDADEIRO,VERDADEIRO
PF051554,"Food / Pastries, Cinnamon or Fruit Breads, Cakes, Pies, Turnovers, Donuts, Tarts, Croissants, Danish, Cookies / More Than 5 Count or More Than 5 oz / Prepackaged",PF050000,VERDADEIRO,VERDADEIRO
PF051578,"Food / Snack Foods: Chips, Popcorn, Nuts, Crackers / 2.5 oz to 5.0 oz",PF050000,VERDADEIRO,VERDADEIRO
PF051586,"Food / Pastries, Cinnamon or Fruit Breads, Cakes, Pies, Turnovers, Donuts, Tarts, Croissants, Danish, Cookies / 5 Count or Fewer or 5 oz or Less / Prepackaged",PF050000,VERDADEIRO,VERDADEIRO
PF051579,"Food / Snack Foods: Chips, Popcorn, Nuts, Crackers / Less Than 2.5 oz or Labeled As Single Serving or Size Is Unknown",PF050000,VERDADEIRO,VERDADEIRO
PB200744,Boats / Jon Boat,P0000000,VERDADEIRO,VERDADEIRO
PB200745,Boat Motor / Sold Alone,P0000000,VERDADEIRO,VERDADEIRO
SS050200,Service Contract (optional) - associated with the sale of TPP,SS050000,FALSO,VERDADEIRO
DM030200,Digital goods: Movies-Streaming / electronic download,P0000000,FALSO,VERDADEIRO
DM040200,Digital goods: Music-Streaming / electronic download,P0000000,FALSO,VERDADEIRO
DV010200,Digital goods: Videos-Streaming / electronic download,DV010000,FALSO,VERDADEIRO
P000000H,TPP Purchased with Hostess Credits - Requires entry of hostess credit as a negative amount to ensure proper tax calculation,P0000000,VERDADEIRO,VERDADEIRO
SL026730,Landscaping / Lawn Care Services / May Include Fertilizer or Weed Control Application,PF050600,FALSO,VERDADEIRO
SS087066,Sign Painting Services - Tangible Personal Property,SS080000,FALSO,VERDADEIRO
SC223100,Daycare Services / Provided By Daycare Center,SS080000,FALSO,VERDADEIRO
PF050676,Beverage / Nutrition Label / Proteins & Weight Gainers & Muscle Builders / No Milk or Milk Derivatives / Powdered or Ready to Drink (RTD),PF050600,VERDADEIRO,VERDADEIRO
PF052250,Beverage / Water / Nutrition Label / Naturally Carbonated / Flavored / Unsweetened,PF050600,VERDADEIRO,VERDADEIRO
DV017194,Video Programming Streamed Over The Internet,DV010000,FALSO,VERDADEIRO
SA090809,Automobile sales and lease / Repair charges / Long-term lease,PF050600,FALSO,VERDADEIRO
SC060010,Footwear Alteration or Repair / Not With The Sale of Footwear / Labor Only,PF050600,FALSO,VERDADEIRO
DI010000,Digital Images,P0000000,VERDADEIRO,VERDADEIRO
SS040400,Security-personnel,SC150156,FALSO,VERDADEIRO
SC060000,Clothing Alteration or Repair / Not With The Sale of Clothing,PF050600,FALSO,VERDADEIRO
OE010100,Exchange/Trade-Ins of similar items of general merchandise,SS080000,FALSO,VERDADEIRO
SS050400,Service Contract - (not optional) - associated with the sale of TPP,SS050000,FALSO,VERDADEIRO
SA030401,Advertising Media / Creation and Placement for Media,SA030400,FALSO,VERDADEIRO
SE076498,Security - Protection/Escort Services,SC150156,FALSO,VERDADEIRO
PF050685,Beverage / Nutrition Label / Diet Aids / Contains Milk or Milk Derivatives / Sweetened / Powdered or Ready to Drink (RTD),PF050600,VERDADEIRO,VERDADEIRO
P000100H,Taxable TPP Purchased Entirely with Hostess Credits,P0000000,VERDADEIRO,VERDADEIRO
SC150155,"Building/Facility Maintenance on Items Attached to Realty, But Remaining TPP, performed under a maintenance contract",SC150156,FALSO,VERDADEIRO
DV010201,Videos - Streaming / electronic download *See additional code description,DV010000,FALSO,FALSO
PR100401,Rental and Leasing / Commercial Vehicles / Truck Tractors / Lease Payment,P0000000,VERDADEIRO,VERDADEIRO
PR100402,Rental and Leasing / Commercial Vehicles / Truck Trailers / Lease Payment,P0000000,VERDADEIRO,VERDADEIRO
PT200001,Commercial Vehicles / Truck Tractors / Sales,P0000000,VERDADEIRO,VERDADEIRO
PT200002,Commercial Vehicles / Truck Trailers / Sales,P0000000,VERDADEIRO,VERDADEIRO
PT200003,Commercial Vehicles / Straight Trucks / Sales,P0000000,VERDADEIRO,VERDADEIRO
PT200010,Commercial Vehicles / Truck Tractor Parts / Not With the Sale of a Truck,P0000000,VERDADEIRO,VERDADEIRO
PT200011,Commercial Vehicles / Truck Equipment / Not With the Sale of a Truck,P0000000,VERDADEIRO,VERDADEIRO
DM030201,Movies - Streaming / electronic download *See additional code description,P0000000,FALSO,FALSO
DM040201,Music - Streaming / electronic download *See additional code description,P0000000,FALSO,FALSO
SE110100,NOT Applicable to North America / Electricity / Commercial Use,S0000000,FALSO,VERDADEIRO
SE110200,NOT Applicable to North Americal / Electricity / Residential Use,S0000000,FALSO,VERDADEIRO
SE110300,Not Applicable to North America / Heat Energy Through Heating Networks,S0000000,FALSO,VERDADEIRO
SG017300,NOT Applicable to North America / Waste Removal,S0000000,FALSO,VERDADEIRO
SG018001,NOT Applicable to North America / Utility / Sewage Removal / Residential Use,S0000000,FALSO,VERDADEIRO
SG018002,NOT Applicable to North America / Utility / Sewage Removal / Commercial Use,S0000000,FALSO,VERDADEIRO
SG020001,NOT Applicable to North America / Utility / Gas / Residential Use,S0000000,FALSO,VERDADEIRO
SG020002,NOT Applicable to North America / Utility / Gas / Commercial Use,S0000000,FALSO,VERDADEIRO
ST063000,NOT Applicable to North America / Cellular Telephone Service / Residential,S0000000,FALSO,VERDADEIRO
ST064000,NOT Applicable to North America / Cellular Telephone Service / Commercial,S0000000,FALSO,VERDADEIRO
SW030001,NOT Applicable to North America / Utility / Water / Residential Use,S0000000,FALSO,VERDADEIRO
SW030002,NOT Applicable to North America / Utility / Water / Commercial Use,S0000000,FALSO,VERDADEIRO
SW030003,NOT Applicable to North America / Utility / Wastewater Removal Services / Residential Use,S0000000,FALSO,VERDADEIRO
SW030004,NOT Applicable to North America / Utility / Wastewater Removal Services / Commercial Use,S0000000,FALSO,VERDADEIRO
FR020700,Shipping Only Direct Mail-printed material for mass audience delivery,FR020000,FALSO,VERDADEIRO
PS060200,School Related Products (B2C)-art supplies,D0000000,VERDADEIRO,VERDADEIRO
DO010000,Other Digital Goods -- No Physical Media,D0000000,FALSO,VERDADEIRO
PH050162,"Grooming and hygiene products for human use that meet the definition of ""drug"" with a prescription",D0000000,VERDADEIRO,VERDADEIRO
PI040597,Baby products,PF120000,VERDADEIRO,VERDADEIRO
PF120010,Meat or seafood products sold without eating utensils provided by the seller in an unheated state by weight or volume as a single item,D0000000,VERDADEIRO,VERDADEIRO
D0000001,"Products transferred electronically other than digital audio visual works, digital audio works, or digital books""",D0000000,FALSO,VERDADEIRO
PI040595,Baby Supplies / Baby Bottles and Bottle Nipples,P0000000,VERDADEIRO,VERDADEIRO
PI040598,Baby Supplies / Baby Teethers and Pacifiers,P0000000,VERDADEIRO,VERDADEIRO
PF120900,"Food sold without eating utensils provided by the seller whose primary NAICS classification is manufacturing in sector 311, except  subsector 3118 (bakeries)",PH050110,VERDADEIRO,VERDADEIRO
ST117200,Travel Package Supplied by Travel Agent / NOT Applicable to North America,S0000000,FALSO,VERDADEIRO
OC100000,Commute Expenses / NOT Applicable to North America,O0000000,FALSO,VERDADEIRO
PR059000,Real Property / Sales / NOT Applicable to North America,P0000000,VERDADEIRO,VERDADEIRO
PT200000,Sale of Means of Transport / NOT Applicable to North America,P0000000,VERDADEIRO,VERDADEIRO
ST061000,Landline Telephone Service / Commercial / NOT Applicable to North America,S0000000,FALSO,VERDADEIRO
ST148200,Road Tolls / NOT Applicable to North America,P0000000,FALSO,VERDADEIRO
OE100000,Entertainment Expenses / NOT Applicable to North America,O0000000,FALSO,VERDADEIRO
PB0010517,Product / Consumer Electronics / Portable Electronics / Personal Devices / Cellular or Mobile Phone / NOT Applicable to North America,P0000000,VERDADEIRO,VERDADEIRO
PA400000,Aircraft / NOT Applicable to North America,P0000000,VERDADEIRO,VERDADEIRO
PA050700,Gifts Provided Free of Charge / NOT Applicable to North America,P0000000,VERDADEIRO,VERDADEIRO
PP300000,Platinum Articles / NOT Applicable to North America,P0000000,VERDADEIRO,VERDADEIRO
ST062000,Landline Telephone Service / Residential / NOT Applicable to North America,S0000000,FALSO,VERDADEIRO
OD010300,Discounts on TPP,OD010000,VERDADEIRO,VERDADEIRO
SL090200,Lodging accommodations,,FALSO,VERDADEIRO
PA0010000,Prepared Food / Intended for Immediate Consumption,,VERDADEIRO,VERDADEIRO
PA0010100,Prepared Food / Bakery / Seller Prepared / Intended for Immediate Consumption,PA0010000,VERDADEIRO,VERDADEIRO
OF100101,Small Cart Fee,O0000000,FALSO,VERDADEIRO
OF100100,Order Processing Fee,O0000000,FALSO,VERDADEIRO
OF100110,Order Processing Fee Related to Sale of Prepared Food,O0000000,FALSO,VERDADEIRO
P0000000,Tangible Personal Property (TPP),,VERDADEIRO,VERDADEIRO
PS160900,Smoking Device,P0000000,VERDADEIRO,VERDADEIRO
PC180001,Christmas Trees / Natural,P0000000,VERDADEIRO,VERDADEIRO
DA060000,Digital Goods / Audio Books,DA051011,FALSO,VERDADEIRO
PB002001,Product / Consumer Electronics / Video Game Controllers,P0000000,VERDADEIRO,VERDADEIRO
PT012400,Jigsaw Puzzles,P0000000,VERDADEIRO,VERDADEIRO
PC180000,Christmas Trees / Artificial,P0000000,VERDADEIRO,VERDADEIRO
PB002000,Product / Consumer Electronics / Video Game Consoles,P0000000,VERDADEIRO,VERDADEIRO
PA028802,Cut Flowers / Sold by Retailer,,VERDADEIRO,VERDADEIRO
PA028803,Cut Flowers / Sold by Producer,P0000000,VERDADEIRO,VERDADEIRO
60020,Conference bridging service,,VERDADEIRO,FALSO
60030,Detailed telecommunications billing service,,VERDADEIRO,FALSO
61020,International Telecommunications Service,,VERDADEIRO,FALSO
61030,International 800 service,,VERDADEIRO,FALSO
61050,International fixed wireless service,,VERDADEIRO,FALSO
61070,International paging service,,VERDADEIRO,FALSO
61120,International residential telecommunications service,,VERDADEIRO,FALSO
61130,Interstate 800 service,,VERDADEIRO,FALSO
61200,Interstate private communications service,,VERDADEIRO,FALSO
61220,Interstate residential telecommunications service,,VERDADEIRO,FALSO
61230,Intrastate 800 service,,VERDADEIRO,FALSO
61250,Intrastate fixed wireless service,,VERDADEIRO,FALSO
61260,Intrastate mobile wireless service,,VERDADEIRO,FALSO
61280,Intrastate prepaid calling service,,VERDADEIRO,FALSO
61340,Pay telephone service,,VERDADEIRO,FALSO
10070,Telecommunication nonrecurring charges,,VERDADEIRO,FALSO
60040,Directory assistance,,VERDADEIRO,FALSO
61040,International 900 service,,VERDADEIRO,FALSO
61080,International prepaid calling service,,VERDADEIRO,FALSO
61090,International prepaid wireless calling service,,VERDADEIRO,FALSO
61110,International value-added non-voice data service,,VERDADEIRO,FALSO
61140,Interstate 900 service,,VERDADEIRO,FALSO
61150,Interstate fixed wireless service,,VERDADEIRO,FALSO
61210,Interstate value-added non-voice data service,,VERDADEIRO,FALSO
61240,Intrastate 900 service,,VERDADEIRO,FALSO
61270,Intrastate paging service,,VERDADEIRO,FALSO
61290,Intrastate prepaid wireless calling service,,VERDADEIRO,FALSO
61310,Intrastate value-added non-voice data service,,VERDADEIRO,FALSO
61350,Local Service as defined by _________________(state),,VERDADEIRO,FALSO
60060,Inactive SST SKUs: Voice mail service,,VERDADEIRO,FALSO
PF030011,Gun Safes,,VERDADEIRO,VERDADEIRO
60010,Ancillary Services,,VERDADEIRO,FALSO
60050,Vertical service,,VERDADEIRO,FALSO
61000,Intrastate Telecommunications Service,,VERDADEIRO,FALSO
61010,Interstate Telecommunications Service,,VERDADEIRO,FALSO
61060,International mobile wireless service,,VERDADEIRO,FALSO
61100,International private communications service,,VERDADEIRO,FALSO
61160,Interstate mobile wireless service,,VERDADEIRO,FALSO
61190,Interstate prepaid wireless calling service,,VERDADEIRO,FALSO
61300,Intrastate private communications service,,VERDADEIRO,FALSO
61320,Intrastate residential telecommunications service,,VERDADEIRO,FALSO
61330,Coin-operated telephone service,,VERDADEIRO,FALSO
61170,Inactive SST SKUs: Interstate paging service,,VERDADEIRO,FALSO
61180,Inactive SST SKUs: Interstate prepaid calling service,,VERDADEIRO,FALSO
61325,Paging service,,FALSO,FALSO
PF030020,Gun Display Cabinet or Container / Glass Faced,P0000000,VERDADEIRO,VERDADEIRO
PC031147,Costumes / Business-To-Business / Includes Capes and Robes / Dress Up / Toy Cowboy Hats / Santa and Witches Hats Without Hair / Children's / Ages 5 Years or Less,P0000000,VERDADEIRO,VERDADEIRO
PF030030,Gun Storage / Not a Safe and Not Glass Faced,P0000000,VERDADEIRO,FALSO
PC041147,Costumes / Business-To-Customer / Includes Capes and Robes / Dress Up / Toy Cowboy Hats / Santa and Witches Hats Without Hair / Children's / Ages 5 Years or Less,P0000000,VERDADEIRO,VERDADEIRO
PR060250,Rental or Lease / Operating Lease / Audio-Visual (AV) Media / Physical Format,,VERDADEIRO,VERDADEIRO
OC030000,Coupons / Third-Party,O0000000,FALSO,VERDADEIRO
SW110000,Warehousing,S0000000,FALSO,VERDADEIRO
SW117210,Warehouse storage / Storage of property not held for sale,SW110000,FALSO,VERDADEIRO
PF030650,Firearm Precursor Parts,P0000000,VERDADEIRO,VERDADEIRO
PP052405,Pet / Veterinary Drugs / Prescription Only / Not Sold as Part of Treatment,,VERDADEIRO,VERDADEIRO
PP052403,Pet / Veterinary Drugs / Prescription Only / Sold as Part of Treatment / Not Administered by Veterinarian,,VERDADEIRO,VERDADEIRO
PP052404,Pet / Veterinary Drugs / Over-the-Counter / Sold as Part of Treatment / Not Administered by Veterinarian,,VERDADEIRO,VERDADEIRO
PP052406,Pet / Veterinary Drugs / Over-the-Counter / Not Sold as Part of Treatment,,VERDADEIRO,VERDADEIRO
PP052401,Pet / Veterinary Drugs / Prescription Only / Sold as Part of Treatment / Partially Administered by Veterinarian,,VERDADEIRO,VERDADEIRO
PP052402,Pet / Veterinary Drugs / Over-the-Counter / Sold as Part of Treatment / Partially Administered by Veterinarian,,VERDADEIRO,VERDADEIRO
SF010000,Fabrication Services / Buyer Provides Raw Materials / Item Is Not Installed Into Real Property,S0000000,FALSO,VERDADEIRO
SF010001,Fabrication Services / Fabricator Provides Raw Materials / Item Is Not Installed Into Real Property,,VERDADEIRO,VERDADEIRO
PH403322,Irrigation Solution / Requires Prescription / Sold to Medical Facility,,VERDADEIRO,VERDADEIRO
PH403330,IV Solution / Not Saline / Requires Prescription / Sold to Medical Facility,,VERDADEIRO,VERDADEIRO
PH403362,IV Solution / Saline / Requires Prescription / Sold to Medical Facility,,VERDADEIRO,VERDADEIRO
PE020100,Titled Equipment / Equipment sold or rented where the seller or dealer is required to license the unit in the tax jurisdiction / Excludes Vehicles,P0000000,VERDADEIRO,VERDADEIRO
PF120011,Food sold without eating utensils provided by the seller that ordinarily requires cooking (as opposed to just reheating) by the consumer prior to consumption,,VERDADEIRO,FALSO
SS046330,Background Checks,SS040000,FALSO,VERDADEIRO
PF030680,Firearm Cleaning Kits,,VERDADEIRO,VERDADEIRO
SG051010,Gratuity / Voluntary / Separately Stated / Distributed to Employee,S0000000,FALSO,VERDADEIRO
SG051011,Gratuity / Mandatory / Separately Stated / Distributed to Employee,S0000000,FALSO,VERDADEIRO
PF030675,Firearm Accessories / Excludes Cleaning Kits,,VERDADEIRO,VERDADEIRO
SG051012,Gratuity / Mandatory / Separately Stated / Employer Retains a Portion,S0000000,FALSO,VERDADEIRO
PG050715,Prepaid Game Download Cards,PG050000,VERDADEIRO,VERDADEIRO
SC150201,Construction Services / Commercial Real Property / Remodel / Time and Materials Contract / Amount Attributable to Materials / Does Not Result in Capital Improvement,S0000000,FALSO,VERDADEIRO
SC150206,Construction Services / Commercial Real Property / Remodel / Time and Materials Contract / Amount Attributable to Materials / Results in Capital Improvement,S0000000,FALSO,VERDADEIRO
SC150307,Construction Services / Commercial Real Property / New Construction / Time and Materials Contract / Amount Attributable to Labor,S0000000,FALSO,VERDADEIRO
PB150322,Building Materials / Lumber and Engineered Wood Products / Commercial Real Property / Purchase or Inventory Withdrawal / New Construction / Lump Sum Contract,P0000000,VERDADEIRO,VERDADEIRO
PB150323,Building Materials / Lumber and Engineered Wood Products / Commercial Real Property / Purchase or Inventory Withdrawal / Remodel / Lump Sum Contract / Results in Capital Improvement,P0000000,VERDADEIRO,VERDADEIRO
SC150308,Construction Services / Commercial Real Property / New Construction / Time and Materials Contract / Amount Attributable to Materials,S0000000,FALSO,VERDADEIRO
PB150610,Building Materials / Excludes Lumber and Engineered Wood Products / Residential Real Property / Purchase or Inventory Withdrawal / New Construction / Time & Materials Contract,P0000000,VERDADEIRO,VERDADEIRO
PB150614,Building Materials / Excludes Lumber and Engineered Wood Products / Residential Real Property / Purchase or Inventory Withdrawal / New Construction / Lump Sum Contract,P0000000,VERDADEIRO,VERDADEIRO
SC150608,Construction Services / Residential Real Property / Remodel / Time and Materials Contract / Amount Attributable to Materials / Results in Capital Improvement,S0000000,FALSO,VERDADEIRO
PB150320,Building Materials / Lumber and Engineered Wood Products / Commercial Real Property / Purchase or Inventory Withdrawal / Remodel / Time & Materials Contract / Does Not Result in Capital Improvement,,VERDADEIRO,VERDADEIRO
PB150313,Building Materials / Excludes Lumber and Engineered Wood Products / Commercial Real Property / Purchase or Inventory Withdrawal / Repair / Time & Materials Contract / Does Not Result in Capital Improvement,P0000000,VERDADEIRO,VERDADEIRO
PB150325,Building Materials / Lumber and Engineered Wood Products / Commercial Real Property / Purchase or Inventory Withdrawal / Repair / Lump Sum Contract / Does Not Result in Capital Improvement,P0000000,VERDADEIRO,VERDADEIRO
PB150321,Building Materials / Lumber and Engineered Wood Products / Commercial Real Property / Purchase or Inventory Withdrawal / Repair / Time & Materials Contract / Does Not Result in Capital Improvement,P0000000,VERDADEIRO,VERDADEIRO
PB150311,Building Materials / Excludes Lumber and Engineered Wood Products / Commercial Real Property / Purchase or Inventory Withdrawal / Remodel / Time & Materials Contract / Results in Capital Improvement,P0000000,VERDADEIRO,VERDADEIRO
PB150621,Building Materials / Lumber and Engineered Wood Products / Residential Real Property / Purchase or Inventory Withdrawal / Repair / Time & Materials Contract / Does Not Result in Capital Improvement,P0000000,VERDADEIRO,VERDADEIRO
SC150609,Construction Services / Residential Real Property / Remodel / Time and Materials Contract / Amount Attributable to Materials / Does Not Result in Capital Improvement,S0000000,FALSO,VERDADEIRO
SC150606,Construction Services / Residential Real Property / New Construction / Time and Materials Contract / Amount Attributable to Labor,S0000000,FALSO,VERDADEIRO
PB150620,Building Materials / Lumber and Engineered Wood Products / Residential Real Property / Purchase or Inventory Withdrawal / Remodel / Time & Materials Contract / Does Not Result in Capital Improvement,P0000000,VERDADEIRO,VERDADEIRO
SC150311,Construction Services / Commercial Real Property / Repair / Time and Materials Contract / Amount Attributable to Materials / Does Not Result in Capital Improvement,S0000000,FALSO,VERDADEIRO
PB150624,Building Materials / Lumber and Engineered Wood Products / Residential Real Property / Purchase or Inventory Withdrawal / Remodel / Lump Sum Contract / Does Not Result in Capital Improvement,P0000000,VERDADEIRO,VERDADEIRO
PB150312,Building Materials / Excludes Lumber and Engineered Wood Products / Commercial Real Property / Purchase or Inventory Withdrawal / Remodel / Time & Materials Contract / Does Not Result in Capital Improvement,P0000000,VERDADEIRO,VERDADEIRO
PB150314,Building Materials / Excludes Lumber and Engineered Wood Products / Commercial Real Property / Purchase or Inventory Withdrawal / New Construction / Lump Sum Contract,P0000000,VERDADEIRO,VERDADEIRO
SC150310,Construction Services / Commercial Real Property / Repair / Time and Materials Contract / Amount Attributable to Materials / Results in Capital Improvement,S0000000,FALSO,VERDADEIRO
PB150615,Building Materials / Excludes Lumber and Engineered Wood Products / Residential Real Property / Purchase or Inventory Withdrawal / Remodel / Lump Sum Contract / Results in Capital Improvement,P0000000,VERDADEIRO,VERDADEIRO
PB150309,Building Materials / Purchase for Inventory,P0000000,VERDADEIRO,VERDADEIRO
PB150616,Building Materials / Excludes Lumber and Engineered Wood Products / Residential Real Property / Purchase or Inventory Withdrawal / Remodel / Lump Sum Contract / Does Not Result in Capital Improvement,S0000000,FALSO,VERDADEIRO
PB150317,Building Materials / Excludes Lumber and Engineered Wood Products / Commercial Real Property / Purchase or Inventory Withdrawal / Repair / Lump Sum Contract / Does Not Result in Capital Improvement,P0000000,VERDADEIRO,VERDADEIRO
PB150319,Building Materials / Lumber and Engineered Wood Products / Commercial Real Property / Purchase or Inventory Withdrawal / Remodel / Time & Materials Contract / Results in Capital Improvement,P0000000,VERDADEIRO,VERDADEIRO
PB150617,Building Materials / Excludes Lumber and Engineered Wood Products / Residential Real Property / Purchase or Inventory Withdrawal / Repair / Lump Sum Contract / Does Not Result in Capital Improvement,P0000000,VERDADEIRO,VERDADEIRO
PB150310,Building Materials / Excludes Lumber and Engineered Wood Products / Commercial Real Property / Purchase or Inventory Withdrawal / New Construction / Time & Materials Contract,P0000000,VERDADEIRO,VERDADEIRO
PB150612,Building Materials / Excludes Lumber and Engineered Wood Products / Residential Real Property / Purchase or Inventory Withdrawal / Remodel / Time & Materials Contract / Does Not Result in Capital Improvement,P0000000,VERDADEIRO,VERDADEIRO
SA080002,Health / Fitness Club Membership Fees / Does Not Include Access to Tanning Beds,S0000000,FALSO,VERDADEIRO
PB150613,Building Materials / Excludes Lumber and Engineered Wood Products / Residential Real Property / Purchase or Inventory Withdrawal / Repair / Time & Materials Contract / Does Not Result in Capital Improvement,P0000000,VERDADEIRO,VERDADEIRO
PB150316,Building Materials / Excludes Lumber and Engineered Wood Products / Commercial Real Property / Purchase or Inventory Withdrawal / Remodel / Lump Sum Contract / Does Not Result in Capital Improvement,P0000000,VERDADEIRO,VERDADEIRO
PB150611,Building Materials / Excludes Lumber and Engineered Wood Products / Residential Real Property / Purchase or Inventory Withdrawal / Remodel / Time & Materials Contract / Results in Capital Improvement,P0000000,VERDADEIRO,VERDADEIRO
PB150618,Building Materials / Lumber and Engineered Wood Products / Residential Real Property / Purchase or Inventory Withdrawal / New Construction / Time & Materials Contract,P0000000,VERDADEIRO,VERDADEIRO
PB150619,Building Materials / Lumber and Engineered Wood Products / Residential Real Property / Purchase or Inventory Withdrawal / Remodel / Time & Materials Contract / Results in Capital Improvement,P0000000,VERDADEIRO,VERDADEIRO
SC150610,Construction Services / Residential Real Property / Repair / Time and Materials Contract / Amount Attributable to Materials / Results in Capital Improvement,S0000000,FALSO,VERDADEIRO
PB150318,Building Materials / Lumber and Engineered Wood Products / Commercial Real Property / Purchase or Inventory Withdrawal / New Construction / Time & Materials Contract,P0000000,VERDADEIRO,VERDADEIRO
SC150611,Construction Services / Residential Real Property / Repair / Time and Materials Contract / Amount Attributable to Materials / Does Not Result in Capital Improvement,S0000000,FALSO,VERDADEIRO
PB150315,Building Materials / Excludes Lumber and Engineered Wood Products / Commercial Real Property / Purchase or Inventory Withdrawal / Remodel / Lump Sum Contract / Results in Capital Improvement,P0000000,VERDADEIRO,VERDADEIRO
SC150607,Construction Services / Residential Real Property / New Construction / Time and Materials Contract / Amount Attributable to Materials,S0000000,FALSO,VERDADEIRO
PB150623,Building Materials / Lumber and Engineered Wood Products / Residential Real Property / Purchase or Inventory Withdrawal / Remodel / Lump Sum Contract / Results in Capital Improvement,P0000000,VERDADEIRO,VERDADEIRO
PB150324,Building Materials / Lumber and Engineered Wood Products / Commercial Real Property / Purchase or Inventory Withdrawal / Remodel / Lump Sum Contract / Does Not Result in Capital Improvement,P0000000,VERDADEIRO,VERDADEIRO
PB150625,Building Materials / Lumber and Engineered Wood Products / Residential Real Property / Purchase or Inventory Withdrawal / Repair / Lump Sum Contract / Does Not Result in Capital Improvement,P0000000,VERDADEIRO,VERDADEIRO
PB150622,Building Materials / Lumber and Engineered Wood Products / Residential Real Property / Purchase or Inventory Withdrawal / New Construction / Lump Sum Contract,P0000000,VERDADEIRO,VERDADEIRO
SA080001,Health / Fitness Club Membership Fees / Includes Access to Tanning Beds,S0000000,FALSO,VERDADEIRO
PF030600,Firearms,,VERDADEIRO,VERDADEIRO
PF030900,Ammunition,,VERDADEIRO,VERDADEIRO
PF030604,Firearm / Shotgun,,VERDADEIRO,VERDADEIRO
PF030601,Firearm / Pistol,,VERDADEIRO,VERDADEIRO
PF030602,Firearm / Revolver,,VERDADEIRO,VERDADEIRO
PF030603,Firearm / Rifle,,VERDADEIRO,VERDADEIRO
PB0010600,Product / Consumer Electronics / Portable Electronics / Other Covered Battery-Embedded Electronics,,VERDADEIRO,VERDADEIRO
PH400795,Oral healthcare products for human use that are over-the-counter drugs for human use sold to other than an individual,,VERDADEIRO,FALSO
PH400790,Oral healthcare products for human use sold to individuals for personal use without a prescription,,VERDADEIRO,FALSO
PH400792,Oral healthcare products for human use sold to other than an individual,,VERDADEIRO,FALSO
PH400791,Oral healthcare products for human use sold to individuals for personal use with a prescription,,VERDADEIRO,FALSO
PH400796,Oral healthcare products for human use that are not over-the-counter drugs for human use sold to an individual for personal use without a prescription,,VERDADEIRO,FALSO
PH400797,Oral healthcare products for human use that are not over-the-counter drugs for human use sold to an individual for personal use with a prescription,,VERDADEIRO,FALSO
PH400794,Oral healthcare products for human use that are over-the-counter drugs for human use sold to an individual for personal use with a prescription,,VERDADEIRO,FALSO
PH400793,Oral healthcare products for human use that are over-the-counter drugs for human use sold to an individual for personal use without a prescription,,VERDADEIRO,FALSO
PH400798,Oral healthcare products for human use that are not over-the-counter drugs for human use sold to other than an individual,,VERDADEIRO,FALSO
PV050314,Lotions / Non-Medicated / Animal Use / Sale to Veterinarian,P0000000,VERDADEIRO,VERDADEIRO
PV050110,Drugs for Animal Use / Over-the-Counter / Sale to Veterinarian,P0000000,VERDADEIRO,VERDADEIRO
PV050270,Medical Supplies / Disposable / Animal Use / Sale to Veterinarian,P0000000,VERDADEIRO,VERDADEIRO
PV050291,Test Kit / Not Blood or Urine / Animal Use / Sale to Veterinarian,P0000000,VERDADEIRO,VERDADEIRO
PV050190,Blood Products / Animal Use / Sale to Veterinarian,P0000000,VERDADEIRO,VERDADEIRO
PV050220,Catheter / Urinary / Animal Use / Sale to Veterinarian,P0000000,VERDADEIRO,VERDADEIRO
PV050320,Anti-Bacterial Soaps and Hand Sanitizers / Includes Drug Facts Label / Sale to Veterinarian,P0000000,VERDADEIRO,VERDADEIRO
PV050315,Shampoos and Conditioners / Medicated / Animal Use / Sale to Veterinarian,P0000000,VERDADEIRO,VERDADEIRO
PV050120,Animal Food / Non-Prescription / Sale to Veterinarian,P0000000,VERDADEIRO,VERDADEIRO
PV050313,Lotions / Medicated / Animal Use / Sale to Veterinarian,P0000000,VERDADEIRO,VERDADEIRO
PV050170,Blood Collection Sets / Animal Use / Sale to Veterinarian,P0000000,VERDADEIRO,VERDADEIRO
PV050240,Equipment / Medical / Animal Use / Sale to Veterinarian,P0000000,VERDADEIRO,VERDADEIRO
PV050281,Syringes / Oral / Animal Use / Sale to Veterinarian,P0000000,VERDADEIRO,VERDADEIRO
PV050111,Drugs for Animal Use / Prescription Only / Sale to Veterinarian,P0000000,VERDADEIRO,VERDADEIRO
PV050210,Catheter / IV / Animal Use / Sale to Veterinarian,P0000000,VERDADEIRO,VERDADEIRO
PV050260,Needles / Disposable / Animal Use / Sale to Veterinarian,P0000000,VERDADEIRO,VERDADEIRO
PV050316,Shampoos and Conditioners / Non-Medicated / Animal Use / Sale to Veterinarian,P0000000,VERDADEIRO,VERDADEIRO
PV050152,Sutures / Animal Use / Sale to Veterinarian,P0000000,VERDADEIRO,VERDADEIRO
PV050280,Syringes / Hypodermic / Animal Use / Sale to Veterinarian,P0000000,VERDADEIRO,VERDADEIRO
PV050230,Feeding Tubes / Animal Use / Sale to Veterinarian,P0000000,VERDADEIRO,VERDADEIRO
PV050330,Eyewear / Protective / Sale to Veterinarian,P0000000,VERDADEIRO,VERDADEIRO
PV050340,"Gloves / Surgical, Exam, and Chemical / Sale to Veterinarian",P0000000,VERDADEIRO,VERDADEIRO
PV050130,"Flea, Tick, or Pest Treatment / Animal Use / Sale to Veterinarian",P0000000,VERDADEIRO,VERDADEIRO
PV050160,Cast Materials / Animal Use / Sale to Veterinarian,P0000000,VERDADEIRO,VERDADEIRO
PV050151,Liquid Wound Closure / Animal Use / Sale to Veterinarian,P0000000,VERDADEIRO,VERDADEIRO
PV050317,Toothpaste / Animal Use / Sale to Veterinarian,P0000000,VERDADEIRO,VERDADEIRO
PV050350,Surgical Masks / Disposable / Sale to Veterinarian,P0000000,VERDADEIRO,VERDADEIRO
PV050251,Instrument / Surgical and Medical / Reusable / Animal Use / Sale to Veterinarian,P0000000,VERDADEIRO,VERDADEIRO
PV050250,Instrument / Surgical and Medical / Disposable / Animal Use / Sale to Veterinarian,P0000000,VERDADEIRO,VERDADEIRO
PV050121,Animal Food / Prescription / Sale to Veterinarian,P0000000,VERDADEIRO,VERDADEIRO
PV050122,Dietary Supplement for Animal Use / Over-the-Counter / Sale to Veterinarian,P0000000,VERDADEIRO,VERDADEIRO
PV050150,Bandages and Dressings / Non-Medicated / Disposable / Animal Use / Sale to Veterinarian,P0000000,VERDADEIRO,VERDADEIRO
PV050311,Cleansers / Medicated / Animal Use / Sale to Veterinarian,P0000000,VERDADEIRO,VERDADEIRO
PV050180,Blood Lancet / Animal Use / Sale to Veterinarian,P0000000,VERDADEIRO,VERDADEIRO
PV050290,Test Kit / Blood and Urine / Animal Use / Sale to Veterinarian,P0000000,VERDADEIRO,VERDADEIRO
PV050312,Cleansers / Non-Medicated / Animal Use / Sale to Veterinarian,P0000000,VERDADEIRO,VERDADEIRO
PV050300,Thermometer / Animal Use / Sale to Veterinarian,P0000000,VERDADEIRO,VERDADEIRO
PV050200,Bottles and Nipples / Animal Use / Sale to Veterinarian,P0000000,VERDADEIRO,VERDADEIRO
SB020003,Mortgage Intermediation and Brokerage Services / NOT Applicable to North America,,FALSO,VERDADEIRO
SB020002,Insurance Intermediation Services / Non-Life Insurance / NOT Applicable to North America,,FALSO,VERDADEIRO
SB020004,Loan Servicing and Credit Administration Services / NOT Applicable to North America,,FALSO,VERDADEIRO
SB020001,Insurance Intermediation Services / Life Insurance / NOT Applicable to North America,,FALSO,VERDADEIRO
PF050065,Food / Baby Formula / Liquids and Powders,P0000000,VERDADEIRO,VERDADEIRO
SW052010,"Implementation Services - hosted software, server not in the state, performed remotely",,FALSO,VERDADEIRO
SW052020,"Implementation Services - hosted software, server not in the state, performed on-site",,FALSO,VERDADEIRO
SW052201,"Computer Software Maintenance (canned) - optional (hosted software) - services only (remote support), server not in the state",,FALSO,VERDADEIRO
SW052202,"Computer Software Maintenance (canned) - optional (hosted software) - updates & services, server not in the state",,FALSO,VERDADEIRO
SW052301,"Computer Software Maintenance (canned) - mandatory (hosted software) - services only (remote support), server not in the state",,FALSO,VERDADEIRO
SW052302,"Computer Software Maintenance (canned) - mandatory (hosted software) - updates & services, server not in the state",,FALSO,VERDADEIRO
SW052011,"Implementation Services - hosted software, server not in the state, performed remotely - for business use",,FALSO,VERDADEIRO
SW052203,Optional software maintenance agreement (hosted software) - services only (remote) - for business use,,FALSO,VERDADEIRO
SW052303,Mandatory software maintenance agreement (hosted software) - services only (remote) - for business use,,FALSO,VERDADEIRO
SW052021,"Implementation Services - hosted software, server not in the state, performed on-site - for business use",,FALSO,VERDADEIRO
SW052204,Optional software maintenance agreement (hosted software) - updates and services - for business use,,FALSO,VERDADEIRO
SW052304,Mandatory software maintenance agreement (hosted software) - updates and services - for business use,,FALSO,VERDADEIRO
SW052040,ASP / Installation or Set-Up Fees / Separately Stated on Invoices / Individual Use,,FALSO,VERDADEIRO
SW052041,ASP / Installation or Set-Up Fees / Separately Stated on Invoices / Business Use,,FALSO,VERDADEIRO
PH400850,Bug or Insect Repellent / EPA Registered,,VERDADEIRO,VERDADEIRO
PF051980,Beverage / Nutrition Label / Kombucha Tea / Added Sweetener / Naturally Carbonated / Ready to Drink (RTD) / Less Than 0.5% ABV (Alcohol),,VERDADEIRO,VERDADEIRO
PF051981,Beverage / Nutrition Label / Kombucha Tea / No Added Sweetener / Naturally Carbonated / Ready to Drink (RTD) / Less Than 0.5% ABV (Alcohol),,VERDADEIRO,VERDADEIRO
PF051984,Beverage / Nutrition Label / Kombucha Tea / Added Sweetener / Added Carbonation / Ready to Drink (RTD) / 0.0% ABV (Alcohol),,VERDADEIRO,VERDADEIRO
PF051985,Beverage / Nutrition Label / Kombucha Tea / No Added Sweetener / Added Carbonation / Ready to Drink (RTD) / 0.0% ABV (Alcohol),,VERDADEIRO,VERDADEIRO
PF051983,Beverage / Nutrition Label / Kombucha Tea / No Added Sweetener / Naturally Carbonated / Ready to Drink (RTD) / 0.0% ABV (Alcohol),,VERDADEIRO,VERDADEIRO
PF051982,Beverage / Nutrition Label / Kombucha Tea / Added Sweetener / Naturally Carbonated / Ready to Drink (RTD) / 0.0% ABV (Alcohol),,VERDADEIRO,VERDADEIRO
PF051988,Beverage / Nutrition Label / Kombucha Tea / No Added Sweetener / Added Carbonation / Ready to Drink (RTD) / Less Than 0.5% ABV (Alcohol),,VERDADEIRO,VERDADEIRO
PF051987,Beverage / Nutrition Label / Kombucha Tea / Added Sweetener / Added Carbonation / Ready to Drink (RTD) / Less Than 0.5% ABV (Alcohol),,VERDADEIRO,VERDADEIRO
PA020114,Agricultural Plants / Cereals / NOT Applicable to North America,PA020111,VERDADEIRO,VERDADEIRO
PA020115,Agricultural Plants / Oil Seeds / NOT Applicable to North America,PA020111,VERDADEIRO,VERDADEIRO
PA020116,Agricultural Plants / Sugar Beet / NOT Applicable to North America,PA020111,VERDADEIRO,VERDADEIRO
PA020117,Agricultural Plants / Other Industrial Crops / NOT Applicable to North America,PA020111,VERDADEIRO,VERDADEIRO
PF190301,Green Energy Certificates / NOT Applicable to North America,SE110100,VERDADEIRO,VERDADEIRO
PF190302,Electricity Supplies / Taxable Dealer / NOT Applicable to North America,SE110100,VERDADEIRO,VERDADEIRO
PF190303,Electricity Certificates / NOT Applicable to North America,SE110100,VERDADEIRO,VERDADEIRO
PA070000,Goods Sold Under Retention-of-Title Repossession / NOT Applicable to North America,,VERDADEIRO,VERDADEIRO
SG017301,Scrap and Industrial Waste Services / NOT Applicable to North America,SG017300,FALSO,VERDADEIRO
SC165200,Services Related to Immovable Property / Construction Work / Cleaning / NOT Applicable to North America,SC165000,FALSO,VERDADEIRO
PM070020,Metals / Iron and Steel Products / NOT Applicable to North America,PM070000,VERDADEIRO,VERDADEIRO
SC165400,Services Related to Immovable Property / Construction Work / Alteration / NOT Applicable to North America,SC165000,FALSO,VERDADEIRO
SC165301,Services Related to Immovable Property / Construction Work / Maintenance / Subcontracting Scheme / NOT Applicable to North America,SC165300,FALSO,VERDADEIRO
PR059400,Supply of Construction Works / Sold as Goods / NOT Applicable to North America,PR059000,VERDADEIRO,VERDADEIRO
SC165600,Supply of Construction Works / Sold as Services / NOT Applicable to North America,SC165000,FALSO,VERDADEIRO
PF190250,Natural Gas Supplies / Taxable Dealer / NOT Applicable to North America,PF190246,VERDADEIRO,VERDADEIRO
SC165300,Services Related to Immovable Property / Construction Work / Maintenance / NOT Applicable to North America,SC165000,FALSO,VERDADEIRO
SC165401,Services Related to Immovable Property / Construction Work / Alteration / Subcontracting Scheme / NOT Applicable to North America,SC165400,FALSO,VERDADEIRO
PA060000,Goods Provided as Security (Collateral) / NOT Applicable to North America,,VERDADEIRO,VERDADEIRO
SC165201,Services Related to Immovable Property / Construction Work / Cleaning / Subcontracting Scheme / NOT Applicable to North America,SC165200,FALSO,VERDADEIRO
SC165501,Services Related to Immovable Property / Construction Work / Demolition / Subcontracting Scheme / NOT Applicable to North America,SC165500,FALSO,VERDADEIRO
SC165701,Supply of Staff / Construction Services / Subcontracting Scheme / NOT Applicable to North America,SC165700,FALSO,VERDADEIRO
PC080201,Integrated Circuit Devices / NOT Applicable to North America,PC080200,VERDADEIRO,VERDADEIRO
PM070001,Metals / Raw and Semi-Finished / Gold / NOT Applicable to North America,PM070000,VERDADEIRO,VERDADEIRO
SC165100,Services Related to Immovable Property / Construction Work / Repair / NOT Applicable to North America,SC165000,FALSO,VERDADEIRO
PM070000,Metals / Raw and Semi-Finished / NOT Applicable to North America,,VERDADEIRO,VERDADEIRO
SC165101,Services Related to Immovable Property / Construction Work / Repair / Subcontracting Scheme / NOT Applicable to North America,SC165100,FALSO,VERDADEIRO
SC165700,Supply of Staff / Construction Services / NOT Applicable to North America,SC165000,FALSO,VERDADEIRO
PR059100,Supply of Immovable Property / Building and Land / NOT Applicable to North America,PR059000,VERDADEIRO,VERDADEIRO
PA080000,Carbon Emission Allowances / NOT Applicable to North America,,VERDADEIRO,VERDADEIRO
PS170001,Scrap and Industrial Waste / Scrap Metal / NOT Applicable to North America,PS170000,VERDADEIRO,VERDADEIRO
SC165500,Services Related to Immovable Property / Construction Work / Demolition / NOT Applicable to North America,SC165000,FALSO,VERDADEIRO
PR059200,Supply of Immovable Property / Land / NOT Applicable to North America,PR059000,VERDADEIRO,VERDADEIRO
PF190260,Natural Gas Certificates / NOT Applicable to North America,PF190246,VERDADEIRO,VERDADEIRO
PS170000,Scrap and Industrial Waste / NOT Applicable to North America,,VERDADEIRO,VERDADEIRO
PR059300,Supply of Immovable Property / Sold by Judgment Debtor / NOT Applicable to North America,SC165000,VERDADEIRO,VERDADEIRO
PH400851,Bug or Insect Repellent / Non-EPA Registered,,VERDADEIRO,VERDADEIRO
PC020599,"Clothing and related products - Childrens Bicycle Helmet, described/labeled/marketed for children 11 and under",PC020598,VERDADEIRO,VERDADEIRO
PA3000350,Automotive Parts / Core Charge (Refundable) / Excludes Batteries,,VERDADEIRO,VERDADEIRO
PR060302,Rental or Lease / Operating Lease / Heavy Equipment Without an Operator / 365 Days or More,,VERDADEIRO,VERDADEIRO
PR060301,"Rental or Lease / Operating Lease / Heavy Equipment Without an Operator / 30 to 364 Days, or Open-Ended",,VERDADEIRO,VERDADEIRO
